name,rate,rnk,median_earn
Catholic International University,1.0,17.0,
Shasta Bible College and Graduate School,1.0,17.0,28891.0
Centra College,1.0,17.0,60122.0
Women's Institute of Torah Seminary and College,1.0,17.0,
Gnomon,1.0,17.0,114785.0
Millennia Atlantic University,1.0,17.0,
Grace Mission University,1.0,17.0,
Yeshivath Beth Moshe,1.0,17.0,
Lincoln University,1.0,17.0,53695.0
St. John Vianney College Seminary,1.0,17.0,
Grace School of Theology,1.0,17.0,
Chamberlain University-Virginia,1.0,17.0,92405.0
Chamberlain University-Michigan,1.0,17.0,92405.0
Polytechnic University of Puerto Rico-Miami,1.0,17.0,47540.0
Carolinas College of Health Sciences,1.0,17.0,64624.0
Laboure College of Healthcare,1.0,17.0,62200.0
St Luke's College,1.0,17.0,61033.0
Ascent College,1.0,17.0,
University of Fort Lauderdale,1.0,17.0,38062.0
Mount Sinai Phillips School of Nursing,1.0,17.0,96980.0
Chamberlain University-Missouri,1.0,17.0,92405.0
Riverside College of Health Sciences,1.0,17.0,66072.0
World Mission University,1.0,17.0,
Messenger College,1.0,17.0,29463.0
Strayer University-Florida,1.0,17.0,40092.0
Divine Word College,1.0,17.0,
Amridge University,1.0,17.0,37621.0
California Career College,1.0,17.0,51684.0
California Northstate University,1.0,17.0,
Pacific States University,1.0,17.0,
American College of Healthcare Sciences,1.0,17.0,
Cox College,1.0,17.0,56867.0
Cleveland University-Kansas City,1.0,17.0,52304.0
Princeton University,0.9761,34.0,110066.0
Harvard University,0.9758,35.0,101817.0
InterCoast Colleges-West Covina,0.9712,36.0,36089.0
Duke University,0.9678,37.0,97800.0
University of Pennsylvania,0.9654,38.0,111371.0
Massachusetts Institute of Technology,0.9641,39.0,143372.0
Franklin W Olin College of Engineering,0.9639,40.0,129455.0
Curtis Institute of Music,0.9615,41.0,
Columbia University in the City of New York,0.961,42.0,102491.0
University of Chicago,0.9585,43.0,91885.0
Yale University,0.9574,44.0,100533.0
Brown University,0.9569,45.0,93487.0
University of Virginia-Main Campus,0.956,46.0,86863.0
Dartmouth College,0.9554,47.0,97434.0
Cornell University,0.9538,48.0,104043.0
Bowdoin College,0.9528,49.0,82735.0
University of Notre Dame,0.9517,50.0,99980.0
Northwestern University,0.9513,51.0,89363.0
Georgetown University,0.9481,52.0,103494.0
Rice University,0.9464,53.0,89718.0
California Institute of Technology,0.9437,54.0,128566.0
Washington University in St Louis,0.9426,55.0,86182.0
Carnegie Mellon University,0.9413,56.0,114862.0
Georgia Institute of Technology-Main Campus,0.9402,57.0,102772.0
Amherst College,0.939,58.0,77644.0
Washington and Lee University,0.9388,59.0,94810.0
Johns Hopkins University,0.9378,60.0,87555.0
Williams College,0.9361,61.0,88665.0
Vanderbilt University,0.9354,62.0,91565.0
Tufts University,0.9351,63.0,83214.0
Homestead Schools,0.9333,64.0,59398.0
University of Michigan-Ann Arbor,0.932,65.5,83648.0
Pomona College,0.932,65.5,77779.0
Babson College,0.9312,67.0,123938.0
Barnard College,0.9302,68.0,80516.0
United States Naval Academy,0.9294,69.0,
University of California-Berkeley,0.9284,70.0,92446.0
United States Coast Guard Academy,0.9273,71.0,
Wesleyan University,0.9264,72.0,73897.0
University of California-Los Angeles,0.9262,73.0,82511.0
The Juilliard School,0.9256,74.0,37827.0
Angeles College,0.9254,75.0,49108.0
Swarthmore College,0.9227,76.0,80257.0
Stanford University,0.9192,77.0,124080.0
Harvey Mudd College,0.9188,78.0,138687.0
Villanova University,0.9186,79.0,100423.0
University of Southern California,0.9183,80.0,92498.0
Soka University of America,0.9182,81.0,55017.0
Bolivar Technical College,0.9167,82.0,
Wellesley College,0.9153,83.0,84803.0
Middlebury College,0.914,84.0,76310.0
Claremont McKenna College,0.9136,85.0,104736.0
Yeshiva Gedola Tiferes Yerachmiel,0.913,86.0,
Colgate University,0.9117,87.5,85139.0
University of North Carolina at Chapel Hill,0.9117,87.5,72200.0
University of Florida,0.9112,89.0,71588.0
Emory University,0.9109,90.0,80137.0
Vassar College,0.9108,91.0,71366.0
Davidson College,0.9107,92.0,81400.0
Felbry College,0.9091,93.0,
Boston College,0.9083,94.0,103937.0
Hamilton College,0.9063,95.0,78411.0
Northeastern University,0.9054,96.0,92538.0
Jewish Theological Seminary of America,0.9032,97.0,92751.0
Worcester Polytechnic Institute,0.8971,98.5,103470.0
Hillsdale College,0.8971,98.5,
Bates College,0.8969,100.5,69498.0
University of Georgia,0.8969,100.5,68726.0
Haverford College,0.8964,102.0,79966.0
Carleton College,0.896,103.0,75525.0
Bryan University,0.8958,104.0,28725.0
University of Wisconsin-Madison,0.8955,105.0,73792.0
William & Mary,0.8942,106.0,73490.0
Career Networks Institute,0.8929,107.0,45256.0
Wake Forest University,0.8915,108.0,78158.0
Smith College,0.8905,109.0,64027.0
The University of Texas at Austin,0.889,110.0,75121.0
Yeshiva of the Telshe Alumni,0.8889,112.0,
Arizona College of Nursing-Tempe,0.8889,112.0,34657.0
Yeshiva Gedolah Shaarei Shmuel,0.8889,112.0,
Colby College,0.8879,114.0,80490.0
Rhode Island School of Design,0.8877,115.0,68140.0
Boston University,0.8866,116.0,83238.0
University of Maryland-College Park,0.8859,117.0,82860.0
Grinnell College,0.8812,118.0,62830.0
Webb Institute,0.88,119.0,
Santa Clara University,0.8792,120.0,109183.0
Lehigh University,0.8791,121.0,105584.0
Ohio State University-Main Campus,0.8772,122.0,60409.0
Colorado College,0.8766,123.0,65222.0
Lafayette College,0.8759,124.0,91410.0
New York University,0.8757,125.0,82509.0
United States Air Force Academy,0.8751,126.0,
Southeastern College-Boynton Beach,0.875,127.5,41200.0
International Baptist College and Seminary,0.875,127.5,39556.0
College of the Holy Cross,0.8733,129.0,90543.0
Yeshiva Gedolah Keren Hatorah,0.8718,130.0,
Case Western Reserve University,0.8717,131.0,87989.0
Macalester College,0.871,132.0,63878.0
United States Military Academy,0.8706,133.0,
Stevens Institute of Technology,0.8688,134.0,108772.0
University of California-Irvine,0.8687,135.0,80735.0
Bentley University,0.8679,136.0,120959.0
Yeshiva Gedola Tiferes Yaakov Yitzchok,0.8667,137.0,
Clemson University,0.8656,138.0,71513.0
California Polytechnic State University-San Luis Obispo,0.864,139.0,90768.0
Bucknell University,0.8632,140.0,93807.0
Gonzaga University,0.8629,141.0,78892.0
Virginia Polytechnic Institute and State University,0.8622,142.0,81698.0
Tulane University of Louisiana,0.8614,143.0,63268.0
Pennsylvania State University-Main Campus,0.8609,144.0,63435.0
University of California-San Diego,0.8605,145.0,84943.0
Brandeis University,0.8603,146.0,77231.0
CEM College-San Juan,0.859,147.0,21033.0
The College of New Jersey,0.8585,148.0,73323.0
Providence College,0.8582,149.0,87054.0
Daytona College,0.8571,150.0,26422.0
University of California-Davis,0.8567,151.0,80838.0
Florida State University,0.8561,152.0,61675.0
Texas Christian University,0.8551,153.0,68424.0
University of Pittsburgh-Pittsburgh Campus,0.855,154.0,66125.0
University of Rochester,0.8543,155.0,79042.0
University of Minnesota-Twin Cities,0.8528,156.0,69020.0
University of Richmond,0.852,157.0,76178.0
University of Washington-Seattle Campus,0.8518,158.0,78466.0
University of Illinois Urbana-Champaign,0.8513,159.0,81054.0
SUM Bible College and Theological Seminary,0.8481,160.0,35418.0
North Carolina State University at Raleigh,0.8476,161.0,68758.0
Wheaton College,0.8475,162.0,63756.0
University of Florida-Online,0.8468,163.0,71588.0
Rhodes College,0.8453,164.0,66651.0
Miami Regional University,0.8448,165.0,29081.0
Mount Holyoke College,0.8439,166.0,58418.0
Fairfield University,0.843,167.5,88794.0
Thomas Aquinas College,0.843,167.5,55619.0
Southern Methodist University,0.8427,169.0,78354.0
Wofford College,0.842,170.0,68964.0
Elon University,0.8404,171.0,74545.0
St Olaf College,0.84,172.0,65543.0
George Washington University,0.8398,173.0,90873.0
Trinity University,0.8397,174.0,71668.0
Texas A&M University-College Station,0.8391,175.0,72097.0
Franklin and Marshall College,0.8377,176.5,76124.0
Trinity College,0.8377,176.5,90779.0
University of Miami,0.8368,178.0,75328.0
University of San Diego,0.8367,179.0,86522.0
Rutgers University-New Brunswick,0.8363,180.0,74479.0
Rensselaer Polytechnic Institute,0.8362,181.0,102051.0
Syracuse University,0.8361,182.0,79164.0
Pitzer College,0.8339,183.0,69512.0
Creighton University,0.8336,184.0,73911.0
Pepperdine University,0.8335,185.0,82939.0
Sumner College,0.8333,186.5,46639.0
Montessori Education Center of the Rockies,0.8333,186.5,44643.0
University of Connecticut,0.8329,188.0,73997.0
University of Massachusetts-Amherst,0.8326,189.0,71631.0
Marquette University,0.8321,190.0,78257.0
Yeshiva University,0.832,191.0,71353.0
Grove City College,0.8317,192.0,
Purdue University-Main Campus,0.831,193.0,72424.0
University of California-Santa Barbara,0.8303,194.0,74915.0
Emmaus Bible College,0.8298,195.0,42631.0
Rabbinical College Bobover Yeshiva Bnei Zion,0.8286,196.0,20707.0
Skidmore College,0.8257,197.0,69363.0
Scripps College,0.8254,198.0,77539.0
Gettysburg College,0.8253,199.0,71517.0
United States Merchant Marine Academy,0.8238,200.0,90610.0
Kenyon College,0.8234,201.0,71830.0
Muhlenberg College,0.8223,202.0,69107.0
CBD College,0.8214,203.0,37237.0
Connecticut College,0.8205,204.0,75001.0
Auburn University,0.8195,205.0,65337.0
Fordham University,0.8191,206.0,85569.0
Chapman University,0.8188,207.0,70070.0
Arizona College of Nursing-Las Vegas,0.8182,208.0,34657.0
Bryn Mawr College,0.8179,209.0,75217.0
Susquehanna University,0.8174,210.0,61723.0
Colorado School of Mines,0.8171,211.0,97335.0
Binghamton University,0.8162,212.0,80596.0
Sattler College,0.8125,213.0,
The Cooper Union for the Advancement of Science and Art,0.8111,214.0,83847.0
Brigham Young University,0.8098,215.0,75790.0
Oberlin College,0.8089,216.0,58343.0
Occidental College,0.8088,217.5,75951.0
Galen College of Nursing-San Antonio,0.8088,217.5,61480.0
Compu-Med Vocational Careers Corp,0.808,219.0,22226.0
Yeshivas Novominsk,0.8077,220.0,
Michigan State University,0.8072,221.0,67253.0
Fashion Institute of Technology,0.8068,222.0,62696.0
Centre College,0.8067,223.0,66240.0
Orion Technical College,0.8065,224.0,37008.0
Boricua College,0.806,225.0,35348.0
University of Delaware,0.8055,226.0,72950.0
Whitman College,0.8052,227.0,67589.0
Union College,0.8039,228.0,88604.0
Butler University,0.8038,229.0,77235.0
Indiana University-Bloomington,0.8021,230.0,63742.0
University of Dayton,0.8018,231.0,75537.0
Saint Anselm College,0.8003,232.0,73371.0
Southeastern Baptist College,0.8,236.0,26946.0
Yeshiva Kollel Tifereth Elizer,0.8,236.0,
Baptist University of the Americas,0.8,236.0,37709.0
Yeshiva Derech Chaim,0.8,236.0,
URBE University,0.8,236.0,
Manna University,0.8,236.0,
Design Institute of San Diego,0.8,236.0,46920.0
Baylor University,0.7999,240.0,65793.0
Hope College,0.7995,241.0,58427.0
University of Portland,0.7984,242.0,82804.0
University of Scranton,0.7979,244.0,74652.0
The University of the South,0.7979,244.0,64911.0
Miami University-Oxford,0.7979,244.0,55076.0
Dickinson College,0.7978,246.0,70204.0
Bryant University,0.7975,247.0,90008.0
James Madison University,0.7972,248.0,69954.0
Marist University,0.796,249.0,77819.0
Saint Louis University,0.7953,250.0,70783.0
The Catholic University of America,0.7947,251.0,73250.0
Loyola University Maryland,0.7919,252.0,82652.0
Art Center College of Design,0.7917,253.0,71958.0
St Lawrence University,0.7906,254.0,67258.0
Denison University,0.789,255.0,67753.0
Loyola Marymount University,0.7887,256.0,78349.0
Saint Joseph's University - Philadelphia,0.7884,257.0,86881.0
University of South Carolina-Columbia,0.7882,258.0,62177.0
Furman University,0.7876,259.0,68635.0
University of Vermont,0.7859,260.0,62472.0
Holy Apostles College and Seminary,0.7857,261.0,
John Carroll University,0.7855,262.0,62860.0
Spelman College,0.7846,263.0,59993.0
Manhattan School of Music,0.7832,264.0,26878.0
Drexel University,0.7816,265.5,84648.0
Rose-Hulman Institute of Technology,0.7816,265.5,101253.0
Dominican University of California,0.7805,267.0,84713.0
University of Central Florida,0.7801,268.0,58308.0
Longy School of Music of Bard College,0.7778,271.0,46543.0
Agape College of Business and Science,0.7778,271.0,
University of North Carolina School of the Arts,0.7778,271.0,38357.0
Pacific College of Health and Science,0.7778,271.0,26209.0
Lake Forest College,0.7778,271.0,61825.0
Duquesne University,0.7749,274.0,74742.0
Associated Beth Rivkah Schools,0.7746,275.0,17686.0
Hobart William Smith Colleges,0.7725,276.0,68831.0
Point Loma Nazarene University,0.7717,277.0,63998.0
College of Saint Benedict,0.7712,278.0,63260.0
Emerson College,0.7711,279.0,62832.0
Samford University,0.7704,280.0,58469.0
Wabash College,0.7701,281.0,69952.0
Clark University,0.7694,282.0,62381.0
Pacific College of Health and Science,0.7692,283.0,26209.0
Salve Regina University,0.7688,284.0,72975.0
Lawrence University,0.7677,285.0,55789.0
University of South Florida,0.7676,286.0,57743.0
Gustavus Adolphus College,0.7665,287.0,65607.0
Cambridge College of Healthcare & Technology,0.7647,288.0,47792.0
San Diego State University,0.7643,289.0,64909.0
University of St Thomas,0.7638,290.0,73739.0
Ithaca College,0.7623,291.0,63548.0
Virginia Military Institute,0.7621,292.0,77369.0
Yeshiva Chemdas Hatorah,0.7619,293.0,
Bradley University,0.7617,294.5,66852.0
Elizabethtown College,0.7617,294.5,62399.0
University of New Hampshire-Main Campus,0.7607,296.0,66479.0
Stonehill College,0.76,297.0,77745.0
Kalamazoo College,0.7598,298.0,65590.0
University of California-Riverside,0.7596,299.0,67699.0
Quinnipiac University,0.757,300.0,83759.0
The University of Texas at Dallas,0.7569,301.0,68227.0
School of Visual Arts,0.7568,302.0,46459.0
University of Denver,0.756,303.0,71155.0
Endicott College,0.7556,304.5,58336.0
Stony Brook University,0.7556,304.5,74502.0
Seattle University,0.7551,306.0,75272.0
American University,0.7549,307.0,77370.0
Ohio Northern University,0.7548,308.0,80928.0
Eastwick College-Ramsey,0.7547,309.0,51725.0
Franciscan University of Steubenville,0.7545,310.0,50030.0
Saint Johns University,0.7538,311.0,76786.0
Lewis & Clark College,0.7536,312.0,62205.0
University of Oklahoma-Norman Campus,0.7533,313.0,63126.0
Iowa State University,0.7532,314.0,63386.0
Assumption University,0.7523,315.0,74895.0
Illinois Institute of Technology,0.7521,316.0,82592.0
University at Buffalo,0.7518,317.0,70814.0
University of California-Santa Cruz,0.7509,318.0,68396.0
Temple University,0.7505,319.5,63727.0
Rollins College,0.7505,319.5,58295.0
American Medical Sciences Center,0.75,322.0,29972.0
Citadel Military College of South Carolina,0.75,322.0,72085.0
Southeast Missouri Hospital College of Nursing and Health Sciences,0.75,322.0,60918.0
Messiah University,0.7496,324.5,54064.0
University of Cincinnati-Main Campus,0.7496,324.5,54810.0
University of Missouri-Columbia,0.7494,326.0,63403.0
Clarkson University,0.7491,327.0,89696.0
Siena University,0.7473,328.0,76079.0
Illinois Wesleyan University,0.747,329.0,70871.0
DePauw University,0.7469,330.0,70527.0
University of Iowa,0.7463,331.0,64762.0
Rockhurst University,0.7456,332.0,67102.0
Appalachian State University,0.7453,333.0,51836.0
Niagara University,0.7451,334.0,56196.0
Florida International University,0.7443,335.0,60249.0
Saint Francis University,0.7439,336.0,62101.0
Principia College,0.7426,337.0,
Springfield College,0.7419,338.5,48036.0
University of Colorado Boulder,0.7419,338.5,69738.0
St. John Fisher University,0.7417,340.0,66944.0
Parker University,0.7407,341.0,42091.0
Calvin University,0.7406,342.5,58375.0
Massachusetts Maritime Academy,0.7406,342.5,82392.0
Southern California Institute of Technology,0.7404,344.0,53598.0
Drake University,0.7403,345.0,71901.0
The College of Wooster,0.7394,346.0,59629.0
The University of Tennessee-Knoxville,0.7392,347.0,60249.0
New Saint Andrews College,0.7391,348.5,
New Orleans Baptist Theological Seminary,0.7391,348.5,
Patrick Henry College,0.7386,350.0,
Taylor University,0.7381,351.0,52198.0
Yeshiva of Machzikai Hadas,0.7375,352.0,
High Point University,0.737,353.0,61389.0
San Francisco Conservatory of Music,0.7368,354.0,
Pratt Institute-Main,0.7354,355.0,54295.0
Juniata College,0.735,356.0,56918.0
Sacred Heart University,0.7346,357.0,75059.0
The New England Conservatory of Music,0.7339,358.0,34483.0
The University of Alabama,0.7337,359.0,59221.0
Dewey University-Juana Diaz,0.7333,360.0,19761.0
University of Rhode Island,0.7331,361.0,69743.0
Ursinus College,0.7328,362.0,73721.0
Casa Loma College-Los Angeles,0.7324,363.0,49854.0
Le Moyne College,0.7313,364.5,62731.0
Unitek College,0.7313,364.5,79550.0
University of Dallas,0.7307,366.0,58285.0
Loyola University Chicago,0.7304,367.0,71530.0
Augustana University,0.7297,368.0,59217.0
Holy Cross College,0.7289,369.0,50416.0
Augustana College,0.7286,370.0,62971.0
Wheaton College (Massachusetts),0.7282,371.0,67725.0
Southwestern University,0.7279,372.5,56878.0
Nazareth University,0.7279,372.5,56458.0
Saint Michael's College,0.7277,374.0,61317.0
New Jersey Institute of Technology,0.7276,375.0,84276.0
Good Samaritan College of Nursing and Health Science,0.7273,376.5,66111.0
Mirrer Yeshiva Cent Institute,0.7273,376.5,41192.0
Allegheny College,0.7255,378.0,62069.0
Cedarville University,0.7253,379.0,55443.0
Touro University,0.7239,380.0,53419.0
Hendrix College,0.7235,381.0,60376.0
Simmons University,0.7234,382.0,63494.0
Pima Medical Institute-Tucson,0.7229,383.5,38673.0
University of Tulsa,0.7229,383.5,61408.0
Maryland Institute College of Art,0.7224,385.0,45212.0
Herzing University-Kenosha,0.7222,386.5,36909.0
ATI College-Whittier,0.7222,386.5,38938.0
DeSales University,0.722,388.0,61295.0
Regis College,0.7217,389.0,52873.0
Lipscomb University,0.7216,390.0,55541.0
Cleveland Institute of Music,0.7213,391.0,32641.0
CUNY Bernard M Baruch College,0.7212,392.0,75971.0
Ringling College of Art and Design,0.7207,393.0,43325.0
George Fox University,0.7196,394.0,59761.0
Smith Chason College,0.7194,395.5,58004.0
Western Technical College,0.7194,395.5,36156.0
Monmouth University,0.719,397.0,67991.0
John Brown University,0.7179,398.0,53907.0
University of Mississippi,0.7174,399.0,50994.0
Misericordia University,0.7171,400.0,64313.0
Moravian University,0.7169,401.5,61860.0
University of Oregon,0.7169,401.5,61324.0
Marywood University,0.7165,403.0,55817.0
Christopher Newport University,0.7164,404.5,60509.0
American Musical and Dramatic Academy,0.7164,404.5,26975.0
Western Technical College,0.7163,406.0,36156.0
State University of New York at New Paltz,0.716,407.0,58073.0
Andrews University,0.7153,408.0,53187.0
Martin Luther College,0.715,409.0,47491.0
Covenant College,0.7149,410.0,50412.0
Transylvania University,0.7148,411.0,54705.0
Reed College,0.7147,412.0,62927.0
SUNY College at Geneseo,0.7145,413.0,67316.0
Cabarrus College of Health Sciences,0.7143,416.0,58708.0
Southern California Institute of Architecture,0.7143,416.0,71909.0
St. John's College,0.7143,416.0,51584.0
DeVry University-New Jersey,0.7143,416.0,45987.0
Bais Medrash of Dexter Park,0.7143,416.0,
University of Kentucky,0.7142,419.0,59025.0
Bethel University,0.7138,420.0,63764.0
Sarah Lawrence College,0.7133,421.0,53603.0
Saint Norbert College,0.7129,422.0,58363.0
Willamette University,0.7124,423.0,56911.0
Bennington College,0.7121,424.0,38289.0
Luther College,0.7112,425.0,59850.0
West Virginia Junior College-Morgantown,0.7111,426.0,31912.0
Kansas State University,0.7108,427.0,57262.0
Beloit College,0.7105,428.5,53260.0
Appalachian Bible College,0.7105,428.5,37467.0
Immaculata University,0.7104,430.0,75701.0
Sullivan University,0.7099,431.0,38008.0
University of Wisconsin-La Crosse,0.7096,432.0,60378.0
Whitworth University,0.7089,433.0,58561.0
Kettering University,0.708,434.0,94823.0
Freed-Hardeman University,0.7078,435.5,47485.0
Northwest University,0.7078,435.5,54914.0
Northwest Nazarene University,0.7076,437.0,51719.0
Carroll University,0.707,438.0,58009.0
Agnes Scott College,0.7068,439.0,56274.0
Belmont University,0.7066,440.0,55930.0
College for Creative Studies,0.7061,441.0,44860.0
University of North Carolina Wilmington,0.7059,442.0,54967.0
Florida Southern College,0.7055,443.0,55294.0
The College of Saint Scholastica,0.7053,444.0,65934.0
University of Arkansas,0.7052,445.0,58191.0
West Chester University of Pennsylvania,0.7051,446.0,61258.0
Randolph-Macon College,0.7048,447.5,58448.0
Drew University,0.7048,447.5,63646.0
Linfield University,0.7046,449.0,78638.0
Valparaiso University,0.7037,450.0,63191.0
Westmont College,0.7035,451.0,64778.0
Saint Mary's College of California,0.703,452.0,78812.0
Uta Mesivta of Kiryas Joel,0.7019,453.0,31853.0
California State University-Fullerton,0.7018,454.0,62951.0
Dordt University,0.7014,455.0,52559.0
Oregon State University,0.7011,456.0,64010.0
Meredith College,0.7007,457.0,51539.0
University of San Francisco,0.7006,458.0,89812.0
Merrimack College,0.7005,459.0,75584.0
University of Maryland-Baltimore County,0.7001,460.0,69960.0
Yeshivath Zichron Moshe,0.7,462.0,
Bryan College of Health Sciences,0.7,462.0,70845.0
Elmhurst University,0.7,462.0,61462.0
Howard University,0.6996,464.0,63066.0
St. Mary's College of Maryland,0.6995,465.0,60110.0
Molloy University,0.6993,466.0,77789.0
Rochester Institute of Technology,0.6989,467.0,76571.0
Ramapo College of New Jersey,0.6981,468.0,67541.0
Mercer University,0.6962,469.0,58354.0
California Lutheran University,0.696,470.0,68712.0
Bethlehem College & Seminary,0.6957,471.0,
Washington & Jefferson College,0.6952,472.0,67918.0
Seton Hall University,0.6949,473.5,70196.0
Berry College,0.6949,473.5,53800.0
Towson University,0.6946,475.0,64390.0
Savannah College of Art and Design,0.6941,476.0,45954.0
The New School,0.6937,477.0,52901.0
Saint Mary's College,0.6933,478.0,59354.0
Yeshivath Viznitz,0.6932,479.0,
Carroll College,0.6929,480.0,61772.0
San Juan Bautista School of Medicine,0.6923,481.5,
New York School of Interior Design,0.6923,481.5,48041.0
San Jose State University,0.6922,483.0,78988.0
University of North Florida,0.6921,484.0,56343.0
University of the Pacific,0.6905,485.5,78445.0
The Modern College of Design,0.6905,485.5,42187.0
Earlham College,0.69,487.0,50797.0
University of North Carolina at Charlotte,0.6897,488.0,57289.0
California State University-Long Beach,0.6888,489.0,64403.0
Massachusetts College of Art and Design,0.6887,490.0,43582.0
SUNY Oneonta,0.6881,492.0,60386.0
Louisiana State University and Agricultural & Mechanical College,0.6881,492.0,61251.0
University of Kansas,0.6881,492.0,61945.0
Harding University,0.6879,494.0,52876.0
St. Joseph's University-New York,0.6878,495.0,63905.0
Grace College and Theological Seminary,0.6877,496.5,45411.0
University of St Thomas,0.6877,496.5,59224.0
Saint Joseph's University - Lancaster,0.6875,498.0,86881.0
University of California-Merced,0.6872,499.0,64368.0
Texas Tech University,0.6869,500.0,62454.0
Xavier University,0.6865,501.5,64873.0
Roger Williams University,0.6865,501.5,70266.0
Saint Vincent College,0.6859,503.0,59982.0
Thomas Jefferson University,0.6857,504.5,77449.0
Pacific Lutheran University,0.6857,504.5,66990.0
Gordon College,0.6854,507.0,52119.0
Stockton University,0.6854,507.0,57602.0
Hofstra University,0.6854,507.0,69039.0
Truman State University,0.6853,509.0,56280.0
Pennsylvania College of Art and Design,0.6852,510.0,33301.0
Stevenson University,0.6849,511.0,62079.0
California State Polytechnic University-Pomona,0.6843,512.0,71902.0
PCI College,0.6842,513.0,36141.0
Viterbo University,0.6838,514.0,55660.0
Concordia University-Wisconsin,0.6835,515.5,56075.0
University of New England,0.6835,515.5,55921.0
Widener University,0.6832,517.0,70920.0
College of the Atlantic,0.6829,518.0,40264.0
Simon's Rock at Bard College,0.6828,519.0,46543.0
Wentworth Institute of Technology,0.6824,520.0,82721.0
Oklahoma State University-Main Campus,0.6817,521.0,57413.0
Salisbury University,0.6815,522.0,61515.0
University of Northwestern-St Paul,0.6813,523.0,50755.0
Mount Vernon Nazarene University,0.6811,524.0,49555.0
College of Our Lady of the Elms,0.6809,525.0,51540.0
Michigan Technological University,0.6806,526.0,78198.0
Arizona State University Campus Immersion,0.6804,527.0,62668.0
State University of New York at Cortland,0.6803,528.0,60236.0
University of Puget Sound,0.6799,529.0,69594.0
University of Northern Iowa,0.6792,530.0,55177.0
Otterbein University,0.6788,531.0,53313.0
George Mason University,0.6784,532.0,76343.0
DePaul University,0.678,533.0,68751.0
Embry-Riddle Aeronautical University-Prescott,0.6776,534.0,84131.0
Bryn Athyn College of the New Church,0.6774,535.0,40457.0
The Master's University and Seminary,0.6773,536.5,57106.0
Knox College,0.6773,536.5,54820.0
New York Film Academy,0.677,538.0,29633.0
William Jewell College,0.6766,539.0,59268.0
Plaza College,0.6762,540.0,31519.0
Loras College,0.676,541.5,58289.0
Biola University,0.676,541.5,56778.0
Bard College,0.6756,543.0,46543.0
Albany College of Pharmacy and Health Sciences,0.6754,544.0,131426.0
Faith Baptist Bible College and Theological Seminary,0.6753,545.0,40650.0
University of Arizona,0.6752,546.0,59979.0
Emmanuel College,0.6751,547.0,68245.0
D'Youville  University,0.6749,548.0,66942.0
Roanoke College,0.6736,550.0,58047.0
Seton Hill University,0.6736,550.0,51748.0
Rowan University,0.6736,550.0,59988.0
Berklee College of Music,0.6731,552.0,33647.0
University of Redlands,0.6727,553.0,72690.0
Marian University,0.6722,554.0,58759.0
University of Detroit Mercy,0.672,555.0,71030.0
Adelphi University,0.6715,556.0,75482.0
Hanover College,0.6713,557.0,53957.0
Lionel University,0.6712,558.0,
Milwaukee School of Engineering,0.6711,559.0,89070.0
Austin College,0.6705,560.0,61296.0
Albizu University-San Juan,0.6703,561.0,41544.0
Grand Valley State University,0.6701,562.0,56118.0
Eastern Mennonite University,0.67,563.0,54869.0
School of the Art Institute of Chicago,0.6699,564.0,40151.0
Pacific University,0.6698,565.0,60583.0
University of Nebraska-Lincoln,0.6697,566.0,56887.0
Milwaukee Institute of Art & Design,0.6695,567.0,41174.0
University of St Francis,0.6682,568.5,63926.0
Shenandoah University,0.6682,568.5,58433.0
Baldwin Wallace University,0.6677,570.0,54122.0
Arcadia University,0.6674,571.0,58336.0
St Bonaventure University,0.6673,572.0,57214.0
Indiana Wesleyan University-Marion,0.6671,573.0,59986.0
DeVry University-Arizona,0.6667,584.5,45987.0
Hult International Business School,0.6667,584.5,
VanderCook College of Music,0.6667,584.5,47863.0
Williamson Christian College,0.6667,584.5,37474.0
Roberts Wesleyan University,0.6667,584.5,55031.0
Heritage Christian University,0.6667,584.5,42597.0
Washington University of Science and Technology,0.6667,584.5,
Sacred Heart Major Seminary,0.6667,584.5,49295.0
Maine College of Health Professions,0.6667,584.5,79840.0
Rutgers University-Camden,0.6667,584.5,74479.0
New College of Florida,0.6667,584.5,48082.0
Puerto Rico Conservatory of Music,0.6667,584.5,19474.0
California Institute of the Arts,0.6667,584.5,41198.0
Lancaster Bible College,0.6667,584.5,44096.0
Elim Bible College,0.6667,584.5,
Pacific Islands University,0.6667,584.5,20902.0
Yeshiva Gedolah Zichron Leyma,0.6667,584.5,
Charter Oak State College,0.6667,584.5,64209.0
ATA Career Education,0.6667,584.5,34577.0
Mesivta of Eastern Parkway-Yeshiva Zichron Meilech,0.6667,584.5,
Ursuline College,0.6667,584.5,56878.0
Mississippi State University,0.6667,584.5,51513.0
Fairleigh Dickinson University-Florham Campus,0.6662,596.0,57273.0
Lewis University,0.6661,597.0,66099.0
University of Mary,0.666,598.0,60909.0
Embry-Riddle Aeronautical University-Daytona Beach,0.6655,599.0,84131.0
Colorado State University-Fort Collins,0.6651,600.0,60543.0
Valley College-Martinsburg,0.6643,601.0,24900.0
University of Mary Washington,0.6641,602.0,60613.0
Canisius University,0.6639,603.0,60681.0
Gannon University,0.6636,604.0,58845.0
North Central University,0.6634,605.0,45064.0
Hallmark University,0.6633,606.0,40183.0
SUNY College of Environmental Science and Forestry,0.6632,607.0,55763.0
Otis College of Art and Design,0.663,608.0,58152.0
Maryville University of Saint Louis,0.6622,609.0,62105.0
Central College,0.6619,610.0,54317.0
Nebraska Wesleyan University,0.6612,611.0,56405.0
St. John's University-New York,0.6609,612.0,69571.0
Dunwoody College of Technology,0.6606,613.0,61511.0
Northwestern College,0.6605,614.0,49802.0
Saint Mary's University of Minnesota,0.6601,615.0,58170.0
Union University,0.6596,616.0,53990.0
Eckerd College,0.6592,617.0,51819.0
Coe College,0.659,618.0,57125.0
College of Charleston,0.6583,619.0,56416.0
Saint Joseph's College of Maine,0.6574,620.0,59045.0
Robert Morris University,0.6569,621.0,62105.0
Anderson University,0.6568,622.0,42101.0
Slippery Rock University of Pennsylvania,0.6557,623.0,53032.0
Waynesburg University,0.6554,624.0,58537.0
Oakland City University,0.6552,625.5,43283.0
Mercy College of Health Sciences,0.6552,625.5,62234.0
Mount Saint Mary College,0.6546,627.0,67705.0
Ohio University-Main Campus,0.6545,628.0,52581.0
Mount St. Mary's University,0.6539,629.0,64072.0
Washington College,0.6537,630.0,65518.0
Aquinas College,0.6536,631.0,49584.0
Liberty University,0.6533,632.0,44813.0
University of Washington-Bothell Campus,0.6532,633.0,78466.0
Champlain College,0.6523,634.0,58386.0
Houghton University,0.6522,635.0,46721.0
Wagner College,0.6514,636.0,74360.0
Kettering College,0.6512,637.0,67492.0
University of Utah,0.6505,638.5,67170.0
University of Connecticut-Hartford Campus,0.6505,638.5,73997.0
Evangel University,0.6503,640.0,46573.0
Goshen College,0.65,641.0,51943.0
Asbury University,0.6498,642.0,42368.0
Lebanon Valley College,0.6496,643.0,62621.0
Concordia University-Nebraska,0.6489,644.0,52415.0
Oklahoma City University,0.6488,645.0,54655.0
University of Massachusetts-Lowell,0.6482,646.0,64874.0
Bob Jones University,0.6475,647.0,44354.0
University of Minnesota-Duluth,0.6472,648.0,62616.0
Elmira College,0.6471,649.0,57550.0
Montclair State University,0.6466,650.5,61415.0
West Virginia University,0.6466,650.5,55939.0
Hollins University,0.6465,652.0,40075.0
Western Washington University,0.6464,653.0,62569.0
Monmouth College,0.6461,654.0,51110.0
University of Houston,0.6456,655.0,62377.0
Westminster College,0.6455,656.0,53861.0
Illinois State University,0.6454,657.0,62117.0
University of Evansville,0.6446,658.0,53770.0
Colorado Christian University,0.6441,659.0,50416.0
Webster University,0.6439,660.5,50876.0
SUNY Maritime College,0.6439,660.5,95951.0
Trine University,0.6438,662.0,57165.0
Missouri University of Science and Technology,0.6437,663.5,82957.0
Universal Technology College of Puerto Rico,0.6437,663.5,19878.0
Bellarmine University,0.6436,665.5,62069.0
Platt College-Anaheim,0.6436,665.5,40669.0
Wartburg College,0.643,667.0,56201.0
University of Alabama in Huntsville,0.6429,669.0,61767.0
Kentucky Mountain Bible College,0.6429,669.0,21256.0
University of Hawaii at Manoa,0.6429,669.0,57624.0
Carthage College,0.6426,671.0,56950.0
University of Alabama at Birmingham,0.6423,672.0,54501.0
York College of Pennsylvania,0.641,673.0,61012.0
North Central College,0.64,674.0,60123.0
Western New England University,0.6398,675.0,73157.0
North Dakota State University-Main Campus,0.6389,676.0,62203.0
Gurnick Academy of Medical Arts,0.6388,677.0,66844.0
John Paul the Great Catholic University,0.6386,678.0,56930.0
Illinois College,0.6382,679.5,52575.0
Louisiana Tech University,0.6382,679.5,52279.0
Westminster University,0.6381,681.5,66215.0
University of Wisconsin-Eau Claire,0.6381,681.5,58561.0
University of Saint Joseph,0.6376,683.0,59908.0
Rutgers University-Newark,0.6375,684.0,74479.0
Bowling Green State University-Main Campus,0.6373,685.0,47896.0
Kent State University at Kent,0.6372,686.0,45388.0
Manhattan University,0.6371,687.0,86316.0
The University of Tampa,0.637,688.0,59436.0
College of the Ozarks,0.6369,689.0,41592.0
Ozark Christian College,0.6364,690.0,41297.0
Georgia College & State University,0.6361,691.0,58140.0
Huntington University,0.636,692.5,46672.0
Concorde Career College-Aurora,0.636,692.5,42456.0
Maranatha Baptist University,0.6357,694.5,45593.0
Wisconsin Lutheran College,0.6357,694.5,54664.0
Florida Institute of Technology,0.6354,696.5,43137.0
Spring Arbor University,0.6354,696.5,51732.0
Platt College-Los Angeles,0.6345,698.0,40669.0
Milligan University,0.6343,699.0,46641.0
Kehilath Yakov Rabbinical Seminary,0.6341,700.0,36442.0
Nova Southeastern University,0.6334,701.0,59209.0
Galen College of Nursing-Tampa Bay,0.6333,702.5,61480.0
Simpson College,0.6333,702.5,59274.0
Northwood University,0.6332,704.0,63075.0
Ripon College,0.633,705.0,54902.0
McDaniel College,0.6329,706.0,60663.0
University of Washington-Tacoma Campus,0.6324,707.0,78466.0
Virginia Commonwealth University,0.6318,708.0,58128.0
Wilkes University,0.6317,709.0,63454.0
University of La Verne,0.6312,710.0,65464.0
University of New Haven,0.6307,711.0,60126.0
Chatham University,0.6306,712.0,52410.0
Bellin College,0.6304,713.0,76222.0
Culinary Institute of America,0.6292,714.0,47475.0
University of Sioux Falls,0.6291,715.0,54521.0
Alma College,0.6287,716.0,54742.0
California State University-Chico,0.6278,717.0,64172.0
SUNY at Purchase College,0.6277,718.0,45092.0
Neumont College of Computer Science,0.627,719.0,97827.0
East Carolina University,0.6262,720.0,55146.0
Nichols College,0.6261,721.0,58063.0
Glendale Career College,0.626,722.0,41472.0
Saint Edward's University,0.6259,723.5,58826.0
Lee University,0.6259,723.5,43222.0
Florida Atlantic University,0.6257,725.0,56746.0
The College of Idaho,0.6254,726.0,48473.0
Pacific College,0.625,729.5,70064.0
ATA College-Cincinnati,0.625,729.5,34577.0
University of Minnesota-Morris,0.625,729.5,50919.0
Yeshiva Ohr Naftoli,0.625,729.5,
Thomas More College of Liberal Arts,0.625,729.5,53565.0
Talmudic College of Florida,0.625,729.5,
Southern Illinois University-Carbondale,0.6241,733.0,53390.0
South Dakota State University,0.6235,734.0,55070.0
Ball State University,0.6234,735.0,51833.0
Moody Bible Institute,0.6233,736.0,45399.0
Blackfeet Community College,0.623,737.0,22953.0
Stetson University,0.6229,738.0,51642.0
Westcliff University,0.622,739.0,
Hampden-Sydney College,0.6217,740.0,67640.0
Stanbridge University,0.6209,741.0,62144.0
Dewey University-Carolina,0.6207,742.5,19761.0
American College of the Building Arts,0.6207,742.5,
Massachusetts College of Pharmacy and Health Sciences,0.6202,744.0,125557.0
Seattle Pacific University,0.6195,745.0,64506.0
Newschool of Architecture and Design,0.619,746.0,68891.0
California Baptist University,0.6188,747.0,61504.0
Cornerstone University,0.6187,748.0,47314.0
Cornell College,0.6182,749.0,53460.0
Drury University,0.618,750.0,40694.0
Azusa Pacific University,0.6179,751.0,66677.0
Buena Vista University,0.6169,752.0,49156.0
University of Health Sciences and Pharmacy in St. Louis,0.6168,753.0,137047.0
University of Connecticut-Avery Point,0.6162,754.5,73997.0
University of Illinois Chicago,0.6162,754.5,68740.0
Albion College,0.6159,756.0,58799.0
Benedictine College,0.6158,757.0,53175.0
Converse University,0.6154,759.5,40867.0
Center for Advanced Legal Studies,0.6154,759.5,56561.0
Yeshiva of Ocean,0.6154,759.5,
Humphreys University,0.6154,759.5,39248.0
Galen College of Nursing-Louisville,0.6146,762.0,61480.0
University at Albany,0.6145,763.5,67979.0
Worcester State University,0.6145,763.5,60624.0
Ouachita Baptist University,0.614,765.0,51673.0
Marietta College,0.6138,766.0,57180.0
Everglades University,0.6136,767.0,47597.0
Rider University,0.6133,768.0,62208.0
Northern Arizona University,0.6132,769.5,54384.0
Murray State University,0.6132,769.5,44737.0
Queens University of Charlotte,0.6131,771.0,57673.0
St Catherine University,0.6125,772.0,59282.0
University of Nevada-Reno,0.6124,773.0,60614.0
University of Louisville,0.6123,774.5,53899.0
Longwood University,0.6123,774.5,52347.0
California College of the Arts,0.6122,776.0,49414.0
Concordia College at Moorhead,0.6107,777.0,59317.0
Saint Ambrose University,0.6103,778.0,59531.0
Regis University,0.6102,779.0,72105.0
Keiser University-Ft Lauderdale,0.6101,780.0,39696.0
Geneva College,0.6098,781.0,50004.0
Campbell University,0.6096,782.0,54886.0
DigiPen Institute of Technology,0.6095,783.0,79878.0
Holy Family University,0.6091,784.0,62235.0
Suffolk University,0.6088,785.0,67506.0
Yeshiva Gedolah of Woodlake Village,0.6087,786.0,
Olivet Nazarene University,0.6084,787.0,53213.0
University of North Texas,0.6071,788.0,57010.0
Southern Utah University,0.6067,789.0,50296.0
Ashland University,0.6063,790.0,52928.0
Hesston College,0.6061,791.0,47495.0
Corban University,0.6059,792.0,48917.0
Lawrence Technological University,0.6058,793.0,69151.0
College of Saint Mary,0.605,794.5,54338.0
Washington State University,0.605,794.5,68905.0
University of North Dakota,0.6048,796.0,63552.0
Hamline University,0.6045,797.0,61106.0
Cedar Crest College,0.6039,798.0,59460.0
Martinsburg College,0.6038,799.0,
State University of New York at Oswego,0.6036,800.0,57566.0
Aurora University,0.6032,801.0,58709.0
Franklin College,0.603,802.0,55376.0
Capital University,0.6027,803.0,54143.0
Western Carolina University,0.6026,804.0,49458.0
Edgewood University,0.6024,805.0,59728.0
Beacon College,0.6023,806.0,29420.0
Norwich University,0.6021,807.0,65575.0
Boise State University,0.602,808.0,51658.0
Mercyhurst University,0.6017,809.0,47452.0
Miller-Motte College-Chattanooga,0.601,810.0,31102.0
Keene State College,0.6006,811.0,54368.0
Pace University,0.6003,812.0,70378.0
United International College,0.6,816.5,
Madonna University,0.6,816.5,59058.0
Talmudical Academy-New Jersey,0.6,816.5,40344.0
Mid-South Christian College,0.6,816.5,
Indian Bible College,0.6,816.5,
American Institute of Alternative Medicine,0.6,816.5,40805.0
Woodbury University,0.6,816.5,65668.0
West Coast University-Anaheim-Orange County,0.6,816.5,102672.0
Whittier College,0.5996,821.0,59492.0
Carlow University,0.5992,822.0,51051.0
University of South Dakota,0.5991,823.0,51926.0
Walla Walla University,0.599,824.0,61885.0
King's College,0.5989,825.0,59498.0
Judson University,0.5987,826.0,56313.0
William Carey University,0.5978,827.0,43087.0
La Sierra University,0.5973,828.0,61824.0
Cal Poly Maritime Academy,0.5972,829.0,94784.0
Cairn University-Langhorne,0.5968,830.0,44172.0
Lycoming College,0.5963,831.0,56210.0
New England Institute of Technology,0.5954,832.0,48684.0
West Liberty University,0.5953,833.0,43296.0
Nebraska Methodist College of Nursing & Allied Health,0.5952,834.0,65071.0
Morehouse College,0.5944,835.0,52889.0
Southwest University at El Paso,0.5942,836.0,29648.0
St Louis College of Health Careers-Fenton,0.5938,837.0,32217.0
Husson University,0.5935,838.0,45025.0
Mississippi Christian University,0.5934,839.0,47485.0
North Florida College,0.5922,840.0,33929.0
Utah State University,0.5913,841.0,54022.0
California State University-Monterey Bay,0.5909,842.0,59247.0
Loyola University New Orleans,0.5903,843.0,52927.0
Abilene Christian University,0.5901,844.0,55736.0
Dewey University-Manati,0.5897,845.0,19761.0
St. Mary's University,0.5893,846.0,56955.0
University of Wisconsin-Whitewater,0.589,847.0,55356.0
Daemen University,0.5888,848.0,61808.0
University of Wyoming,0.5884,849.0,56880.0
University of West Florida,0.588,850.0,49137.0
Be'er Yaakov Talmudic Seminary,0.5878,851.0,17360.0
New York Institute of Technology,0.5877,852.0,70080.0
Central Michigan University,0.5872,853.0,55874.0
University of Mount Union,0.5865,854.0,53217.0
Lasell University,0.5864,855.0,49705.0
LeTourneau University,0.5858,856.0,57103.0
Ohio Wesleyan University,0.5857,857.0,55624.0
Point Park University,0.5854,858.0,45856.0
State University of New York at Plattsburgh,0.5851,859.0,56403.0
Walsh University,0.585,860.0,59764.0
Wayne State University,0.5844,861.0,53493.0
Manhattanville University,0.5842,862.0,58832.0
Keuka College,0.5836,863.0,58289.0
Concordia University-Irvine,0.5831,864.0,65083.0
Pacific Union College,0.5828,865.0,70484.0
Saint Peter's University,0.5826,866.0,57815.0
Montana Technological University,0.5824,867.0,54329.0
Berea College,0.5822,868.0,43150.0
Goodwin University,0.5821,869.0,43596.0
Platt College-Ontario,0.582,870.0,40669.0
Maine Maritime Academy,0.5818,871.0,89964.0
United Talmudical Seminary,0.5813,872.0,25113.0
Southeastern Baptist Theological Seminary,0.5806,873.5,
San Ignacio University,0.5806,873.5,
Lesley University,0.5802,875.0,51173.0
University of Michigan-Dearborn,0.5798,876.0,59649.0
Kansas City Art Institute,0.5797,877.0,37032.0
Southeast Missouri State University,0.5793,878.0,44030.0
Missouri State University-Springfield,0.5791,879.0,49827.0
Bais Medrash Mayan Hatorah,0.5789,880.0,
The University of Findlay,0.5786,881.0,56996.0
Baker University,0.5779,882.0,63855.0
Mount Mercy University,0.5774,883.5,60787.0
University of Nebraska at Kearney,0.5774,883.5,50105.0
North Park University,0.5772,885.0,59572.0
Cleveland Institute of Art,0.5771,886.0,42509.0
Bet Medrash Gadol Ateret Torah,0.5769,887.5,
Northwest College of Art & Design,0.5769,887.5,31167.0
Tennessee Technological University,0.5767,889.0,48501.0
Walnut Hill College,0.5763,890.5,36689.0
Millersville University of Pennsylvania,0.5763,890.5,55246.0
Sonoma State University,0.5759,892.0,65986.0
Pennsylvania Academy of the Fine Arts,0.5758,893.0,29881.0
Western Michigan University,0.5757,894.0,53562.0
Oakland University,0.5756,895.0,58612.0
Eastern Connecticut State University,0.5752,896.5,56469.0
Trinity Christian College,0.5752,896.5,55700.0
Platt College-Riverside,0.575,898.0,40669.0
Blackburn College,0.5749,899.5,46802.0
Caldwell University,0.5749,899.5,53843.0
Colby-Sawyer College,0.5745,901.0,46474.0
Goldey-Beacom College,0.5743,902.5,59892.0
Salem College,0.5743,902.5,44640.0
Florida Gulf Coast University,0.574,904.5,54560.0
University of Minnesota-Rochester,0.574,904.5,69020.0
Alcorn State University,0.5736,906.5,36421.0
University of Lynchburg,0.5736,906.5,56380.0
Goucher College,0.5734,908.0,53023.0
Minnesota State University Moorhead,0.5732,909.0,50527.0
University of Idaho,0.5728,910.0,54670.0
La Roche University,0.5721,911.0,52341.0
North Carolina A & T State University,0.5718,912.0,44440.0
American Public University System,0.5716,913.5,44409.0
Hampton University,0.5716,913.5,59159.0
Moore College of Art and Design,0.5714,918.5,37839.0
Rosemont College,0.5714,918.5,48555.0
Yeshiva Ohr Yisrael,0.5714,918.5,
West Virginia Wesleyan College,0.5714,918.5,51593.0
Galen College of Nursing-Cincinnati,0.5714,918.5,61480.0
Seattle Film Institute,0.5714,918.5,
Doane University,0.5714,918.5,53316.0
Millsaps College,0.5714,918.5,53848.0
La Salle University,0.5712,923.0,67416.0
Montana State University,0.5708,924.0,53263.0
Long Island University,0.5707,925.0,59950.0
New Mexico Institute of Mining and Technology,0.5705,926.0,76489.0
University of Toledo,0.5704,927.0,50632.0
Dallas Baptist University,0.5701,928.0,56807.0
University of Wisconsin-River Falls,0.57,929.0,54458.0
Alfred University,0.5698,930.5,54897.0
Winthrop University,0.5698,930.5,47185.0
Southern Illinois University Edwardsville,0.5697,932.0,56346.0
California State University-Fresno,0.5696,933.0,61244.0
California State University-Northridge,0.5695,934.0,59115.0
Winona State University,0.5694,935.0,58532.0
Regent University,0.5692,936.0,44498.0
Mount Aloysius College,0.5691,937.0,46165.0
Hood College,0.569,938.0,57089.0
Gwynedd Mercy University,0.5688,939.0,67145.0
CUNY Hunter College,0.5686,940.0,63163.0
University of Mobile,0.5685,941.0,43611.0
Oral Roberts University,0.5683,942.5,46885.0
University of Mount Saint Vincent,0.5683,942.5,65756.0
CUNY City College,0.5682,944.5,66039.0
Atlantis University,0.5682,944.5,
Vanguard University of Southern California,0.5677,946.5,59541.0
Johnson University,0.5677,946.5,40596.0
Rasmussen University-Wisconsin,0.5667,948.0,39080.0
University of Missouri-St Louis,0.5664,949.0,53037.0
Saint Xavier University,0.5661,950.0,58656.0
Davenport University,0.5659,951.5,45099.0
Pittsburg State University,0.5659,951.5,50579.0
Monroe University,0.5655,953.0,41236.0
University of Connecticut-Stamford,0.5654,954.0,73997.0
Foothill College,0.5637,955.5,57072.0
Muskingum University,0.5637,955.5,48440.0
Bethany Global University,0.5634,957.5,
Emory & Henry University,0.5634,957.5,47385.0
Mount St. Joseph University,0.5633,959.0,51509.0
University of North Carolina at Greensboro,0.5631,960.5,48160.0
Hilbert College,0.5631,960.5,48309.0
California State University-Sacramento,0.5629,962.0,64876.0
Cottey College,0.5625,963.0,35422.0
Utica University,0.5624,964.0,63277.0
Centenary College of Louisiana,0.5621,965.0,50330.0
Brazosport College,0.562,966.0,45910.0
Clarke University,0.5612,967.0,55396.0
Russell Sage College,0.561,969.0,58316.0
Emporia State University,0.561,969.0,47601.0
California Institute of Arts & Technology,0.561,969.0,
Charter College,0.5606,971.0,35504.0
Centenary University,0.5605,972.0,53726.0
Iona University,0.56,973.5,73595.0
Bushnell University,0.56,973.5,53623.0
Flagler College,0.5598,975.5,49483.0
William Jessup University,0.5598,975.5,56257.0
Delaware Valley University,0.5591,977.0,55838.0
CUNY John Jay College of Criminal Justice,0.5583,978.0,56195.0
University of Indianapolis,0.5582,979.5,53610.0
University of Pittsburgh-Johnstown,0.5582,979.5,66125.0
Mercy College of Ohio,0.5581,981.0,65409.0
University of Wisconsin-Platteville,0.5576,982.0,61760.0
The Christ College of Nursing and Health Sciences,0.5571,983.0,68303.0
Shippensburg University of Pennsylvania,0.557,984.0,56351.0
Massachusetts College of Liberal Arts,0.5564,985.0,48102.0
Columbus College of Art & Design,0.556,986.0,40664.0
Oregon State University-Cascades Campus,0.5556,988.5,64010.0
Western Kentucky University,0.5556,988.5,43889.0
Pacific College of Health and Science,0.5556,988.5,26209.0
Prescott College,0.5556,988.5,42359.0
Alvernia University,0.5553,991.0,55055.0
Indiana University of Pennsylvania,0.5551,992.5,51019.0
Oklahoma Christian University,0.5551,992.5,49203.0
Westminster College,0.5549,994.0,52199.0
Brigham Young University-Idaho,0.5548,995.0,53406.0
University of Missouri-Kansas City,0.5546,996.0,59637.0
Johnson & Wales University-Providence,0.5541,997.0,43418.0
Chaminade University of Honolulu,0.554,998.5,52343.0
Arkansas State University,0.554,998.5,42617.0
Gardner-Webb University,0.5539,1000.0,48039.0
Palm Beach Atlantic University,0.5534,1001.0,49232.0
Five Towns College,0.5532,1002.5,35887.0
Southwest Baptist University,0.5532,1002.5,43112.0
Texas State University,0.5528,1004.0,56906.0
Dominican University,0.5526,1005.0,60327.0
New Mexico State University-Main Campus,0.5517,1006.0,39067.0
SUNY Brockport,0.5513,1007.0,54496.0
Fitchburg State University,0.5512,1008.0,53874.0
SUNY Polytechnic Institute,0.5508,1009.0,64355.0
SUNY College of Technology at Alfred,0.5506,1010.0,50445.0
West Texas A & M University,0.5504,1011.0,50741.0
Tuskegee University,0.5498,1012.0,49641.0
University of Saint Francis-Fort Wayne,0.5497,1013.0,55362.0
Millikin University,0.5494,1014.5,51262.0
University of Maine,0.5494,1014.5,48653.0
St. John's College,0.5493,1016.0,44985.0
Florida Polytechnic University,0.5492,1017.0,
University of North Alabama,0.5491,1018.0,45415.0
Georgia Southern University,0.549,1019.5,53236.0
California State University-San Bernardino,0.549,1019.5,59977.0
University of Wisconsin-Stout,0.5486,1021.5,58084.0
Bethany Lutheran College,0.5486,1021.5,46110.0
Blue Mountain Christian University,0.5476,1023.5,40421.0
Sam Houston State University,0.5476,1023.5,54211.0
Jacksonville State University,0.5472,1025.0,45235.0
Christian Brothers University,0.5471,1026.0,57478.0
University of New Mexico-Main Campus,0.5469,1027.0,44792.0
St. Francis College,0.5464,1028.0,58099.0
California State University-San Marcos,0.5456,1029.0,62908.0
North Greenville University,0.5453,1030.0,43035.0
Hiram College,0.5451,1031.0,54311.0
Trinidad State College,0.545,1032.0,36475.0
University of North Carolina Asheville,0.5448,1033.5,44030.0
Commonwealth University of Pennsylvania,0.5448,1033.5,52416.0
Indiana University-Indianapolis,0.5445,1035.0,55198.0
Westfield State University,0.5441,1036.0,57346.0
University of Hartford,0.5438,1037.0,60823.0
Northpoint Bible College,0.5435,1038.5,42210.0
NUC University,0.5435,1038.5,24785.0
Hampshire College,0.5426,1040.0,46938.0
Northwest Missouri State University,0.5423,1041.0,47885.0
University of Louisiana at Monroe,0.542,1042.0,46769.0
Wade College,0.5417,1043.5,36657.0
Joyce University of Nursing and Health Sciences,0.5417,1043.5,49841.0
The University of Texas at Tyler,0.5413,1045.0,57053.0
University of Montevallo,0.541,1046.5,42957.0
Oglethorpe University,0.541,1046.5,55232.0
University of Central Missouri,0.5408,1048.0,49560.0
St. Thomas Aquinas College,0.5404,1049.5,62909.0
Florida College,0.5404,1049.5,43445.0
University of Northwestern Ohio,0.5402,1051.5,50968.0
The University of Texas at Arlington,0.5402,1051.5,63199.0
Eastern University,0.54,1053.0,51655.0
Grand View University,0.5399,1054.0,52824.0
Pontifical Catholic University of Puerto Rico-Arecibo,0.5395,1055.5,24908.0
Minnesota State University-Mankato,0.5395,1055.5,56922.0
Ave Maria University,0.5394,1057.0,49520.0
Florida Gateway College,0.5391,1058.0,37894.0
CUNY Brooklyn College,0.5386,1059.0,60752.0
Texas Lutheran University,0.5385,1060.5,53863.0
Mount Carmel College of Nursing,0.5385,1060.5,75103.0
Kutztown University of Pennsylvania,0.5382,1062.0,53775.0
Nicholls State University,0.538,1063.0,45454.0
Anderson University,0.5379,1064.0,48899.0
Oregon Institute of Technology,0.5378,1065.0,72273.0
Brescia University,0.5371,1066.0,45500.0
Dewey University-Hato Rey,0.537,1067.5,19761.0
Middle Tennessee State University,0.537,1067.5,48541.0
Thomas College,0.5369,1069.0,44991.0
Neumann University,0.5368,1070.5,57817.0
Heritage University,0.5368,1070.5,49416.0
MidAmerica Nazarene University,0.5361,1072.5,62972.0
Central Washington University,0.5361,1072.5,61580.0
Dean College,0.5359,1074.0,38109.0
Georgian Court University,0.5357,1075.0,53096.0
University of Central Arkansas,0.5353,1076.0,45938.0
Marymount University,0.5351,1077.5,67516.0
Franklin Pierce University,0.5351,1077.5,53353.0
Menlo College,0.535,1079.0,76419.0
Rasmussen University-Minnesota,0.5349,1080.0,39080.0
Pennsylvania College of Technology,0.5348,1081.0,52567.0
Montserrat College of Art,0.5347,1082.0,33022.0
California State University-Stanislaus,0.5345,1083.0,63188.0
Santa Fe College,0.5343,1084.0,41631.0
Welch College,0.5342,1085.0,42198.0
Bridgewater State University,0.5341,1086.0,57466.0
Florida Agricultural and Mechanical University,0.5335,1087.0,44349.0
Stephen F Austin State University,0.5333,1090.0,49634.0
Aultman College of Nursing and Health Sciences,0.5333,1090.0,63582.0
Valley City State University,0.5333,1090.0,52725.0
Yeshivath Shaar Hatorah,0.5333,1090.0,
McKendree University,0.5333,1090.0,58572.0
Hartwick College,0.5332,1093.5,61107.0
Fairleigh Dickinson University-Metropolitan Campus,0.5332,1093.5,57273.0
Mount Saint Mary's University,0.5325,1095.5,72379.0
CUNY Queens College,0.5325,1095.5,62763.0
Carson-Newman University,0.5324,1097.0,48382.0
Bethel University,0.5322,1098.0,48860.0
University of Illinois Springfield,0.5321,1099.5,57103.0
East Tennessee State University,0.5321,1099.5,44859.0
Trevecca Nazarene University,0.5315,1101.0,49378.0
Ranken Technical College,0.5313,1102.5,55955.0
Chipola College,0.5313,1102.5,37378.0
Georgia State University,0.5306,1104.0,47384.0
Bridgewater College,0.5305,1105.0,53453.0
California State University-Los Angeles,0.5298,1106.0,59211.0
Washburn University,0.5296,1107.0,49774.0
South Dakota School of Mines and Technology,0.5295,1108.0,72257.0
Bluffton University,0.5294,1109.0,49547.0
Brookline College-Phoenix,0.5288,1110.0,29576.0
Concorde Career College-Kansas City,0.5286,1111.0,35242.0
Musicians Institute,0.5281,1112.5,32778.0
Newman University,0.5281,1112.5,55041.0
Farmingdale State College,0.5278,1114.5,69781.0
American Medical Academy,0.5278,1114.5,
University of Connecticut-Waterbury Campus,0.5273,1116.0,73997.0
Wittenberg University,0.5269,1117.0,54947.0
University of South Alabama,0.5267,1118.0,49379.0
Portland State University,0.5266,1119.0,57906.0
Brigham Young University-Hawaii,0.5264,1120.5,52064.0
The University of Texas at San Antonio,0.5264,1120.5,57131.0
Beis Medrash Heichal Dovid,0.5263,1123.0,
Rabbinical College Telshe,0.5263,1123.0,
University of Louisiana at Lafayette,0.5263,1123.0,47089.0
The University of Tennessee-Martin,0.5254,1125.0,44213.0
Dominican University New York,0.5251,1126.0,61171.0
Avila University,0.5238,1127.5,52773.0
Mount Marty University,0.5238,1127.5,48179.0
Oklahoma Baptist University,0.5237,1129.0,48434.0
Southern Wesleyan University,0.5236,1130.0,47756.0
Southwestern Adventist University,0.5234,1131.0,52946.0
Union Adventist University,0.5226,1132.0,55045.0
Northern Kentucky University,0.5224,1133.0,50220.0
York University,0.5221,1134.0,44130.0
Kennesaw State University,0.522,1135.0,57552.0
Morehead State University,0.5219,1136.0,43197.0
Calvary University,0.5217,1137.0,45421.0
Wayne State College,0.5215,1138.0,47075.0
Northern Michigan University,0.5214,1139.0,47107.0
Spring Hill College,0.521,1140.0,51500.0
Eastern Florida State College,0.5208,1141.0,37195.0
Universidad del Sagrado Corazon,0.5207,1142.5,31754.0
University of Massachusetts-Dartmouth,0.5207,1142.5,68804.0
Lynn University,0.5206,1144.0,49006.0
Plymouth State University,0.5203,1145.0,57304.0
University of Puerto Rico-Arecibo,0.52,1146.0,30512.0
Heidelberg University,0.5198,1147.0,48466.0
Saint Martin's University,0.519,1148.0,62092.0
Pennsylvania Western University,0.5188,1149.0,47295.0
University of Akron Main Campus,0.5186,1150.0,46600.0
Baptist University of Florida,0.5185,1151.0,42836.0
Sweet Briar College,0.5182,1152.0,51943.0
University of Mount Olive,0.5178,1153.0,47139.0
Western Connecticut State University,0.5176,1154.0,59115.0
New Hope Christian College-Eugene,0.5172,1155.5,31115.0
Laguna College of Art and Design,0.5172,1155.5,47867.0
Spalding University,0.5167,1158.0,49438.0
Rivier University,0.5167,1158.0,52248.0
Augsburg University,0.5167,1158.0,58829.0
University of Houston-Clear Lake,0.5163,1160.0,59004.0
Claflin University,0.516,1161.0,40304.0
University of Maine at Presque Isle,0.5155,1163.0,40956.0
Maine College of Art & Design,0.5155,1163.0,40778.0
Columbia College Chicago,0.5155,1163.0,42195.0
University of Maine at Farmington,0.5154,1165.0,44433.0
Alpena Community College,0.515,1166.0,36442.0
Albertus Magnus College,0.5148,1167.5,60144.0
University of the Ozarks,0.5148,1167.5,44384.0
Presbyterian College,0.5146,1169.0,60194.0
Spartan College of Aeronautics and Technology,0.5139,1170.0,49944.0
Lubbock Christian University,0.5136,1171.0,53787.0
Provo College,0.5135,1172.0,39645.0
California State University-Channel Islands,0.5132,1173.0,62152.0
Dakota State University,0.513,1174.0,50970.0
CUNY Lehman College,0.5128,1175.0,58013.0
The University of Montana-Western,0.5125,1176.0,43229.0
University of Northern Colorado,0.5124,1177.0,52231.0
Marshall University,0.5123,1178.5,46354.0
Central Methodist University-College of Liberal Arts and Sciences,0.5123,1178.5,48991.0
Minneapolis College of Art and Design,0.5116,1180.0,40873.0
Curry College,0.5112,1181.0,54400.0
Saint Elizabeth University,0.511,1182.0,53038.0
Grace Christian University,0.5104,1183.0,41663.0
Shepherd University,0.5103,1184.5,49358.0
Wichita State University,0.5103,1184.5,51532.0
Lake Superior State University,0.5098,1186.5,49045.0
University of the Incarnate Word,0.5098,1186.5,56733.0
Central Penn College,0.5091,1188.5,45370.0
Jackson State University,0.5091,1188.5,39060.0
The University of Texas Rio Grande Valley,0.509,1190.0,49620.0
University of Memphis,0.5089,1191.0,48458.0
LIM College,0.5087,1192.0,58956.0
University of Wisconsin-Stevens Point,0.5078,1193.0,52021.0
Carrington College-Sacramento,0.5077,1194.0,39633.0
Albright College,0.507,1195.0,58700.0
Jacksonville University,0.5065,1196.0,68010.0
Dickinson State University,0.506,1197.0,50720.0
Cleveland State University,0.5057,1198.0,52131.0
Paul Smiths College of Arts and Science,0.5055,1199.0,46145.0
Southern Nazarene University,0.5051,1200.5,54951.0
University of Nevada-Las Vegas,0.5051,1200.5,55037.0
Western Colorado University,0.505,1202.0,46833.0
Youngstown State University,0.5048,1203.0,41544.0
University of the Cumberlands,0.5043,1204.0,45036.0
Chadron State College,0.5041,1205.0,47002.0
Hannibal-LaGrange University,0.5039,1206.0,42643.0
San Francisco State University,0.5037,1207.0,68077.0
Benedictine University,0.5033,1208.0,63446.0
Montreat College,0.5031,1209.0,45151.0
Troy University,0.503,1210.0,42062.0
University of Puerto Rico-Rio Piedras,0.5026,1211.0,35723.0
The University of Tennessee-Chattanooga,0.5024,1212.0,51151.0
SUNY at Fredonia,0.5021,1213.0,54247.0
The University of Texas at El Paso,0.5017,1214.0,50923.0
Morningside University,0.5014,1215.0,55494.0
Eastern Kentucky University,0.5004,1216.0,45795.0
Rabbinical College Beth Shraga,0.5,1233.0,
Davis College,0.5,1233.0,31588.0
New York College of Health Professions,0.5,1233.0,31601.0
Mount Angel Seminary,0.5,1233.0,57436.0
Chamberlain University-Georgia,0.5,1233.0,92405.0
University of New Hampshire at Manchester,0.5,1233.0,66479.0
Notre Dame of Maryland University,0.5,1233.0,65344.0
Maryville College,0.5,1233.0,49279.0
American National University-Louisville,0.5,1233.0,28188.0
Caribbean University-Vega Baja,0.5,1233.0,22842.0
Mesivta Torah Vodaath Rabbinical Seminary,0.5,1233.0,
Hebrew Theological College,0.5,1233.0,33291.0
American University of Health Sciences,0.5,1233.0,93610.0
Talmudical Yeshiva of Philadelphia,0.5,1233.0,
Chamberlain University-Arizona,0.5,1233.0,92405.0
Fresno Pacific University,0.5,1233.0,58896.0
Criswell College,0.5,1233.0,43185.0
Southern California Seminary,0.5,1233.0,39607.0
California Miramar University,0.5,1233.0,
Northwest University-Center for Online and Extended Education,0.5,1233.0,54914.0
Southern California University of Health Sciences,0.5,1233.0,70649.0
Maharishi International University,0.5,1233.0,27981.0
Conception Seminary College,0.5,1233.0,50430.0
Christ Mission College,0.5,1233.0,
Hobe Sound Bible College,0.5,1233.0,39863.0
Evangel University-College of Online Learning,0.5,1233.0,46573.0
University of the Potomac-VA Campus,0.5,1233.0,34961.0
Kuyper College,0.5,1233.0,41066.0
Yeshiva Zichron Aryeh,0.5,1233.0,
Yeshivat Hechal Shemuel,0.5,1233.0,
Great Northern University,0.5,1233.0,
Union Bible College,0.5,1233.0,
Purdue University Global,0.5,1233.0,36596.0
Southern Connecticut State University,0.4993,1250.0,55043.0
University of Puerto Rico at Cayey,0.4983,1251.0,30958.0
California State University-Bakersfield,0.498,1252.0,59009.0
Lander University,0.4977,1253.5,42396.0
Salem State University,0.4977,1253.5,56662.0
University of Minnesota-Crookston,0.4976,1255.0,58056.0
Bryan College-Dayton,0.4974,1256.0,54434.0
Lincoln Memorial University,0.4966,1257.5,49956.0
Frostburg State University,0.4966,1257.5,55493.0
University of Hawaii-West Oahu,0.4955,1259.0,52075.0
Hope International University,0.4944,1260.0,49697.0
University of Massachusetts-Boston,0.4941,1261.0,65865.0
Southern Adventist University,0.4939,1262.0,53723.0
Lindenwood University,0.4933,1263.0,53278.0
University of Wisconsin-Milwaukee,0.4932,1264.0,54990.0
University of Mary Hardin-Baylor,0.4931,1265.0,56132.0
Trinity Washington University,0.4929,1266.0,53804.0
Warner Pacific University,0.4918,1267.5,55204.0
Alverno College,0.4918,1267.5,53145.0
Houston Christian University,0.4912,1269.0,55933.0
University of Puerto Rico-Mayaguez,0.491,1270.0,48992.0
Texas Woman's University,0.4906,1271.5,56544.0
University of Southern Mississippi,0.4906,1271.5,44140.0
University of Valley Forge,0.4904,1274.0,39016.0
Marymount Manhattan College,0.4904,1274.0,49131.0
University of Jamestown,0.4904,1274.0,56621.0
Clark Atlanta University,0.4902,1276.0,42712.0
Johnson & Wales University-Charlotte,0.4897,1277.0,43418.0
Northern State University,0.4894,1278.0,47618.0
Saint Johns River State College,0.4888,1279.0,41728.0
Georgetown College,0.4885,1280.5,52074.0
Hastings College,0.4885,1280.5,51303.0
Simpson University,0.4884,1282.5,54340.0
Brevard College,0.4884,1282.5,43545.0
Southern Arkansas University Main Campus,0.4882,1284.0,42386.0
Augusta University,0.4881,1285.0,48472.0
Chestnut Hill College,0.4878,1286.0,52015.0
Thiel College,0.4873,1287.0,49714.0
Northern Illinois University,0.4866,1289.0,57808.0
Northwest College,0.4866,1289.0,36950.0
Radford University,0.4866,1289.0,53739.0
Kansas Wesleyan University,0.4863,1291.0,51152.0
Pontifical Catholic University of Puerto Rico-Ponce,0.4859,1292.0,24908.0
University of Holy Cross,0.4857,1293.0,49316.0
Arkansas Tech University,0.4856,1294.0,41766.0
Xavier University of Louisiana,0.4855,1296.0,52184.0
California State Polytechnic University-Humboldt,0.4855,1296.0,47626.0
University of Arkansas at Monticello,0.4855,1296.0,36902.0
Belhaven University,0.4854,1298.0,46440.0
Coastal Carolina University,0.4846,1299.0,47258.0
Central Connecticut State University,0.4844,1300.0,58562.0
Adrian College,0.4842,1301.0,55504.0
Rocky Mountain College,0.4841,1302.0,49036.0
University of Hawaii at Hilo,0.4837,1303.0,47856.0
Lake-Sumter State College,0.4836,1304.0,39876.0
Dakota Wesleyan University,0.4832,1305.0,53728.0
Midwestern Baptist Theological Seminary,0.4828,1306.0,50535.0
Saginaw Valley State University,0.4825,1307.0,51955.0
University of Wisconsin-Green Bay,0.4822,1308.0,52528.0
Tarleton State University,0.4821,1309.0,53040.0
University of Southern Indiana,0.4818,1310.0,47605.0
Wilson College,0.4815,1311.0,43326.0
Averett University,0.4814,1312.0,51516.0
Rhode Island College,0.4813,1313.0,56318.0
Shawnee State University,0.4811,1314.0,39596.0
Delta State University,0.4806,1315.5,41991.0
St. Thomas University,0.4806,1315.5,54272.0
Eagle Gate College-Murray,0.48,1317.0,37518.0
Huntingdon College,0.4798,1318.0,49601.0
The University of Montana,0.4796,1319.0,44511.0
California State University-East Bay,0.4795,1320.0,71401.0
Bemidji State University,0.4787,1321.5,53755.0
King University,0.4787,1321.5,59831.0
Saint Joseph Seminary College,0.4783,1323.0,38366.0
Framingham State University,0.478,1324.5,52349.0
Valencia College,0.478,1324.5,40594.0
Indiana Institute of Technology,0.4779,1326.0,47327.0
Lenoir-Rhyne University,0.4778,1327.0,45543.0
University of Saint Mary,0.4776,1328.0,59483.0
Fort Hays State University,0.477,1329.0,48928.0
Brookline College-Tucson,0.4766,1330.0,29576.0
Concordia University Ann Arbor,0.4764,1331.5,56075.0
South Florida State College,0.4764,1331.5,39990.0
University of Pittsburgh-Bradford,0.4761,1333.0,66125.0
Tennessee Wesleyan University,0.4759,1334.0,45989.0
Missouri Baptist University,0.4758,1335.0,46660.0
Briar Cliff University,0.4751,1336.0,54475.0
Piedmont University,0.4741,1337.0,49130.0
The King's University,0.4737,1338.0,41471.0
Eastern Illinois University,0.4736,1339.0,51989.0
Catawba College,0.4729,1340.0,48793.0
Wilmington College,0.4727,1341.0,48491.0
Gallaudet University,0.4726,1342.0,43101.0
Bismarck State College,0.4724,1343.5,54277.0
Charleston Southern University,0.4724,1343.5,45898.0
Alaska Pacific University,0.4722,1346.5,54271.0
Vermont State University,0.4722,1346.5,50331.0
Felician University,0.4722,1346.5,57602.0
Cambridge College of Healthcare & Technology,0.4722,1346.5,28190.0
Rockford University,0.472,1349.0,54794.0
University of Puerto Rico-Humacao,0.4712,1351.0,29521.0
East Texas Baptist University,0.4712,1351.0,52788.0
Western Oregon University,0.4712,1351.0,51815.0
University of Nebraska at Omaha,0.4708,1353.0,53909.0
Brookline College-Albuquerque,0.4706,1354.5,29576.0
University of Virginia's College at Wise,0.4706,1354.5,45325.0
McNeese State University,0.4704,1356.0,46453.0
James A. Rhodes State College,0.4697,1357.0,41855.0
University of Colorado Colorado Springs,0.4693,1358.0,54659.0
LaGrange College,0.4692,1359.0,51745.0
Ferris State University,0.4687,1360.0,54735.0
Bethany College,0.4682,1361.0,44512.0
William Woods University,0.4681,1362.0,42401.0
Kentucky Wesleyan College,0.468,1363.0,46747.0
Columbia International University,0.4679,1364.0,38951.0
Mississippi University for Women,0.4677,1365.0,46128.0
Lyon College,0.4676,1366.0,44232.0
The College of Health Care Professions-Northwest,0.4673,1367.0,33070.0
Belmont Abbey College,0.4668,1368.5,47937.0
Winston-Salem State University,0.4668,1368.5,45344.0
Herzing University-Minneapolis,0.4667,1370.5,36909.0
Clarkson College,0.4667,1370.5,64876.0
Saint Mary-of-the-Woods College,0.4663,1372.0,43845.0
Kean University,0.4657,1373.0,57237.0
Zane State College,0.4648,1374.0,35006.0
Texas A & M International University,0.4647,1375.0,48386.0
Eastern Michigan University,0.4644,1376.0,51793.0
Randolph College,0.4639,1377.0,53409.0
Wingate University,0.4635,1378.0,52649.0
University of Puerto Rico-Aguadilla,0.4633,1379.0,27997.0
Old Dominion University,0.4632,1380.0,54914.0
Anna Maria College,0.4623,1381.0,46651.0
Weber State University,0.462,1382.5,56287.0
Greensboro College,0.462,1382.5,46566.0
Western Governors University,0.4618,1384.5,60615.0
University of Puerto Rico at Ponce,0.4618,1384.5,31394.0
Rabbinical Academy Mesivta Rabbi Chaim Berlin,0.4615,1387.5,
Allegheny Wesleyan College,0.4615,1387.5,37453.0
University of Colorado Denver/Anschutz Medical Campus,0.4615,1387.5,64270.0
Ilisagvik College,0.4615,1387.5,39541.0
University of Wisconsin-Oshkosh,0.4614,1390.0,55548.0
Our Lady of the Lake University,0.4611,1391.0,48675.0
Trinity International University-Illinois,0.461,1392.0,46989.0
Manchester University,0.4608,1393.0,51504.0
Hardin-Simmons University,0.4604,1394.0,54771.0
Trinity Bible College and Graduate School,0.4595,1395.0,35604.0
Miami Dade College,0.4594,1396.0,40654.0
American International College,0.4591,1397.0,53124.0
Concordia University-Saint Paul,0.459,1398.0,59871.0
Renton Technical College,0.4586,1399.0,49782.0
Barton College,0.4585,1400.0,47913.0
Donnelly College,0.4583,1401.0,35715.0
Snow College,0.4582,1402.0,41022.0
Guilford College,0.4581,1403.0,47590.0
Benjamin Franklin Cummings Institute of Technology,0.4577,1404.0,57556.0
Mercy University,0.4571,1405.0,52055.0
Mosdos Yaakov V'Yisroel,0.4561,1406.5,
Indiana University-Kokomo,0.4561,1406.5,49917.0
Huertas College,0.4559,1408.5,22927.0
Cumberland University,0.4559,1408.5,57687.0
University of Charleston,0.4555,1410.0,55774.0
San Diego Global Knowledge University,0.4545,1412.5,
Rasmussen University-Kansas,0.4545,1412.5,39080.0
Franciscan Missionaries of Our Lady University,0.4545,1412.5,59419.0
Pacific Rim Christian University,0.4545,1412.5,40523.0
SUNY College of Technology at Delhi,0.4543,1415.0,51629.0
Southeastern Louisiana University,0.4541,1416.0,46482.0
Crown College,0.4539,1417.0,48057.0
SUNY College at Potsdam,0.453,1418.0,47866.0
Western Illinois University,0.4522,1419.0,54163.0
Erskine College,0.4518,1420.0,53459.0
Newberry College,0.4514,1421.0,48040.0
Utah Valley University,0.4511,1422.0,55486.0
Southwest Minnesota State University,0.451,1423.0,51342.0
Eastern New Mexico University-Main Campus,0.4509,1424.0,38550.0
Minot State University,0.4505,1425.0,51759.0
Quincy University,0.4504,1426.0,50369.0
Saint Leo University,0.45,1427.0,48364.0
Malone University,0.4498,1428.0,48909.0
Indian River State College,0.4491,1429.0,38315.0
Mars Hill University,0.4487,1430.0,44781.0
Urshan University,0.4483,1431.0,
William Peace University,0.4481,1432.0,46643.0
Escuela de Artes Plasticas y Diseno de Puerto Rico,0.4478,1433.0,21790.0
Oakwood University,0.4462,1434.0,42488.0
Concordia University Texas,0.446,1435.0,60883.0
Morgan Community College,0.4458,1436.0,39429.0
SUNY Old Westbury,0.4457,1437.0,58526.0
Wesleyan College,0.4452,1438.0,44317.0
College of Central Florida,0.4446,1439.0,38203.0
Caribbean University-Carolina,0.4444,1442.0,22842.0
American Jewish University,0.4444,1442.0,61954.0
Valor Christian College,0.4444,1442.0,
Mission University,0.4444,1442.0,38641.0
Hellenic College-Holy Cross Greek Orthodox School of Theology,0.4444,1442.0,51724.0
Full Sail University,0.4433,1445.0,38219.0
Skyline College,0.443,1446.0,55702.0
McMurry University,0.4429,1447.5,48779.0
Manhattan Christian College,0.4429,1447.5,48860.0
Fairmont State University,0.4425,1449.0,46857.0
Mid-America Christian University,0.4423,1450.0,46116.0
Inter American University of Puerto Rico-Guayama,0.4421,1451.0,25827.0
Marian University,0.4416,1452.0,53501.0
University of Science and Arts of Oklahoma,0.4413,1453.0,41913.0
Rochester Christian University,0.4412,1454.0,48707.0
Lindsey Wilson University,0.4406,1455.0,41129.0
Berkeley College-New York,0.4401,1456.0,45884.0
Angelo State University,0.4397,1457.0,50116.0
William Paterson University of New Jersey,0.4396,1458.0,57780.0
Bay Path University,0.4394,1459.0,55383.0
Louisiana Christian University,0.4387,1460.0,51700.0
Berkeley College-Woodland Park,0.4371,1461.0,40251.0
South Puget Sound Community College,0.437,1462.0,45039.0
Toccoa Falls College,0.4366,1463.0,36630.0
Pennsylvania State University-Penn State Erie-Behrend College,0.4363,1464.0,63435.0
Metropolitan State University,0.4357,1465.5,64705.0
Reinhardt University,0.4357,1465.5,46541.0
Lincoln University,0.4355,1467.0,43167.0
Moorpark College,0.4354,1468.5,49044.0
University of North Carolina at Pembroke,0.4354,1468.5,43407.0
Methodist University,0.4351,1470.5,48050.0
Elizabeth City State University,0.4351,1470.5,40026.0
University of West Georgia,0.4349,1472.5,49587.0
Eastern Washington University,0.4349,1472.5,57897.0
Professional Skills Institute,0.4348,1474.0,47765.0
Gulf Coast State College,0.4346,1475.5,38359.0
Grand Canyon University,0.4346,1475.5,42186.0
Turtle Mountain College,0.4341,1477.0,32079.0
Francis Marion University,0.4339,1478.0,43888.0
Bates Technical College,0.4337,1479.0,50051.0
Friends University,0.4335,1480.0,52113.0
Wenatchee Valley College,0.433,1481.0,41127.0
Ensign College,0.4329,1482.0,50630.0
Dillard University,0.4328,1483.0,39196.0
Drury University-College of Continuing Professional Studies,0.4324,1484.0,40694.0
Daytona State College,0.4323,1485.0,37096.0
Northwestern State University of Louisiana,0.432,1486.5,47021.0
Prairie View A & M University,0.432,1486.5,45411.0
Schreiner University,0.4318,1488.0,52228.0
Inter American University of Puerto Rico-San German,0.4316,1489.0,25416.0
East Stroudsburg University of Pennsylvania,0.4312,1490.0,56148.0
University of South Carolina-Upstate,0.4304,1491.5,48587.0
University of Arkansas Grantham,0.4304,1491.5,63496.0
Landmark College,0.4302,1493.0,29813.0
Eastern Oregon University,0.43,1494.0,50112.0
Mount Mary University,0.4296,1495.0,48745.0
Voorhees University,0.4295,1496.0,35339.0
Spartanburg Methodist College,0.4292,1497.0,42895.0
Purdue University Northwest,0.4291,1498.0,48318.0
Inter American University of Puerto Rico-Aguadilla,0.4288,1499.5,24776.0
Indiana State University,0.4288,1499.5,48387.0
Laurus College,0.4286,1503.5,30896.0
National University,0.4286,1503.5,67548.0
Ottawa University-Online,0.4286,1503.5,55552.0
Veritas Baptist College,0.4286,1503.5,
University of Massachusetts Global,0.4286,1503.5,65703.0
Yeshiva Yesoda Hatorah Vetz Chaim,0.4286,1503.5,
Southern New Hampshire University,0.4283,1507.0,50318.0
East Texas A&M University,0.4281,1508.0,50296.0
California State University-Dominguez Hills,0.4279,1509.0,57162.0
Clover Park Technical College,0.4275,1510.0,41787.0
Stephens College,0.4274,1511.5,43071.0
Midwestern State University,0.4274,1511.5,55747.0
Capitol Technology University,0.4268,1513.0,85035.0
Black Hills State University,0.4263,1514.0,46674.0
Caribbean University-Bayamon,0.4255,1515.5,22842.0
Southeastern University,0.4255,1515.5,46744.0
Eastwick College-Hackensack,0.4254,1517.0,39762.0
Southern Oregon University,0.4253,1518.0,49175.0
Atenas University,0.4248,1519.0,20231.0
ECPI University,0.4246,1520.0,42837.0
Lakeland University,0.4245,1521.0,55961.0
Oklahoma State University Institute of Technology,0.4239,1522.0,45634.0
Valdosta State University,0.4236,1523.0,49361.0
SUNY College of Agriculture and Technology at Cobleskill,0.4234,1524.0,45030.0
Emmanuel University,0.4228,1525.0,38208.0
Columbia College,0.4219,1526.0,45378.0
Mitchell College,0.4218,1527.0,39115.0
Warner University,0.4213,1528.0,46086.0
Midland University,0.4212,1529.0,52163.0
South College,0.4211,1530.5,36642.0
South University-Richmond,0.4211,1530.5,34421.0
Lees-McRae College,0.4208,1532.0,43415.0
Campbellsville University,0.4201,1533.0,41583.0
Warren Wilson College,0.42,1534.0,36260.0
North Carolina Wesleyan University,0.4197,1535.0,45873.0
Graceland University-Lamoni,0.4195,1536.0,47361.0
Eastern Arizona College,0.4194,1537.5,38018.0
Pennsylvania State University-Penn State Shenango,0.4194,1537.5,63435.0
University of Wisconsin-Superior,0.4188,1539.0,49606.0
Texas A&M University-Kingsville,0.4187,1540.0,51450.0
Nossi College of Art and Design,0.418,1541.0,35113.0
Columbus State University,0.4176,1542.0,44544.0
Young Harris College,0.4175,1543.0,47195.0
SAE Institute of Technology-Nashville,0.4173,1544.0,39544.0
Centralia College,0.4172,1545.0,43140.0
Wright State University-Main Campus,0.4169,1546.0,49500.0
Saint Charles Borromeo Seminary-Overbrook,0.4167,1549.5,55225.0
Southeastern Free Will Baptist Bible College,0.4167,1549.5,
University of Pikeville,0.4167,1549.5,48231.0
Bellingham Technical College,0.4167,1549.5,49748.0
Herzing University-Brookfield,0.4167,1549.5,36909.0
Chamberlain University-Illinois,0.4167,1549.5,92405.0
University of Arkansas at Little Rock,0.4165,1553.5,45265.0
North Carolina Central University,0.4165,1553.5,42968.0
University of North Texas at Dallas,0.4164,1555.5,
Virginia Wesleyan University,0.4164,1555.5,50074.0
Eureka College,0.4161,1557.0,51641.0
Missouri Southern State University,0.4158,1558.0,42620.0
Nelson University,0.4156,1559.0,46238.0
Rasmussen University-Florida,0.4155,1560.0,39080.0
Big Bend Community College,0.4151,1561.0,43814.0
Cleary University,0.4146,1562.0,54186.0
Inter American University of Puerto Rico-Ponce,0.4144,1563.0,26721.0
Seminole State College of Florida,0.4129,1565.0,41733.0
Sterling College,0.4129,1565.0,45846.0
Los Angeles Film School,0.4129,1565.0,31632.0
Los Angeles College of Music,0.4127,1567.5,31758.0
Art Academy of Cincinnati,0.4127,1567.5,34368.0
Empire State University,0.4123,1569.0,54080.0
University of Bridgeport,0.4119,1570.0,50323.0
Antioch College,0.4118,1571.5,
Rabbinical College of Ohr Shimon Yisroel,0.4118,1571.5,
Bethel College-North Newton,0.4112,1573.0,49898.0
Sinclair Community College,0.4111,1575.5,37558.0
MiraCosta College,0.4111,1575.5,43845.0
Montana State University-Northern,0.4111,1575.5,49505.0
Fort Valley State University,0.4111,1575.5,36666.0
Palm Beach State College,0.4106,1578.0,41923.0
Ohio Dominican University,0.4102,1579.0,51748.0
Western Nevada College,0.41,1580.5,41987.0
Pasco-Hernando State College,0.41,1580.5,39903.0
Wright State University-Lake Campus,0.4091,1582.0,49500.0
Morgan State University,0.4087,1583.0,50698.0
Great Basin College,0.4086,1584.0,39289.0
Northern Marianas College,0.4074,1585.5,27836.0
The Evergreen State College,0.4074,1585.5,45320.0
Midway University,0.4069,1587.0,44246.0
Georgia Southwestern State University,0.4064,1588.0,48757.0
Colorado Mesa University,0.4061,1589.0,45823.0
Mayville State University,0.406,1590.0,47828.0
Cheyney University of Pennsylvania,0.4059,1591.0,37837.0
Bryan University,0.4056,1592.0,40283.0
Thomas More University,0.405,1593.0,59384.0
Gods Bible School and College,0.4048,1594.0,37722.0
University of Arkansas at Pine Bluff,0.4043,1595.0,35550.0
University of Wisconsin-Parkside,0.404,1596.5,51129.0
Life Pacific University,0.404,1596.5,43299.0
University of Southern Maine,0.4035,1598.0,49958.0
Saint Cloud State University,0.4032,1599.0,55813.0
University of Michigan-Flint,0.4031,1600.0,53230.0
The Southern Baptist Theological Seminary,0.4025,1601.0,
Austin Peay State University,0.4024,1602.0,44301.0
Lewis-Clark State College,0.4017,1603.5,46001.0
Texas A&M University-San Antonio,0.4017,1603.5,54338.0
Texas A & M University-Corpus Christi,0.4015,1605.0,51865.0
Indiana University-South Bend,0.4009,1606.0,44947.0
University of Dubuque,0.4008,1607.0,51190.0
Universidad Central Del Caribe,0.4,1612.0,31468.0
Metropolitan College of New York,0.4,1612.0,46236.0
Albizu University-Miami,0.4,1612.0,41544.0
Ecclesia College,0.4,1612.0,40650.0
Yeshiva Gedolah of Greater Detroit,0.4,1612.0,
Keser Torah-Mayan Hatalmud,0.4,1612.0,
College of Biblical Studies-Houston,0.4,1612.0,39260.0
Sessions College,0.4,1612.0,
Midwives College of Utah,0.4,1612.0,
Grayson College,0.3994,1617.0,40873.0
Pontifical Catholic University of Puerto Rico-Mayaguez,0.3989,1618.0,24908.0
Arizona Christian University,0.3987,1619.5,51612.0
Tiffin University,0.3987,1619.5,35942.0
Clayton  State University,0.3986,1621.0,49179.0
University of South Carolina Aiken,0.3985,1622.0,45603.0
Greenville University,0.3982,1623.0,46827.0
Baptist Health Sciences University,0.398,1624.0,72529.0
Colorado State University Pueblo,0.3973,1625.0,55563.0
University of Pittsburgh-Greensburg,0.397,1626.0,66125.0
Southwestern Oklahoma State University,0.3969,1627.0,45744.0
The University of Texas Permian Basin,0.3967,1628.0,56073.0
Indiana University-East,0.3958,1629.0,47156.0
Aims Community College,0.3957,1630.0,41887.0
Coker University,0.3953,1631.0,40117.0
Grays Harbor College,0.3947,1632.5,40865.0
Fremont University,0.3947,1632.5,39003.0
Virginia State University,0.3944,1634.5,45543.0
University of Maine at Fort Kent,0.3944,1634.5,51077.0
Adams State University,0.3942,1636.0,44372.0
Atlantic University,0.3941,1637.0,25272.0
Idaho State University,0.3939,1638.0,45608.0
Mary Baldwin University,0.393,1639.0,44427.0
Pennsylvania State University-Penn State Scranton,0.3929,1640.5,63435.0
Davis & Elkins College,0.3929,1640.5,43411.0
Talmudical Seminary of Bobov,0.3922,1642.0,22432.0
Florida SouthWestern State College,0.3921,1643.0,43421.0
Indiana University-Southeast,0.3919,1644.5,47596.0
Vaughn College of Aeronautics and Technology,0.3919,1644.5,64973.0
West Virginia State University,0.3918,1646.0,40492.0
Culver-Stockton College,0.3916,1647.0,46092.0
Broward College,0.3913,1648.0,41939.0
Delaware State University,0.391,1649.0,49307.0
Concord University,0.3897,1650.0,42703.0
Clark College,0.3895,1651.0,42356.0
Inter American University of Puerto Rico-Arecibo,0.3892,1653.0,24539.0
Vincennes University,0.3892,1653.0,41110.0
Alice Lloyd College,0.3892,1653.0,40573.0
American Baptist College,0.3889,1657.0,41216.0
West Coast University-Ontario,0.3889,1657.0,102672.0
DeVry University-Ohio,0.3889,1657.0,45987.0
AdventHealth University,0.3889,1657.0,72282.0
Universidad Teologica del Caribe,0.3889,1657.0,23536.0
Northwest Florida State College,0.3888,1660.0,39664.0
Inter American University of Puerto Rico-Metro,0.3881,1661.0,30821.0
Green River College,0.3877,1662.0,50712.0
Siena Heights University,0.3862,1663.5,57529.0
Pennsylvania State University-Penn State Fayette- Eberly,0.3862,1663.5,63435.0
Missouri Western State University,0.3854,1665.0,42647.0
Norfolk State University,0.385,1666.0,44666.0
Fayetteville State University,0.3846,1668.5,40144.0
Pillar College,0.3846,1668.5,45577.0
Clear Creek Baptist Bible College,0.3846,1668.5,41623.0
Eagle Gate College-Layton,0.3846,1668.5,37518.0
SUNY College of Technology at Canton,0.3845,1671.0,47860.0
Park University,0.3843,1672.0,56309.0
Laramie County Community College,0.384,1673.0,44783.0
Utah Tech University,0.3839,1674.0,44570.0
State College of Florida-Manatee-Sarasota,0.3829,1675.0,40318.0
St Petersburg College,0.3825,1676.0,42557.0
Walla Walla Community College,0.3822,1677.0,43526.0
Humacao Community College,0.3821,1678.0,20064.0
Bowie State University,0.382,1679.0,54537.0
CEM College-Humacao,0.3818,1680.0,21033.0
University of Baltimore,0.3816,1681.0,61335.0
Bloomfield College of Montclair State University,0.3811,1682.0,61415.0
Georgia Military College,0.3803,1683.0,39257.0
Inter American University of Puerto Rico-Barranquitas,0.3802,1684.0,23204.0
University of Alaska Fairbanks,0.3801,1685.5,48866.0
Edison State Community College,0.3801,1685.5,41360.0
University of New Orleans,0.3799,1687.0,47872.0
Lake Erie College,0.3795,1688.5,50417.0
Tallahassee State College,0.3795,1688.5,37561.0
Life University,0.3793,1690.0,47397.0
University of Arkansas-Fort Smith,0.3788,1691.0,41102.0
Barry University,0.3787,1692.0,55966.0
Truett McConnell University,0.3781,1693.0,46700.0
Kent State University at Tuscarawas,0.3774,1694.0,45388.0
Shorter University,0.3769,1695.0,44604.0
Inter American University of Puerto Rico-Fajardo,0.3767,1696.0,23132.0
The College of Westchester,0.3765,1697.0,42215.0
Virginia University of Lynchburg,0.3762,1698.0,28396.0
Peru State College,0.3761,1699.0,47071.0
Louisiana State University-Shreveport,0.3754,1700.0,47477.0
Alaska Bible College,0.375,1702.0,
Strayer University-Maryland,0.375,1702.0,40092.0
University of the West,0.375,1702.0,
Central Wyoming College,0.3744,1704.0,34402.0
Faulkner University,0.374,1705.0,43457.0
Indiana University-Northwest,0.3738,1706.0,43361.0
Henderson State University,0.3734,1707.0,43459.0
Lamar University,0.3732,1708.0,49652.0
University of North Georgia,0.3729,1709.0,50135.0
Cypress College,0.3728,1710.0,43533.0
University of Puerto Rico-Carolina,0.3727,1711.0,30626.0
California College of ASU,0.3723,1712.0,42014.0
Herzing University-Orlando,0.3714,1713.0,36909.0
University of Puerto Rico,0.3706,1714.0,34409.0
Odessa College,0.3702,1715.0,42026.0
Lake Washington Institute of Technology,0.3701,1716.0,50669.0
Bluefield State University,0.37,1717.0,38217.0
University of Guam,0.369,1718.5,35946.0
The University of Tennessee Southern,0.369,1718.5,38924.0
Peninsula College,0.3688,1720.5,37078.0
Columbia College,0.3688,1720.5,41338.0
Florida State College at Jacksonville,0.3683,1722.0,42244.0
University of Central Oklahoma,0.3676,1723.0,48351.0
Lackawanna College,0.3673,1724.0,41000.0
Kent State University at Stark,0.3672,1725.0,45388.0
Kentucky Christian University,0.3667,1727.0,42375.0
Caribbean University-Ponce,0.3667,1727.0,22842.0
Naropa University,0.3667,1727.0,28720.0
South Carolina State University,0.3663,1729.0,38262.0
Everett Community College,0.3662,1730.0,45434.0
DeVry University-Illinois,0.3657,1731.0,45987.0
San Joaquin Valley College-Visalia,0.3647,1732.0,38317.0
Concordia University-Chicago,0.3646,1733.0,54089.0
Pensacola State College,0.3642,1734.0,36739.0
Whatcom Community College,0.3639,1735.0,44092.0
Strayer University-Virginia,0.3636,1738.0,40092.0
Yeshiva Yesodei Hatorah,0.3636,1738.0,
South Florida Bible College and Theological Seminary,0.3636,1738.0,45354.0
Rabbinical College Ohr Yisroel,0.3636,1738.0,
Universidad Adventista de las Antillas,0.3636,1738.0,28465.0
Purdue University Fort Wayne,0.3627,1741.5,45872.0
Santa Monica College,0.3627,1741.5,42193.0
Solano Community College,0.3619,1743.0,44170.0
Grambling State University,0.3616,1744.0,41109.0
Abraham Baldwin Agricultural College,0.3615,1745.0,34996.0
Skagit Valley College,0.3612,1746.0,43505.0
North Central State College,0.3606,1747.0,38158.0
University of Rio Grande,0.3602,1748.0,41478.0
Academy College,0.36,1750.0,48300.0
Beal University,0.36,1750.0,35639.0
Great Lakes Christian College,0.36,1750.0,31053.0
Keystone College,0.3587,1752.0,44976.0
Crowley's Ridge College,0.3585,1753.0,39533.0
Baker College,0.3583,1754.0,35833.0
Bellevue College,0.3578,1755.0,56310.0
Bethany College,0.3574,1756.0,49694.0
Southwestern College,0.3568,1757.0,55646.0
Fort Lewis College,0.3564,1758.0,46349.0
Highline College,0.3546,1759.0,47869.0
Front Range Community College,0.3545,1760.0,45910.0
Northeastern State University,0.3536,1761.0,45379.0
Polk State College,0.3534,1762.0,40624.0
University of Maryland Eastern Shore,0.3533,1763.0,47697.0
The University of Olivet,0.3527,1764.0,47907.0
Roosevelt University,0.3514,1765.5,48712.0
University of Advancing Technology,0.3514,1765.5,50719.0
Bethel University,0.3505,1767.0,47482.0
Pfeiffer University,0.3497,1768.0,51562.0
Indiana Wesleyan University-National & Global,0.3495,1769.0,59986.0
Inter American University of Puerto Rico-Bayamon,0.3492,1770.0,29936.0
Hawaii Pacific University,0.3489,1771.0,59593.0
Yeshiva Gedolah Kesser Torah,0.3478,1772.0,
Oklahoma Wesleyan University,0.3476,1773.5,59841.0
San Diego Mesa College,0.3476,1773.5,45120.0
University of West Alabama,0.347,1775.0,44232.0
Weatherford College,0.3462,1776.0,42397.0
Feather River Community College District,0.3457,1777.0,38142.0
New England College,0.3451,1778.0,42092.0
East Central University,0.3442,1779.0,44962.0
Antelope Valley Community College District,0.3438,1780.5,36526.0
Universidad Central de Bayamon,0.3438,1780.5,25021.0
Academy of Art University,0.3432,1782.0,39008.0
Johnson C Smith University,0.3429,1783.0,42680.0
Universidad Ana G. Mendez-Carolina Campus,0.3426,1784.0,24328.0
Louisiana State University at Alexandria,0.3422,1785.0,42205.0
Aaniiih Nakoda College,0.3421,1786.5,30528.0
Stone Child College,0.3421,1786.5,24555.0
Trinity College of Jacksonville,0.3418,1788.5,37275.0
Hillsborough College,0.3418,1788.5,40782.0
Pennsylvania State University-World Campus,0.3415,1790.5,63435.0
Virginia Union University,0.3415,1790.5,38275.0
The College of the Florida Keys,0.3413,1792.0,42508.0
Eastern International College-Jersey City,0.3412,1793.0,35008.0
Central Baptist College,0.3411,1794.0,46789.0
College of Micronesia-FSM,0.3408,1795.0,24651.0
Point University,0.3407,1796.0,38740.0
University of South Carolina Beaufort,0.3399,1797.5,48088.0
Tennessee State University,0.3399,1797.5,42730.0
Huston-Tillotson University,0.3394,1799.5,42937.0
Ohio Christian University,0.3394,1799.5,39813.0
College of Staten Island CUNY,0.3393,1801.0,53501.0
Glenville State University,0.3392,1802.5,39315.0
McPherson College,0.3392,1802.5,52084.0
New Jersey City University,0.3389,1804.5,52745.0
Upper Iowa University,0.3389,1804.5,52766.0
Harrisburg University of Science and Technology,0.3387,1806.0,52374.0
Pennsylvania State University-Penn State DuBois,0.3381,1807.0,63435.0
Tabor College,0.3374,1808.0,54058.0
Pennsylvania State University-Penn State Mont Alto,0.3365,1809.0,63435.0
Nevada State University,0.3358,1810.0,53166.0
University of the People,0.3354,1811.5,
Colorado Northwestern Community College,0.3354,1811.5,43526.0
Yavapai College,0.3353,1813.0,39890.0
Southern Virginia University,0.3347,1814.0,50002.0
Schiller International University,0.3333,1823.5,35529.0
University of the Potomac-Washington DC Campus,0.3333,1823.5,34961.0
Chamberlain University-Florida,0.3333,1823.5,92405.0
Machzikei Hadath Rabbinical College,0.3333,1823.5,41527.0
Chamberlain University-New Jersey,0.3333,1823.5,92405.0
Bais Medrash Toras Chesed,0.3333,1823.5,
University of Maryland Global Campus,0.3333,1823.5,65287.0
Polytechnic University of Puerto Rico-Orlando,0.3333,1823.5,47540.0
University of Management and Technology,0.3333,1823.5,68530.0
Strayer University-North Carolina,0.3333,1823.5,40092.0
Beulah Heights University,0.3333,1823.5,35236.0
West Coast University-Miami,0.3333,1823.5,102672.0
DeVry University-Texas,0.3333,1823.5,45987.0
Latin American Bible Institute,0.3333,1823.5,
America Evangelical University,0.3333,1823.5,
DeVry University-Florida,0.3333,1823.5,45987.0
American National University,0.3333,1823.5,26370.0
Spokane Community College,0.3333,1823.5,41984.0
SUNY Buffalo State University,0.3331,1833.0,52334.0
Columbia Basin College,0.333,1834.0,46680.0
Columbia Southern University,0.3328,1835.0,63534.0
University of the District of Columbia,0.3324,1836.0,44236.0
University of Houston-Downtown,0.332,1837.0,53551.0
College of Southern Idaho,0.3316,1838.0,40916.0
Tougaloo College,0.3311,1839.0,34724.0
Crestpoint University,0.3303,1840.0,42269.0
Remington College-Shreveport Campus,0.3302,1841.0,31349.0
Palo Alto College,0.3296,1842.5,37448.0
West Virginia University Institute of Technology,0.3296,1842.5,55939.0
Bellevue University,0.3295,1844.0,61289.0
Brenau University,0.3291,1845.0,54003.0
Andrew College,0.3281,1846.0,38475.0
North Seattle College,0.3277,1847.0,47728.0
Galveston College,0.327,1848.0,37233.0
William Penn University,0.3262,1849.0,48936.0
Auburn University at Montgomery,0.326,1850.0,44391.0
Ozarks Technical Community College,0.3254,1851.0,36455.0
Western Wyoming Community College,0.325,1852.0,40939.0
Lourdes University,0.3246,1853.0,48150.0
American Samoa Community College,0.3241,1854.0,30087.0
Washington State College of Ohio,0.3238,1855.0,37988.0
Dallas College,0.3232,1856.0,41714.0
Colegio Universitario de San Juan,0.3226,1857.5,26510.0
Barclay College,0.3226,1857.5,36355.0
CUNY York College,0.3225,1859.0,56945.0
Western New Mexico University,0.3223,1860.0,39095.0
Kent State University at Trumbull,0.3218,1861.0,45388.0
Mid-America College of Funeral Service,0.3214,1862.5,44505.0
Truckee Meadows Community College,0.3214,1862.5,44573.0
Union Commonwealth University,0.3213,1864.0,42002.0
Los Angeles Valley College,0.3212,1865.0,42678.0
Cascadia College,0.321,1866.0,54133.0
Spokane Falls Community College,0.3204,1867.0,38955.0
Red Rocks Community College,0.3201,1868.0,46288.0
Northwest Vista College,0.3198,1869.0,42490.0
Kentucky State University,0.319,1870.5,36382.0
Ferrum College,0.319,1870.5,44296.0
Pennsylvania State University-Penn State Schuylkill,0.3188,1872.0,63435.0
Bais HaMedrash and Mesivta of Baltimore,0.3182,1873.0,
Rocky Mountain College of Art and Design,0.3176,1874.0,42958.0
Miami University-Middletown,0.3175,1875.0,55076.0
Beckfield College-Florence,0.3171,1876.5,37114.0
College of Menominee Nation,0.3171,1876.5,25853.0
Bryant & Stratton College-Syracuse North,0.3163,1878.0,32568.0
Sterling College,0.3158,1881.0,30573.0
Boise Bible College,0.3158,1881.0,33140.0
Boston Architectural College,0.3158,1881.0,62123.0
Pontifical College Josephinum,0.3158,1881.0,
North American University,0.3158,1881.0,
Seattle Central College,0.3155,1884.0,43307.0
Metropolitan State University of Denver,0.3154,1886.5,52093.0
Southeastern Oklahoma State University,0.3154,1886.5,45079.0
Tacoma Community College,0.3154,1886.5,47168.0
Texas Wesleyan University,0.3154,1886.5,54053.0
Pennsylvania State University-Penn State Berks,0.3152,1889.0,63435.0
Villa Maria College,0.3145,1890.0,38857.0
South Seattle College,0.3142,1891.0,44486.0
Universidad Ana G. Mendez-Gurabo Campus,0.314,1892.0,26223.0
Crafton Hills College,0.3128,1893.0,42553.0
West Coast University-Texas,0.3125,1894.0,102672.0
Florida National University-Main Campus,0.3119,1895.0,33928.0
College of the Mainland,0.3118,1896.0,39639.0
Florida Memorial University,0.311,1897.0,36624.0
Albany State University,0.3105,1898.0,40674.0
Yeshiva Toras Chaim,0.3103,1900.0,62526.0
Yeshivas Sanz Klauzenburg,0.3103,1900.0,
Olympic College,0.3103,1900.0,43169.0
Potomac State College of West Virginia University,0.3096,1902.0,55939.0
Lorain County Community College,0.3094,1903.0,38837.0
Talladega College,0.3091,1904.0,32229.0
Kent State University at Salem,0.3087,1905.0,45388.0
Trocaire College,0.3086,1906.0,55318.0
Universidad Ana G. Mendez-Cupey Campus,0.3085,1907.5,24490.0
Santa Ana College,0.3085,1907.5,43552.0
DeVry College of New York,0.3077,1909.5,45987.0
Pierce College District,0.3077,1909.5,47532.0
Pueblo Community College,0.3068,1911.0,37434.0
Cameron University,0.3067,1912.0,40118.0
Marion Technical College,0.3062,1913.0,41495.0
Defiance College,0.3057,1914.0,49351.0
Bethune-Cookman University,0.3052,1915.0,38518.0
Laredo College,0.3045,1916.0,33934.0
Cochise County Community College District,0.3044,1917.0,38033.0
Yeshiva Sholom Shachna,0.3043,1918.0,
Philander Smith University,0.3038,1919.0,38427.0
Northwestern Oklahoma State University,0.3035,1920.0,44358.0
Alabama State University,0.3034,1921.0,34502.0
Central Ohio Technical College,0.3026,1922.5,39168.0
Rabbinical Seminary of America,0.3026,1922.5,
Bay Mills Community College,0.3023,1924.0,30048.0
California Aeronautical University,0.3019,1925.0,38361.0
National Louis University,0.3014,1926.0,45799.0
San Jacinto Community College,0.3011,1927.0,43062.0
Montana State University Billings,0.3004,1928.0,44296.0
Maria College of Albany,0.3,1929.0,55458.0
Chowan University,0.2995,1930.0,38412.0
Sul Ross State University,0.2994,1931.0,41871.0
Fisk University,0.2993,1932.0,45454.0
University of Alaska Anchorage,0.2971,1933.0,51871.0
Charles R Drew University of Medicine and Science,0.2963,1934.0,83438.0
Texas A&M University-Texarkana,0.2957,1935.5,45515.0
Modesto Junior College,0.2957,1935.5,42368.0
University of New Hampshire College of Professional Studies Online,0.2955,1937.0,66479.0
Yakima Valley College,0.2927,1938.0,43499.0
Ohio State University-Newark Campus,0.2915,1939.0,60409.0
Pacific Northwest College of Art,0.2913,1940.0,34883.0
Arapahoe Community College,0.291,1941.0,48341.0
Edmonds College,0.2901,1942.0,48144.0
Rogers State University,0.2896,1943.0,43166.0
Madison Area Technical College,0.2891,1944.0,45413.0
GateWay Community College,0.2881,1945.0,46147.0
University of Silicon Valley,0.2874,1946.0,51017.0
EDP University of Puerto Rico Inc-San Sebastian,0.287,1947.0,22844.0
Shoreline College,0.2867,1948.5,52009.0
Unity Environmental University,0.2867,1948.5,37852.0
Northern New Mexico College,0.2866,1950.0,38112.0
Washington Adventist University,0.2865,1951.0,64249.0
Dallas Christian College,0.2857,1954.0,43503.0
Chamberlain University-Ohio,0.2857,1954.0,92405.0
Touro University Worldwide,0.2857,1954.0,40803.0
Bryant & Stratton College-Albany,0.2857,1954.0,32568.0
Rasmussen University-North Dakota,0.2857,1954.0,39080.0
Herzing University-Madison,0.284,1957.0,36909.0
St Philip's College,0.2827,1958.0,38224.0
University of the Virgin Islands,0.2823,1959.0,38681.0
Livingstone College,0.2819,1960.5,32600.0
Edward Waters University,0.2819,1960.5,34782.0
The Southwestern Baptist Theological Seminary,0.2817,1962.0,
Universidad Politecnica de Puerto Rico,0.2808,1963.5,47540.0
SUNY Morrisville,0.2808,1963.5,43295.0
Columbus State Community College,0.2806,1965.0,39435.0
University of Alaska Southeast,0.2805,1966.0,48475.0
Savannah State University,0.2804,1967.0,37981.0
Indiana Institute of Technology-College of Professional Studies,0.28,1968.0,47327.0
Taft College,0.2799,1969.0,38861.0
Howard Payne University,0.2798,1970.0,48376.0
Webber International University,0.2796,1971.0,45606.0
University of Providence,0.2794,1972.0,48296.0
Ottawa University-Ottawa,0.279,1973.0,55552.0
West Los Angeles College,0.2789,1974.0,38537.0
University of Hawaii Maui College,0.2775,1975.5,34453.0
Fisher College,0.2775,1975.5,49669.0
Salish Kootenai College,0.2762,1977.0,32725.0
Pennsylvania State University-Penn State New Kensington,0.2761,1978.0,63435.0
Harris-Stowe State University,0.2756,1979.0,31088.0
Thomas University,0.2754,1980.0,49716.0
Tyler Junior College,0.2739,1981.0,38140.0
Colorado Mountain College,0.2737,1982.0,44127.0
South Texas College,0.2729,1983.0,36788.0
Aspen University,0.2727,1984.0,
Trinity Valley Community College,0.2721,1985.0,38567.0
Murray State College,0.2713,1986.0,36545.0
Southern University and A & M College,0.2709,1987.0,43371.0
Le Moyne-Owen College,0.2703,1988.0,35594.0
University of Maine at Augusta,0.2698,1989.0,40342.0
Central Christian College of Kansas,0.2697,1990.0,44468.0
Paul Quinn College,0.2687,1991.0,29288.0
Mississippi Valley State University,0.2676,1992.0,31919.0
Ohio State University-Marion Campus,0.2669,1993.0,60409.0
Davis College,0.2667,1994.0,38450.0
Randall University,0.2639,1995.0,42051.0
Texas A&M University-Victoria,0.2638,1996.0,54467.0
Kent State University at East Liverpool,0.2632,1997.0,45388.0
Coppin State University,0.2622,1998.0,46490.0
New Mexico Highlands University,0.2618,1999.0,45937.0
Pennsylvania State University-Penn State Hazleton,0.2615,2000.0,63435.0
Pennsylvania State University-Penn State Harrisburg,0.2612,2001.0,63435.0
Pennsylvania State University-Penn State Brandywine,0.2598,2002.0,63435.0
Congregation Talmidei Mesivta Tiferes Shmiel Aleksander,0.2593,2003.0,
Manor College,0.2574,2004.0,46825.0
Fond du Lac Tribal and Community College,0.2566,2005.0,45665.0
Williams Baptist University,0.2564,2006.0,38484.0
College of Coastal Georgia,0.2559,2007.0,39318.0
San Antonio College,0.2551,2008.0,39711.0
Tusculum University,0.2545,2009.0,44367.0
Middle Georgia State University,0.2533,2010.0,40863.0
Dalton State College,0.2531,2011.0,40251.0
Bennett College,0.25,2016.0,36654.0
Summit Christian College,0.25,2016.0,
Saint Augustine's University,0.25,2016.0,35730.0
EDP University of Puerto Rico-Villalba,0.25,2016.0,22844.0
Faith International University,0.25,2016.0,51006.0
Morris Brown College,0.25,2016.0,
Strayer University-Texas,0.25,2016.0,40092.0
Chamberlain University-Texas,0.25,2016.0,92405.0
Stillman College,0.25,2016.0,35421.0
Miami University-Hamilton,0.2494,2021.0,55076.0
Post University,0.2493,2022.0,38696.0
Guam Community College,0.2489,2023.0,27820.0
Northwestern Michigan College,0.2484,2024.0,38167.0
Kent State University at Ashtabula,0.2471,2025.0,45388.0
Rio Hondo College,0.2453,2026.0,44950.0
Bryant & Stratton College-Virginia Beach,0.2446,2027.0,32568.0
EDP University of Puerto Rico Inc-San Juan,0.2439,2028.0,22844.0
Benedict College,0.2426,2029.0,31902.0
Wiley University,0.2424,2030.0,33159.0
Alabama A & M University,0.2403,2031.0,40628.0
Alvin Community College,0.2397,2032.0,45762.0
University of Cincinnati-Clermont College,0.2374,2033.0,54810.0
Mt Hood Community College,0.2368,2034.0,41125.0
Ner Israel Rabbinical College,0.2353,2035.5,66330.0
Fresno City College,0.2353,2035.5,37361.0
Lower Columbia College,0.2338,2037.0,40691.0
South University-Tampa,0.2333,2039.0,34421.0
South University-Columbia,0.2333,2039.0,34421.0
Wheeling University,0.2333,2039.0,57949.0
Bryant & Stratton College-Online,0.233,2041.0,32568.0
Shasta College,0.2326,2042.5,39269.0
University of Puerto Rico-Utuado,0.2326,2042.5,23906.0
Midland College,0.2315,2044.0,43958.0
Visible Music College,0.2286,2046.0,35933.0
Calumet College of Saint Joseph,0.2286,2046.0,46945.0
Yeshiva Karlin Stolin,0.2286,2046.0,
Central State University,0.2281,2048.0,33267.0
Rabbinical College of Long Island,0.2273,2050.0,
Pennsylvania State University-Penn State Wilkes-Barre,0.2273,2050.0,63435.0
Oak Hills Christian College,0.2273,2050.0,35983.0
Ohio State University-Lima Campus,0.2271,2052.0,60409.0
Lac Courte Oreilles Ojibwe University,0.2258,2053.0,24302.0
Navarro College,0.2257,2054.0,38716.0
Delaware Technical Community College-Terry,0.2248,2055.0,41448.0
Missouri Valley College,0.2244,2056.0,43221.0
Rabbinical College of America,0.2222,2058.5,34990.0
Nebraska Indian Community College,0.2222,2058.5,31458.0
Logan University,0.2222,2058.5,55838.0
Talmudical Seminary Oholei Torah,0.2222,2058.5,39230.0
Texas Southern University,0.2216,2061.0,38924.0
Governors State University,0.2211,2062.0,58169.0
Central Christian College of the Bible,0.2195,2063.0,34675.0
Northland Pioneer College,0.2188,2064.0,34199.0
Shaw University,0.2179,2065.0,34409.0
Clark State College,0.2176,2066.0,39584.0
DeVry University-California,0.2174,2067.5,45987.0
Pennsylvania State University-Penn State Beaver,0.2174,2067.5,63435.0
Northeastern Illinois University,0.2165,2069.0,52234.0
Sitting Bull College,0.2162,2070.5,28488.0
Yeshiva Gedolah Imrei Yosef D'spinka,0.2162,2070.5,36545.0
Ohio University-Zanesville Campus,0.216,2072.0,52581.0
Carolina University,0.2155,2073.0,32864.0
Georgia Gwinnett College,0.2147,2074.5,47730.0
CUNY New York City College of Technology,0.2147,2074.5,49365.0
Strayer University-Georgia,0.2143,2076.0,40092.0
Chemeketa Community College,0.2134,2077.0,40968.0
United Tribes Technical College,0.2133,2078.0,25292.0
Saint Louis Community College,0.2132,2079.0,35325.0
Bryant & Stratton College-Buffalo,0.2121,2080.0,32568.0
Waldorf University,0.2114,2081.5,51165.0
Lone Star College System,0.2114,2081.5,42466.0
Los Angeles Pacific University,0.2105,2083.5,
Pennsylvania Institute of Technology,0.2105,2083.5,35703.0
Brewton-Parker Christian University,0.2103,2085.5,42009.0
Ohio University-Southern Campus,0.2103,2085.5,52581.0
Oklahoma Panhandle State University,0.2094,2087.0,44933.0
Greenville Technical College,0.2087,2088.0,39473.0
Lincoln University,0.2085,2089.0,39463.0
University of Phoenix-Arizona,0.2084,2090.0,37752.0
American InterContinental University-Atlanta,0.2083,2091.0,36144.0
Mid-Atlantic Christian University,0.2075,2092.0,38342.0
Bakersfield College,0.207,2093.0,37291.0
Beth Medrash Meor Yitzchok,0.2069,2094.0,
Georgia Highlands College,0.2066,2095.0,43184.0
Ohio University-Eastern Campus,0.2065,2096.0,52581.0
Nightingale College,0.2063,2097.0,27126.0
Sisseton Wahpeton College,0.2059,2098.0,31546.0
Pikes Peak State College,0.2058,2099.0,40796.0
Embry-Riddle Aeronautical University-Worldwide,0.2055,2100.0,84131.0
Gordon State College,0.2043,2101.0,37871.0
Lane Community College,0.2039,2102.0,38075.0
Collin County Community College District,0.2034,2103.0,48701.0
Kent State University at Geauga,0.2027,2104.0,45388.0
Austin Community College District,0.202,2105.0,43177.0
Los Angeles Mission College,0.2003,2106.0,39834.0
Capella University,0.2,2109.5,42189.0
Methodist College,0.2,2109.5,69800.0
Rose State College,0.2,2109.5,37555.0
Yeshiva of Far Rockaway Derech Ayson Rabbinical Seminary,0.2,2109.5,
Chamberlain University-Nevada,0.2,2109.5,92405.0
Providence Christian College,0.2,2109.5,46264.0
Community College of Denver,0.1997,2113.0,39095.0
Salem University,0.1992,2114.0,34642.0
Wilmington University,0.1982,2115.0,53844.0
CUNY Medgar Evers College,0.1977,2116.0,46498.0
Pennsylvania State University-Penn State Abington,0.1975,2117.0,63435.0
Bryant & Stratton College-Wauwatosa,0.1974,2118.0,32568.0
San Diego Christian College,0.1967,2119.0,49766.0
Arlington Baptist University,0.1944,2120.0,44644.0
Wayland Baptist University,0.1929,2121.0,51838.0
College of Southern Nevada,0.1914,2122.0,38087.0
Yeshiva Gedolah of Cliffwood,0.1905,2123.0,
Pennsylvania State University-Penn State Greater Allegheny,0.1897,2124.0,63435.0
Herzing University-Akron,0.1892,2125.0,36909.0
Paradise Valley Community College,0.1885,2126.0,47196.0
Bryant & Stratton College-Parma,0.1882,2127.0,32568.0
Colorado Technical University-Colorado Springs,0.1878,2128.0,37180.0
University of Akron Wayne College,0.1852,2129.0,46600.0
Lane College,0.1839,2130.0,31670.0
College of the Marshall Islands,0.1837,2131.0,
Schoolcraft Community College District,0.1836,2132.0,42722.0
Ottawa University-Surprise,0.1818,2133.5,55552.0
South University-West Palm Beach,0.1818,2133.5,34421.0
Northwest Indian College,0.1806,2135.0,35447.0
Haskell Indian Nations University,0.1795,2136.0,37043.0
Pennsylvania State University-Penn State Lehigh Valley,0.1783,2137.0,63435.0
Bluefield University,0.1778,2138.0,48896.0
Atlanta Metropolitan State College,0.1741,2139.0,33252.0
Morris College,0.1735,2140.0,30614.0
Scottsdale Community College,0.1732,2141.0,47905.0
Henry Ford College,0.1723,2142.0,34795.0
University of the Southwest,0.1698,2143.0,45389.0
Langston University,0.1684,2144.0,33261.0
East Georgia State College,0.1667,2145.5,37174.0
Strayer University-South Carolina,0.1667,2145.5,40092.0
Houston City College,0.1653,2147.0,39254.0
Pennsylvania State University-Penn State Altoona,0.165,2148.0,63435.0
Cincinnati State Technical and Community College,0.1633,2149.0,40137.0
South Mountain Community College,0.1632,2150.0,39825.0
Pennsylvania State University-Penn State York,0.1627,2151.0,63435.0
South Georgia State College,0.162,2152.0,35697.0
Southwestern Christian University,0.1613,2153.0,40391.0
Glendale Community College,0.1598,2154.0,43108.0
University of Cincinnati-Blue Ash College,0.159,2155.5,54810.0
Jackson College,0.159,2155.5,36898.0
Miles College,0.158,2157.0,32627.0
Mesa Community College,0.1564,2158.0,44034.0
East-West University,0.1556,2159.0,29963.0
Chicago State University,0.1549,2160.0,42778.0
Universidad Pentecostal Mizpa,0.1538,2162.5,21410.0
Sinte Gleska University,0.1538,2162.5,20948.0
Carolina Christian College,0.1538,2162.5,40672.0
Herzing University-New Orleans,0.1538,2162.5,36909.0
Ohio State University-Mansfield Campus,0.1531,2165.0,60409.0
Jarvis Christian University,0.1519,2166.0,32992.0
Quincy College,0.1509,2167.0,52506.0
Oklahoma State University-Oklahoma City,0.1485,2168.0,41307.0
Institute of American Indian and Alaska Native Culture and Arts Development,0.1463,2169.0,24505.0
Paine College,0.1443,2170.0,33338.0
Ohio University-Lancaster Campus,0.1441,2171.0,52581.0
Ohio University-Chillicothe Campus,0.1439,2172.0,52581.0
Yeshivas Be'er Yitzchok,0.1429,2174.5,82560.0
Stevens-The Institute of Business & Arts,0.1429,2174.5,29058.0
Strayer University-Global Region,0.1429,2174.5,40092.0
Boston Baptist College,0.1429,2174.5,34159.0
Clinton College,0.1405,2177.0,30180.0
Herzing University-Atlanta,0.1395,2178.0,36909.0
Texas College,0.1375,2179.0,33752.0
Simmons College of Kentucky,0.1373,2180.0,
Phoenix College,0.1358,2181.0,40870.0
Allen University,0.1331,2182.0,30497.0
Southern University at New Orleans,0.1311,2183.0,34042.0
Dine College,0.1259,2184.0,29188.0
Herzing University-Birmingham,0.125,2186.0,36909.0
DeVry University-Georgia,0.125,2186.0,45987.0
Beth Hamedrash Shaarei Yosher Institute,0.125,2186.0,
Wilberforce University,0.1202,2188.0,38298.0
Chattanooga College Medical Dental and & Technical Careers,0.12,2189.0,25954.0
Navajo Technical University,0.1188,2190.0,26364.0
Yeshiva Ohr Elchonon Chabad West Coast Talmudical Seminary,0.1186,2191.0,48361.0
Rust College,0.1179,2192.0,32275.0
Yeshiva of Nitra Rabbinical College,0.1132,2193.5,41785.0
Bowling Green State University-Firelands,0.1132,2193.5,47896.0
Franklin University,0.1111,2196.0,51892.0
Bethesda University,0.1111,2196.0,
Cambridge College,0.1111,2196.0,45998.0
Del Mar College,0.1109,2198.0,38656.0
Yeshiva of Kasho,0.1087,2199.0,
The University of Arizona Global Campus,0.1068,2200.0,35404.0
Peirce College,0.1,2202.0,50660.0
Bryant & Stratton College-Greece,0.1,2202.0,32568.0
Beth Medrash of Asbury Park,0.1,2202.0,
Kansas Christian College,0.098,2204.0,
West Virginia University at Parkersburg,0.0909,2206.0,35171.0
South University-Savannah,0.0909,2206.0,34421.0
South University-Montgomery,0.0909,2206.0,34421.0
Oglala Lakota College,0.0874,2208.0,22517.0
Rio Salado College,0.0851,2209.5,41015.0
American InterContinental University System,0.0851,2209.5,36144.0
Bais Binyomin Academy,0.0833,2211.5,
South University-Virginia Beach,0.0833,2211.5,34421.0
Arkansas Baptist College,0.0739,2213.0,28418.0
Nueta Hidatsa Sahnish College,0.0732,2214.0,
South University-Savannah Online,0.0689,2215.0,34421.0
Notre Dame de Namur University,0.067,2216.0,74576.0
Mesivtha Tifereth Jerusalem of America,0.0667,2217.0,
Yeshiva D'monsey Rabbinical College,0.0625,2218.5,
Yeshiva Shaar Ephraim,0.0625,2218.5,
Selma University,0.06,2220.0,
Yeshiva Gedolah Tiferes Boruch,0.0556,2221.0,
Central Yeshiva Tomchei Tmimim Lubavitz,0.0513,2222.0,35023.0
American InterContinental University-Houston,0.0455,2223.0,36144.0
Southwestern Christian College,0.0313,2224.0,32672.0
Bais Medrash Elyon,0.0,2244.0,
DeVry University-Virginia,0.0,2244.0,45987.0
Strayer University-Mississippi,0.0,2244.0,40092.0
Tri-State Bible College,0.0,2244.0,31675.0
Trine University-Regional/Non-Traditional Campuses,0.0,2244.0,57165.0
DeVry University-Nevada,0.0,2244.0,45987.0
Telshe Yeshiva-Chicago,0.0,2244.0,
Northwestern Health Sciences University,0.0,2244.0,48666.0
Rabbi Jacob Joseph School,0.0,2244.0,
Johnson & Wales University-Online,0.0,2244.0,43418.0
National American University-Rapid City,0.0,2244.0,37325.0
Central Methodist University-College of Graduate and Extended Studies,0.0,2244.0,48991.0
Strayer University-District of Columbia,0.0,2244.0,40092.0
Bridges Christian College,0.0,2244.0,
Carolina College of Biblical Studies,0.0,2244.0,24581.0
Integrity College of Health,0.0,2244.0,
Sh'or Yoshuv Rabbinical College,0.0,2244.0,
Trinity College of Florida,0.0,2244.0,32465.0
Pacific Bible College,0.0,2244.0,
Abraham Lincoln University,0.0,2244.0,
Strayer University-New Jersey,0.0,2244.0,40092.0
Yeshiva College of the Nations Capital,0.0,2244.0,
South University-Austin,0.0,2244.0,34421.0
Epic Bible College & Graduate School,0.0,2244.0,37822.0
Strayer University-Alabama,0.0,2244.0,40092.0
Strayer University-Tennessee,0.0,2244.0,40092.0
Rabbinical Seminary Mkor Chaim,0.0,2244.0,
The Chicago School at Los Angeles,0.0,2244.0,56899.0
Yeshiva Bais Aharon,0.0,2244.0,
Strayer University-Pennsylvania,0.0,2244.0,40092.0
Strayer University-West Virginia,0.0,2244.0,40092.0
Chamberlain University-Indiana,0.0,2244.0,92405.0
Yeshivah Gedolah Rabbinical College,0.0,2244.0,30667.0
City Vision University,0.0,2244.0,21123.0
Yeshivas Emek Hatorah,0.0,2244.0,
Huntsville Bible College,0.0,2244.0,
Champion Christian College,0.0,2244.0,
Arizona State University Digital Immersion,0.0,2244.0,62668.0
Torah Temimah Talmudical Seminary,0.0,2244.0,
