UNITID,INSTNM,CITY,STABBR,PREDDEG,CONTROL,LOCALE,ADM_RATE,SAT_AVG,UGDS,UGDS_WOMEN,UG25ABV,TUITIONFEE_IN,TUITIONFEE_OUT,COSTT4_A,TUITFTE,AVGFACSAL,PFTFAC,PCTFLOAN,RET_FT4,C150_4,C150_4_POOLED_SUPP,GRAD_DEBT_MDN,GRAD_DEBT_MDN_SUPP,MD_EARN_WNE_P10
100654,Alabama A & M University,Normal,AL,3,1,12,0.5795,938,6124,0.5779,0.0707,10024,18634,27153,7729,8699,0.6439,0.7454,0.6989,0.2403,0.2629,31000,31000,40628
100663,University of Alabama at Birmingham,Birmingham,AL,3,1,12,0.8818,1258,11635,0.632,0.1656,9098,22562,28145,12322,12612,0.7704,0.4027,0.8009,0.6423,0.6342,22300,22300,54501
100690,Amridge University,Montgomery,AL,3,2,12,NA,NA,241,0.6556,0.8628,7590,7590,NA,14005,6197,1,0.8097,NA,1,PS,32189,32189,37621
100706,University of Alabama in Huntsville,Huntsville,AL,3,1,12,0.6857,1319,6591,0.3905,0.1511,12132,26408,27392,9420,10639,0.659,0.3255,0.8425,0.6429,0.6314,20705,20705,61767
100724,Alabama State University,Montgomery,AL,3,1,12,0.9755,976,3477,0.6347,0.0692,11248,19576,23586,9820,8153,0.6477,0.742,0.6975,0.3034,0.3026,31000,31000,34502
100751,The University of Alabama,Tuscaloosa,AL,3,1,12,0.7665,1285,33227,0.562,0.0601,12180,34172,33382,14144,11419,0.7904,0.3239,0.8949,0.7337,0.7354,22750,22750,59221
100760,Central Alabama Community College,Alexander City,AL,1,1,32,NA,NA,1203,0.6608,0.1791,5110,8980,21413,2577,7001,0.4286,0.1696,NA,NA,NA,9766,9766,33506
100812,Athens State University,Athens,AL,3,1,31,NA,NA,2446,0.7261,0.5571,NA,NA,NA,7102,9666,0.5075,0.4085,NA,NA,NA,18051,18051,50273
100830,Auburn University at Montgomery,Montgomery,AL,3,1,12,0.9157,1093,2542,0.6554,0.2049,9700,20668,21353,8932,8974,0.7566,0.4247,0.6757,0.326,0.3402,25000,25000,44391
100858,Auburn University,Auburn,AL,3,1,13,0.4592,1345,26816,0.5057,0.0314,12890,34922,34919,17500,12324,0.8666,0.2616,0.9478,0.8195,0.8058,21000,21000,65337
101028,Chattahoochee Valley Community College,Phenix City,AL,2,1,21,NA,NA,1110,0.6919,0.2815,5100,8970,12600,1876,7502,0.3913,0.2605,NA,NA,NA,10500,10500,36438
101116,South University-Montgomery,Montgomery,AL,3,3,12,NA,NA,299,0.8127,0.7219,18145,18145,34793,13722,6583,0.1509,0.6954,0.6154,0.0909,0.1081,26123,26123,34421
101143,Enterprise State Community College,Enterprise,AL,2,1,32,NA,NA,1585,0.5054,0.2024,5100,8970,19956,2753,7240,0.4183,0.1882,NA,NA,NA,7499,7499,42572
101161,Coastal Alabama Community College,Bay Minette,AL,1,1,32,NA,NA,4798,0.654,0.1903,5040,8910,20605,1739,8080,0.4146,0.6436,NA,NA,NA,11000,11000,34894
101189,Faulkner University,Montgomery,AL,3,2,12,0.7307,1020,1549,0.5578,0.4094,23920,23920,37626,14131,7049,0.6014,0.5583,0.6447,0.374,0.3754,23000,23000,43457
101240,Gadsden State Community College,Gadsden,AL,1,1,13,NA,NA,3548,0.6412,0.258,4272,7368,10189,2018,7442,0.5,0,NA,NA,NA,PS,PS,32937
101277,New Beginning College of Cosmetology,Albertville,AL,1,3,32,NA,NA,81,1,0.1538,NA,NA,NA,12480,NA,NA,0.7222,NA,NA,NA,9500,9500,NA
101286,George C Wallace Community College-Dothan,Dothan,AL,1,1,13,NA,NA,3017,0.7222,0.2923,4980,8850,9308,1748,7406,0.7875,0,NA,NA,NA,PS,PS,31399
101295,George C Wallace State Community College-Hanceville,Hanceville,AL,1,1,42,NA,NA,4423,0.6894,0.206,5220,9090,19008,2318,7306,0.3739,0.1836,NA,NA,NA,11000,11000,39842
101301,George C Wallace State Community College-Selma,Selma,AL,1,1,32,NA,NA,855,0.6608,0.1385,4740,8610,19175,1278,7237,0.4694,0,NA,NA,NA,PS,PS,31598
101365,Herzing University-Birmingham,Birmingham,AL,2,2,21,0.9326,NA,442,0.8959,0.796,13450,13450,27750,14330,7167,0.4737,0.8027,0.6667,0.125,0.2807,21500,21500,36909
101435,Huntingdon College,Montgomery,AL,3,2,12,0.6949,1142,879,0.4403,0.0069,29070,29070,40908,14459,7725,0.8101,0.7067,0.6699,0.4798,0.4742,27000,27000,49601
101453,Heritage Christian University,Florence,AL,3,2,13,0.9,1020,75,0.1333,0.5286,11982,11982,20909,3720,5562,1,0.0857,0,0.6667,PS,PS,PS,42597
101462,J. F. Drake State Community and Technical College,Huntsville,AL,1,1,12,NA,NA,755,0.6636,0.365,5190,9060,14456,1904,6659,0.3944,0,NA,NA,NA,PS,PS,28281
101471,J F Ingram State Technical College,Deatsville,AL,1,1,41,NA,NA,960,0.099,0.9419,6084,6084,NA,0,NA,NA,0,NA,NA,NA,PS,PS,NA
101480,Jacksonville State University,Jacksonville,AL,3,1,23,0.7769,1059,7036,0.5938,0.1069,12894,23334,24257,6358,8074,0.6452,0.4422,0.6457,0.5472,0.5287,22189,22189,45235
101505,Jefferson State Community College,Birmingham,AL,2,1,12,NA,NA,5470,0.6534,0.2215,5100,8970,14814,3321,7374,0.3852,0.2902,NA,NA,NA,9689,9689,40719
101514,John C Calhoun State Community College,Tanner,AL,1,1,13,NA,NA,7070,0.5686,0.2565,5120,8990,13073,3712,7595,0.4762,0.1794,NA,NA,NA,12000,12000,38192
101569,Lawson State Community College,Birmingham,AL,2,1,12,NA,NA,2900,0.6545,0.3317,5040,8910,14895,1336,7547,0.475,0,NA,NA,NA,PS,PS,31701
101587,University of West Alabama,Livingston,AL,3,1,43,0.4265,1015,2974,0.7142,0.4355,10990,20090,22758,8053,8001,0.34,0.6573,0.6488,0.347,0.3646,24944,24944,44232
101602,Lurleen B Wallace Community College,Andalusia,AL,2,1,41,NA,NA,1097,0.649,0.1225,5190,9060,12392,1275,7630,0.6439,0,NA,NA,NA,PS,PS,32307
101648,Marion Military Institute,Marion,AL,2,1,43,0.9703,1068,329,0.2918,NA,9538,15538,18743,3481,7322,0.8462,0.3831,NA,NA,NA,9250,9250,59644
101675,Miles College,Fairfield,AL,3,2,21,NA,NA,1155,0.4831,0.1407,13314,13314,21154,18933,5420,0.437,0.7289,0.5625,0.158,0.204,31217,31217,32627
101693,University of Mobile,Mobile,AL,3,2,41,0.7789,1220,1307,0.6083,0.0829,26910,26910,41115,9960,5674,1,0.3679,0.7396,0.5685,0.562,26500,26500,43611
101709,University of Montevallo,Montevallo,AL,3,1,31,0.5385,NA,2151,0.5946,0.0601,13948,26968,27398,7645,9085,0.7114,0.4145,0.7275,0.541,0.5175,24000,24000,42957
101736,Northwest Shoals Community College,Muscle Shoals,AL,1,1,13,NA,NA,1969,0.6486,0.1228,5131,9001,11340,1682,7257,0.3756,0.2425,NA,NA,NA,10000,10000,33828
101879,University of North Alabama,Florence,AL,3,1,13,0.8731,NA,5811,0.6159,0.1121,12120,22320,23786,8236,9167,0.5943,0.323,0.7969,0.5491,0.5445,22077,22077,45415
101897,Northeast Alabama Community College,Rainsville,AL,1,1,42,NA,NA,1629,0.6415,0.1477,5040,8910,11620,627,7597,0.3462,0.1194,NA,NA,NA,6100,6100,34913
101912,Oakwood University,Huntsville,AL,3,2,12,0.4522,NA,1153,0.5629,0.0829,22512,22512,40176,13116,5513,0.4976,0.5691,0.7113,0.4462,0.4692,27000,27000,42488
101994,Reid State Technical College,Evergreen,AL,1,1,43,NA,NA,416,0.5745,0.2969,5454,9324,10739,1769,7257,0.4324,0,NA,NA,NA,PS,PS,28982
102030,Bishop State Community College,Mobile,AL,1,1,12,NA,NA,2437,0.6697,0.2351,5340,9210,13085,1583,7633,0.3364,0,NA,NA,NA,PS,PS,29916
102049,Samford University,Birmingham,AL,3,2,21,0.8236,1201,4206,0.6507,0.012,40150,40150,57456,19678,10188,0.9898,0.2688,0.9287,0.7704,0.7838,19500,19500,58469
102058,Selma University,Selma,AL,3,2,32,NA,NA,32,0.5,0.8085,4800,4800,NA,1878,5333,NA,0,0.6667,0.06,0.15,NA,NA,NA
102067,Shelton State Community College,Tuscaloosa,AL,1,1,12,NA,NA,3148,0.5896,0.1651,5127,8997,20350,2369,7550,0.4602,0,NA,NA,NA,PS,PS,35014
102076,Snead State Community College,Boaz,AL,1,1,32,NA,NA,1427,0.6146,0.1384,5278,9664,11220,4049,7792,0.3288,0.1005,NA,NA,NA,9000,9000,35735
102094,University of South Alabama,Mobile,AL,3,1,12,0.7096,1147,8879,0.6177,0.1244,10116,19092,25476,10092,7761,0.6516,0.4733,0.7574,0.5267,0.5262,24929,24929,49379
102234,Spring Hill College,Mobile,AL,3,2,12,0.7657,1120,782,0.5716,0.0423,24054,24054,39936,11706,7892,0.4925,0.4383,0.7023,0.521,0.5435,27000,27000,51500
102270,Stillman College,Tuscaloosa,AL,3,2,12,0.6225,NA,706,0.5751,0.2298,12126,12126,26107,9368,6164,0.5769,0.6736,0.5281,0.25,0.3219,29067,29067,35421
102298,Talladega College,Talladega,AL,3,2,32,0.8542,NA,701,0.4051,0.2442,15650,15650,25185,6093,6650,0.4886,0.6355,0.5441,0.3091,0.4329,28500,28500,32229
102313,H Councill Trenholm State Community College,Montgomery,AL,1,1,12,NA,NA,1674,0.6553,0.322,5190,9060,16971,1703,7651,0.4206,0,NA,NA,NA,PS,PS,32183
102368,Troy University,Troy,AL,3,1,33,0.9604,1088,9805,0.639,0.3375,10176,20352,23165,9869,7612,0.4836,0.6679,0.7121,0.503,0.4847,25000,25000,42062
102377,Tuskegee University,Tuskegee,AL,3,2,32,0.4868,1120,2630,0.6213,0.0288,25386,25386,43454,11191,7397,0.9245,0.5913,0.8068,0.5498,0.5619,27000,27000,49641
102395,United States Sports University,Daphne,AL,3,2,13,0.6137,NA,228,0.2719,0.5625,13800,13800,32606,16729,7063,1,0.5154,0.4286,NA,NA,PS,PS,55257
102429,Bevill State Community College,Jasper,AL,1,1,32,NA,NA,2177,0.6514,0.1845,4734,8346,13827,2758,8002,0.5668,0,NA,NA,NA,PS,PS,34107
102553,University of Alaska Anchorage,Anchorage,AK,3,1,11,NA,NA,7212,0.5901,0.4151,7738,21322,24096,7357,10110,0.5295,0.1376,0.7068,0.2971,0.293,20210,20210,51871
102580,Alaska Bible College,Palmer,AK,3,2,23,NA,NA,24,0.375,0.2,9730,9730,28903,11337,7314,NA,0.0597,1,0.375,PS,PS,PS,NA
102614,University of Alaska Fairbanks,Fairbanks,AK,3,1,13,NA,NA,4207,0.6002,0.3959,8736,22320,22407,9659,10444,0.6154,0.1656,0.7406,0.3801,0.3486,20291,20291,48866
102632,University of Alaska Southeast,Juneau,AK,1,1,41,0.6329,NA,907,0.6516,0.4768,7056,20640,21043,8316,9276,0.517,0.1144,0.7647,0.2805,0.2947,19111,19111,48475
102669,Alaska Pacific University,Anchorage,AK,2,2,11,0.9645,NA,457,0.7637,0.5446,20760,20760,34026,14145,7332,0.4194,0.3982,0.68,0.4722,0.4706,23500,23500,54271
102711,Alaska Vocational Technical Center,Seward,AK,1,1,43,NA,NA,107,0.2056,0.4912,NA,NA,NA,11776,NA,NA,0.0093,NA,NA,NA,PS,PS,51083
102845,Charter College,Anchorage,AK,1,3,11,NA,NA,2157,0.6885,0.5608,18375,18375,41344,6212,5516,0.2988,0.6728,0.25,0.5606,0.5702,14176,14176,35504
103501,Alaska Career College,Anchorage,AK,1,3,11,NA,NA,250,0.872,0.7255,NA,NA,NA,7524,3767,0.0476,0.2678,NA,NA,NA,7377,7377,34468
103741,Empire Beauty School-Tucson,Tucson,AZ,1,3,11,NA,NA,203,0.9803,0.4131,NA,NA,NA,10227,NA,NA,0.4729,NA,NA,NA,13000,13000,25073
103893,Carrington College-Phoenix North,Phoenix,AZ,1,3,11,NA,NA,1080,0.5898,0.4853,NA,NA,NA,17598,6553,0.6786,0.6258,NA,NA,NA,9500,9500,36718
103909,Carrington College-Mesa,Mesa,AZ,1,3,11,NA,NA,528,0.5284,0.5427,NA,NA,NA,18604,6948,0.5556,0.6626,NA,NA,NA,9500,9500,36718
103927,Carrington College-Tucson,Tucson,AZ,1,3,11,NA,NA,517,0.6132,0.4348,NA,NA,NA,12619,6571,0.3778,0.7251,NA,NA,NA,9500,9500,36718
103963,Miller-Motte College-Arizona Automotive Institute,Glendale,AZ,1,3,21,NA,NA,689,0.1466,0.4756,NA,NA,NA,9004,5304,0.7647,0.6954,NA,NA,NA,15917,15917,31102
104090,Brookline College-Phoenix,Phoenix,AZ,2,3,11,NA,NA,712,0.8876,0.6723,NA,NA,NA,15653,6438,0.4316,0.4004,0.25,0.5288,0.5117,9500,9500,29576
104151,Arizona State University Campus Immersion,Tempe,AZ,3,1,12,0.8989,NA,64674,0.4859,0.0768,12223,33139,30111,21548,12684,0.7298,0.2675,0.8664,0.6804,0.6795,19500,19500,62668
104160,Arizona Western College,Yuma,AZ,1,1,12,NA,NA,6374,0.6092,0.2173,3060,9870,15868,1222,8168,0.3708,0.005,NA,NA,NA,4826,4826,36857
104179,University of Arizona,Tucson,AZ,3,1,11,0.8614,1246,42537,0.5584,0.1416,13926,42278,29423,15485,12347,0.7658,0.2552,0.8278,0.6752,0.6671,19620,19620,59979
104346,Central Arizona College,Coolidge,AZ,1,1,41,NA,NA,4912,0.6097,0.2662,2250,4500,10720,1189,8276,1,0.0292,NA,NA,NA,10010,10010,40513
104391,Charles of Italy Beauty College,Lake Havasu City,AZ,1,3,13,NA,NA,76,0.9737,0.4091,NA,NA,NA,13485,NA,NA,0.6483,NA,NA,NA,7388,7388,26269
104425,Cochise County Community College District,Sierra Vista,AZ,2,1,13,NA,NA,3096,0.5375,0.3334,2280,6120,14342,1254,7096,0.4426,0.06,NA,0.3044,0.3044,6750,6750,38033
104443,Empire Beauty School-Chandler,Chandler,AZ,1,3,11,NA,NA,104,0.9327,0.4796,NA,NA,NA,9404,NA,NA,0.483,NA,NA,NA,10667,10667,23921
104568,Avalon Institute-Mesa,Mesa,AZ,1,3,11,NA,NA,298,0.9732,0.3325,NA,NA,NA,14063,NA,NA,0.6418,NA,NA,NA,6332,6332,30803
104577,Eastern Arizona College,Thatcher,AZ,1,1,33,NA,NA,2643,0.5687,0.4935,2352,9552,16696,1783,8851,0.2848,0,NA,0.4194,0.4194,PS,PS,38018
104586,Embry-Riddle Aeronautical University-Prescott,Prescott,AZ,3,2,13,0.7658,1250,3218,0.2766,0.0677,44149,44149,62798,34153,10066,0.814,0.3542,0.8216,0.6776,0.6882,23666,23666,84131
104665,The School of Architecture,Scottsdale,AZ,4,2,12,NA,NA,NA,NA,NA,NA,NA,NA,50240,4102,NA,NA,NA,NA,NA,PS,PS,NA
104708,Glendale Community College,Glendale,AZ,1,1,21,NA,NA,11975,0.5742,0.2829,2358,8958,18037,2228,10710,1,0.072,NA,0.1598,0.1515,6960,6960,43108
104717,Grand Canyon University,Phoenix,AZ,3,2,11,0.7891,1077,73371,0.7053,0.5181,17850,17850,32702,11480,7563,0.1006,0.5301,0.7205,0.4346,0.4326,22114,22114,42186
105145,GateWay Community College,Phoenix,AZ,1,1,11,NA,NA,4538,0.6895,0.389,2358,8958,19314,2599,9489,1,0.1191,NA,0.2881,0.2405,6750,6750,46147
105154,Mesa Community College,Mesa,AZ,1,1,11,NA,NA,14460,0.5485,0.3374,2358,8958,18194,2878,10697,1,0.0709,NA,0.1564,0.1564,7473,7473,44034
105206,Mohave Community College,Kingman,AZ,1,1,41,NA,NA,3216,0.7009,0.4024,2208,7968,11837,2465,6843,0.1906,0.0834,NA,NA,NA,9700,9700,35522
105215,Universal Technical Institute-Phoenix,Avondale,AZ,1,3,21,NA,NA,527,0.0854,0.5344,NA,NA,NA,14344,5937,NA,0.5231,NA,NA,NA,13097,13097,48341
105297,Dine College,Tsaile,AZ,2,1,43,NA,NA,1375,0.7345,0.5175,1410,1410,11923,103,6791,1,0,0.4762,0.1259,0.0973,PS,PS,29188
105330,Northern Arizona University,Flagstaff,AZ,3,1,13,0.8961,NA,22903,0.6306,0.1273,13009,29881,29933,6949,9847,0.7184,0.3158,0.7548,0.6132,0.5904,19000,19000,54384
105349,Northland Pioneer College,Holbrook,AZ,1,1,43,NA,NA,1010,0.6921,0.2669,2232,10320,14263,905,7275,0.466,0,NA,0.2188,0.2188,PS,PS,34199
105428,Phoenix College,Phoenix,AZ,1,1,11,NA,NA,8555,0.6473,0.3731,2358,8958,18594,2209,10170,1,0.076,NA,0.1358,0.1358,6750,6750,40870
105525,Pima Community College,Tucson,AZ,1,1,11,NA,NA,14242,0.5619,0.379,2442,7758,9851,1939,8722,0.2769,0.0865,NA,NA,NA,7000,7000,39810
105534,Pima Medical Institute-Tucson,Tucson,AZ,2,3,11,NA,NA,2567,0.776,0.6415,NA,NA,NA,7581,6170,0.2894,0.5984,NA,0.7229,0.7247,9500,9500,38673
105543,Pima Medical Institute-Albuquerque,Albuquerque,NM,1,3,11,NA,NA,562,0.8043,0.4966,NA,NA,NA,10948,6144,0.5333,0.598,NA,NA,NA,5500,5500,30917
105589,Prescott College,Prescott,AZ,3,2,13,0.9451,NA,219,0.7215,0.3113,35685,35685,48532,15504,4764,0.6133,0.5175,0.7391,0.5556,0.4404,16300,16300,42359
105659,Refrigeration School Inc,Phoenix,AZ,1,3,11,NA,NA,1346,0.1077,0.5864,NA,NA,NA,20750,5015,0.825,0.6858,NA,NA,NA,8233,8233,52953
105668,Rio Salado College,Tempe,AZ,1,1,12,NA,NA,11668,0.6182,0.3044,2358,8958,13425,3193,7330,1,0.0396,NA,0.0851,0.0643,9500,9500,41015
105677,Roberto-Venn School of Luthiery,Phoenix,AZ,1,3,11,NA,NA,21,0.0476,0.6,NA,NA,NA,15910,NA,NA,0.2609,NA,NA,NA,PS,PS,35209
105747,Scottsdale Community College,Scottsdale,AZ,1,1,41,NA,NA,5377,0.5767,0.3299,2358,8958,19281,2861,10695,1,0.0681,NA,0.1732,0.1732,8000,8000,47905
105792,South Mountain Community College,Phoenix,AZ,1,1,11,NA,NA,3645,0.6206,0.2822,2358,8958,18898,1772,10731,1,0.0849,NA,0.1632,0.1632,8000,8000,39825
105899,Arizona Christian University,Glendale,AZ,3,2,21,0.7062,NA,1165,0.4052,0.0835,35098,35098,54792,14198,5223,0.2656,0.7008,0.5372,0.3987,0.4066,23000,23000,51612
106041,Universal Technical Institute of Arizona Inc,Avondale,AZ,2,3,21,NA,NA,1957,0.0751,0.1776,NA,NA,NA,17668,6097,NA,0.585,NA,NA,NA,13124,13124,52873
106148,Yavapai College,Prescott,AZ,1,1,13,NA,NA,3988,0.578,0.4149,2948,9486,14988,2639,8639,0.2799,0.0435,NA,0.3353,0.3282,9000,9000,39890
106245,University of Arkansas at Little Rock,Little Rock,AR,3,1,12,0.5878,1049,4949,0.6314,0.341,9748,22158,22519,5379,8312,1,0.3619,0.7647,0.4165,0.4152,22000,22000,45265
106263,University of Arkansas for Medical Sciences,Little Rock,AR,3,1,12,NA,NA,1571,0.8472,0.7384,NA,NA,NA,16070,8573,0.6022,0.3268,NA,NA,NA,14000,14000,73827
106306,Arkansas Baptist College,Little Rock,AR,3,2,12,NA,NA,342,0.2222,0.1984,8760,8760,23060,2497,5099,0.3261,0.807,0.234,0.0739,0.0767,25375,25375,28418
106315,Arkansas Beauty School-Little Rock,Little Rock,AR,1,3,12,NA,NA,106,0.9811,0.6216,NA,NA,NA,4722,NA,NA,0.9718,NA,NA,NA,6333,6333,18078
106324,Arkansas Beauty College,Russellville,AR,1,3,33,NA,NA,61,0.9836,0.2857,NA,NA,NA,9829,NA,NA,0.5641,NA,NA,NA,PS,PS,16857
106342,Lyon College,Batesville,AR,3,2,33,0.6276,NA,648,0.4367,0.0274,31000,31000,44978,9623,6336,0.7969,0.6433,0.7131,0.4676,0.5099,21500,21500,44232
106351,Arkansas Technical School,North Little Rock,AR,1,3,13,NA,NA,123,0.4715,0.6486,NA,NA,NA,13319,NA,NA,0.6667,NA,NA,NA,16500,16500,16209
106397,University of Arkansas,Fayetteville,AR,3,1,12,0.743,1169,28677,0.5597,0.0675,10104,29966,27767,10159,10657,0.8232,0.3329,0.8637,0.7052,0.7024,21500,21500,58191
106412,University of Arkansas at Pine Bluff,Pine Bluff,AR,3,1,32,0.4118,922,1807,0.5584,0.0955,9412,17992,21129,4065,6201,0.8246,0.5753,0.6416,0.4043,0.4007,24202,24202,35550
106449,Arkansas State University-Beebe,Beebe,AR,1,1,31,NA,NA,1986,0.6682,0.201,3336,5232,18771,2039,5521,0.6282,0.1714,NA,NA,NA,8093,8093,36603
106458,Arkansas State University,Jonesboro,AR,3,1,13,0.8226,1090,9110,0.6347,0.2025,8090,14522,25082,3951,7579,1,0.4244,0.7812,0.554,0.5526,20500,20500,42617
106467,Arkansas Tech University,Russellville,AR,1,1,33,0.9589,1049,5388,0.5831,0.1322,8674,14668,22808,4680,7047,0.9935,0.2637,0.741,0.4856,0.4861,21000,21000,41766
106485,University of Arkansas at Monticello,Monticello,AR,1,1,33,NA,NA,1933,0.6001,0.209,9292,14857,22519,3771,6161,1,0.3906,0.7222,0.4855,0.4575,19971,19971,36902
106494,Arthur's Beauty College,Jacksonville,AR,1,3,21,NA,NA,29,1,0.383,NA,NA,NA,12943,NA,NA,0.6452,NA,NA,NA,9833,9833,21954
106546,Baptist Health College Little Rock,Little Rock,AR,1,2,12,0.9545,NA,569,0.8787,0.4883,13987,13987,31961,7806,8513,0.6585,0.6094,NA,NA,NA,10000,10000,62244
106625,Black River Technical College,Pocahontas,AR,1,1,32,NA,NA,903,0.7076,0.2481,4776,7488,14374,2753,5229,0.5714,0.1082,NA,NA,NA,9500,9500,34818
106704,University of Central Arkansas,Conway,AR,3,1,13,0.8949,1118,7762,0.6229,0.0809,10523,18023,25029,6346,7499,0.7579,0.3993,0.7331,0.5353,0.5344,20346,20346,45938
106713,Central Baptist College,Conway,AR,3,2,13,0.6346,1046,484,0.4442,0.1309,21330,21330,30605,9617,5523,0.3247,0.4673,0.6275,0.3411,0.3471,22250,22250,46789
106795,Cossatot Community College of the University of Arkansas,De Queen,AR,1,1,33,NA,NA,772,0.6308,0.1492,4200,5070,11538,2185,5412,0.5102,0,NA,NA,NA,PS,PS,33775
106810,Crowley's Ridge College,Paragould,AR,3,2,41,NA,NA,165,0.4242,0.0356,16670,16670,27340,9784,6135,0.4474,0.5556,0.5385,0.3585,0.3033,26228,26228,39533
106883,University of Arkansas-East Arkansas Community College,Forrest City,AR,1,1,32,NA,NA,554,0.6751,0.2799,3300,4380,13240,2849,5481,0.3356,0.0207,NA,NA,NA,6000,6000,28471
106908,Paul Mitchell the School-Little Rock,North Little Rock,AR,1,3,13,NA,NA,360,0.925,0.3504,NA,NA,NA,12123,NA,NA,0.6036,NA,NA,NA,10725,10725,24765
106980,National Park College,Hot Springs,AR,1,1,23,NA,NA,1789,0.64,0.2093,5600,7280,19331,1865,5411,1,0.2197,NA,NA,NA,10500,10500,32444
106999,University of Arkansas Community College-Batesville,Batesville,AR,1,1,33,NA,NA,751,0.6818,0.2719,3630,4662,15808,1164,4956,0.2796,0.1118,NA,NA,NA,10250,10250,33706
107044,Harding University,Searcy,AR,3,2,32,0.7052,1182,3382,0.5378,0.0526,26262,26262,39534,14728,8008,0.6555,0.4376,0.864,0.6879,0.6991,26500,26500,52876
107071,Henderson State University,Arkadelphia,AR,3,1,32,NA,NA,1456,0.5192,0.1125,8244,10620,27385,3812,6442,1,0.4447,0.6173,0.3734,0.3764,19500,19500,43459
107080,Hendrix College,Conway,AR,3,2,13,0.5565,1282,1100,0.5082,0.0055,38200,38200,55013,10784,8185,1,0.4528,0.7964,0.7235,0.7068,26688,26688,60376
107099,Hot Springs Beauty College,Hot Springs,AR,1,3,13,NA,NA,86,0.9884,0.3261,NA,NA,NA,10310,NA,NA,0.5903,NA,NA,NA,9700,9700,21563
107123,Jefferson Regional School of Nursing,Pine Bluff,AR,2,2,32,NA,NA,92,0.9022,0.45,NA,NA,NA,8771,7658,NA,0.5804,NA,NA,NA,12000,PS,73975
107141,John Brown University,Siloam Springs,AR,3,2,32,0.7614,1195,1471,0.5534,0.0723,31756,31756,44710,10821,7468,0.9558,0.3321,0.8148,0.7179,0.6926,21250,21250,53907
107220,Career Academy of Hair Design,Springdale,AR,1,3,13,NA,NA,245,0.9796,0.291,NA,NA,NA,8683,NA,NA,0.6042,NA,NA,NA,6365,6365,21567
107293,Academy of Salon and Spa,Fort Smith,AR,1,3,13,NA,NA,52,0.9808,0.3704,NA,NA,NA,13386,NA,NA,0.5345,NA,NA,NA,4833,4833,16941
107318,Arkansas State University Mid-South,West Memphis,AR,1,1,21,NA,NA,502,0.5478,0.192,3216,4824,14365,2027,4532,0.5556,0,NA,NA,NA,PS,PS,31857
107327,Arkansas Northeastern College,Blytheville,AR,1,1,33,NA,NA,756,0.6825,0.2522,2570,4250,12094,2549,5244,1,0,NA,NA,NA,PS,PS,33169
107442,New Tyler Barber College Inc,North Little Rock,AR,1,3,13,NA,NA,39,0.2821,0.4483,NA,NA,NA,12230,NA,NA,0.5,NA,NA,NA,PS,PS,18715
107460,North Arkansas College,Harrison,AR,1,1,33,NA,NA,1202,0.6489,0.2306,3504,5592,16846,2612,5712,0.55,0.0756,NA,NA,NA,9000,9000,34653
107488,Northwest Technical Institute,Springdale,AR,1,1,13,NA,NA,206,0.2184,0.3917,6277,6277,19487,3557,NA,NA,0,NA,NA,NA,PS,PS,41513
107512,Ouachita Baptist University,Arkadelphia,AR,3,2,32,0.6752,1211,1602,0.5537,0.0167,34500,34500,47321,12137,7702,0.9504,0.4591,0.8254,0.614,0.6597,21050,21050,51673
107521,Arkansas State University Three Rivers,Malvern,AR,1,1,31,NA,NA,550,0.66,0.1139,3788,4388,14579,2063,4673,0.4341,0.1963,NA,NA,NA,10250,PS,37374
107549,Ozarka College,Melbourne,AR,1,1,43,NA,NA,575,0.6887,0.1491,3820,6820,12069,1158,5075,0.5125,0.1303,NA,NA,NA,9818,9818,29314
107558,University of the Ozarks,Clarksville,AR,3,2,33,0.5951,1105,767,0.558,0.0183,25950,25950,38666,11163,6231,0.963,0.4364,0.6862,0.5148,0.5162,20875,20875,44384
107585,University of Arkansas Community College-Morrilton,Morrilton,AR,1,1,32,1,1020,1447,0.6171,0.2162,3648,4728,15362,1941,5571,1,0.0989,NA,NA,NA,10315,10315,34924
107600,Philander Smith University,Little Rock,AR,3,2,12,NA,NA,751,0.5126,0.2288,13014,13014,28136,6969,7335,1,0.5755,0.6568,0.3038,0.3139,24736,24736,38427
107619,Phillips Community College of the University of Arkansas,Helena,AR,1,1,33,NA,NA,614,0.6743,0.1364,3380,4550,11567,1159,5425,0.6842,0,NA,NA,NA,PS,PS,29552
107637,Southeast Arkansas College,Pine Bluff,AR,1,1,32,NA,NA,851,0.5981,0.5346,5200,8650,22405,4403,5050,0.3488,0.4975,NA,NA,NA,8600,8600,33603
107655,University of Aesthetics & Cosmetology,El Dorado,AR,1,3,33,NA,NA,42,1,0.1765,NA,NA,NA,11992,NA,NA,0.76,NA,NA,NA,9833,9833,26754
107664,University of Arkansas-Pulaski Technical College,North Little Rock,AR,1,1,13,NA,NA,4118,0.6741,0.4077,6300,9450,20811,4243,5408,1,0.4105,NA,NA,NA,12080,12080,34722
107725,University of Arkansas Hope-Texarkana,Hope,AR,1,1,32,NA,NA,583,0.6827,0.2368,3880,5560,16307,1313,5163,0.5256,0,NA,NA,NA,PS,PS,34162
107743,University of Arkansas Community College Rich Mountain,Mena,AR,1,1,33,NA,NA,503,0.5606,0.1697,3696,4272,13096,1418,4206,0.5,0.121,NA,NA,NA,6500,6500,30037
107789,Paul Mitchell the School-Arkansas,Fayetteville,AR,1,3,12,NA,NA,99,0.9596,0.1402,NA,NA,NA,11113,NA,NA,0.5,NA,NA,NA,9833,9833,20077
107831,Searcy Beauty College,Searcy,AR,1,3,32,NA,NA,54,0.9815,0.4828,NA,NA,NA,11839,NA,NA,0.6705,NA,NA,NA,12429,12429,19896
107840,Shorter College,N Little Rock,AR,2,2,13,NA,NA,287,0.561,0.7414,6246,6246,21735,35054,4765,0.15,0.6,NA,NA,NA,29500,PS,NA
107877,Williams Baptist University,Walnut Ridge,AR,3,2,42,0.8342,980,478,0.4979,0.0305,21070,21070,33597,5636,5570,1,0.4664,0.7015,0.2564,0.3054,21820,21820,38484
107974,South Arkansas College,El Dorado,AR,1,1,33,NA,NA,862,0.7564,0.3244,3324,5532,12932,2009,5098,1,0.1706,NA,NA,NA,11153,11153,34521
107983,Southern Arkansas University Main Campus,Magnolia,AR,3,1,33,0.7533,1047,2708,0.5846,0.0769,9960,15690,24951,6736,7469,0.6069,0.6278,0.6616,0.4882,0.4768,18750,18750,42386
107992,Southern Arkansas University Tech,Camden,AR,1,1,42,NA,NA,672,0.561,0.2141,5040,6480,17294,2273,4513,1,0.1044,NA,NA,NA,6000,6000,36376
108065,Velvatex College of Beauty Culture,Little Rock,AR,1,3,12,NA,NA,8,1,0.0833,NA,NA,NA,12320,NA,NA,0.4737,NA,NA,NA,PS,PS,17412
108092,University of Arkansas-Fort Smith,Fort Smith,AR,2,1,13,0.8046,1050,4091,0.6216,0.156,7334,12182,19048,3091,7331,0.6017,0.2565,0.698,0.3788,0.3742,18250,18250,41102
108232,Academy of Art University,San Francisco,CA,3,3,11,NA,NA,3587,0.5643,0.4431,30736,30736,48036,34157,8554,0.1561,0.4949,0.7543,0.3432,0.3793,31000,31000,39008
108269,Academy of Chinese Culture and Health Sciences,Oakland,CA,4,2,11,NA,NA,NA,NA,NA,NA,NA,NA,10530,NA,NA,NA,NA,NA,NA,PS,PS,NA
108667,College of Alameda,Alameda,CA,2,1,21,NA,NA,4487,0.575,0.4181,1258,9898,18185,748,11571,0.547,0.0051,NA,NA,NA,PS,PS,42563
108807,Allan Hancock College,Santa Maria,CA,1,1,12,NA,NA,8052,0.542,0.2454,1156,9892,13214,639,10744,0.4748,0.007,NA,NA,NA,PS,PS,42786
108861,Berkeley School of Theology,Berkeley,CA,1,2,12,0.8889,NA,17,0.5294,0.9643,2856,2856,NA,16135,7479,0.381,0,NA,NA,NA,PS,PS,NA
108870,American Film Institute Conservatory,Los Angeles,CA,4,2,11,NA,NA,NA,NA,NA,NA,NA,NA,35220,10468,0.1111,NA,NA,NA,NA,PS,PS,NA
108977,American Beauty College,West Covina,CA,1,3,21,NA,NA,334,0.8653,0.404,NA,NA,NA,11372,NA,NA,0.5901,NA,NA,NA,5430,5430,22481
109040,American Career College-Los Angeles,Los Angeles,CA,1,3,11,NA,NA,2168,0.7597,0.5542,NA,NA,NA,15029,7680,NA,0.6278,NA,NA,NA,9500,9500,38430
109208,American River College,Sacramento,CA,2,1,21,NA,NA,25621,0.4758,0.4678,1288,12616,16384,565,11450,0.3506,0.0293,NA,NA,NA,9625,9625,40162
109350,Antelope Valley Community College District,Lancaster,CA,2,1,21,NA,NA,11534,0.5588,0.3141,1124,9548,12931,560,11244,0.2421,0.0366,NA,0.3438,0.3254,12500,12500,36526
109651,Art Center College of Design,Pasadena,CA,3,2,12,0.7454,NA,2017,0.5969,0.1563,54170,54170,75649,41579,9383,0.1908,0.3295,0.8594,0.7917,0.8085,31000,31000,71958
109721,Associated Technical College-Los Angeles,Los Angeles,CA,1,3,11,NA,NA,315,0.7397,0.8491,NA,NA,NA,5833,NA,NA,0.2523,NA,NA,NA,9500,9500,24368
109785,Azusa Pacific University,Azusa,CA,3,2,21,0.8843,1195,2759,0.6763,0.2378,44458,44458,56313,19399,10419,1,0.4776,0.8402,0.6179,0.631,23219,23219,66677
109819,Bakersfield College,Bakersfield,CA,2,1,11,NA,NA,17280,0.5644,0.2779,1430,11300,22018,443,12330,0.5013,0.0084,NA,0.207,0.2161,8312,PS,37291
109907,Barstow Community College,Barstow,CA,1,1,32,NA,NA,2657,0.6413,0.4935,1104,9744,22193,295,11382,0.2067,0.1231,NA,NA,NA,3500,PS,35104
109934,Bellus Academy-Chula Vista,Chula Vista,CA,1,3,11,NA,NA,341,0.8622,0.5013,NA,NA,NA,13459,NA,NA,0.5914,NA,NA,NA,7917,7917,23576
110060,Bethesda University,Anaheim,CA,3,2,11,NA,NA,205,0.2634,0.2736,7220,7220,13575,8202,3965,NA,0.2217,0.4483,0.1111,0.1428,9000,PS,NA
110097,Biola University,La Mirada,CA,3,2,21,0.7435,1261,3474,0.582,0.0769,48984,48984,62757,20656,10336,1,0.4356,0.839,0.676,0.6822,23875,23875,56778
110194,Brownson Technical School,Anaheim,CA,1,3,11,NA,NA,307,0.0098,0.4718,NA,NA,NA,9738,NA,NA,0.7176,NA,NA,NA,9500,9500,68767
110219,Bryan University,Tempe,AZ,1,3,12,NA,NA,2506,0.8871,0.8357,12219,12219,26732,17541,5728,0.1504,0.8142,NA,0.4056,0.3184,20000,20000,40283
110246,Butte College,Oroville,CA,2,1,42,NA,NA,8890,0.567,0.2765,1356,9276,15509,884,12031,0.3128,0.0311,NA,NA,NA,10500,10500,41810
110316,California Institute of Integral Studies,San Francisco,CA,3,2,11,NA,NA,38,0.8158,0.807,NA,NA,NA,26416,10283,0.3837,0.6316,NA,NA,NA,18750,18750,48848
110334,Cabrillo College,Aptos,CA,2,1,22,NA,NA,8002,0.567,0.3535,1270,9862,24966,1559,9587,0.452,0.0133,NA,NA,NA,14380,14380,44114
110361,California Baptist University,Riverside,CA,3,2,11,0.8488,NA,8179,0.6224,0.1826,41228,41228,54038,19768,10941,0.4845,0.6051,0.7436,0.6188,0.6078,26063,26063,61504
110370,California College of the Arts,San Francisco,CA,3,2,11,0.911,NA,990,0.6737,0.1101,60226,60226,79776,34414,9785,0.2242,0.4803,0.867,0.6122,0.6225,27000,27000,49414
110398,University of California College of the Law-San Francisco,San Francisco,CA,4,1,11,NA,NA,NA,NA,NA,NA,NA,NA,31484,17540,0.2991,NA,NA,NA,NA,PS,PS,NA
110404,California Institute of Technology,Pasadena,CA,3,2,12,0.0257,NA,987,0.4519,0.0029,65898,65898,86886,21621,23993,0.91,0.043,0.9737,0.9437,0.9376,PS,PS,128566
110413,California Lutheran University,Thousand Oaks,CA,3,2,12,0.7567,1266,2296,0.5475,0.0744,52560,52560,68426,21122,10794,1,0.4985,0.7878,0.696,0.7164,21669,21669,68712
110422,California Polytechnic State University-San Luis Obispo,San Luis Obispo,CA,3,1,23,0.3132,NA,21996,0.5081,0.0227,13596,34665,32265,11489,12673,0.6902,0.2487,0.9555,0.864,0.8574,18500,18500,90768
110468,Alliant International University-San Diego,San Diego,CA,1,3,11,0,NA,391,0.5908,0.9302,14304,14304,NA,24237,8207,1,0.1549,NA,NA,PS,12878,12878,66666
110486,California State University-Bakersfield,Bakersfield,CA,3,1,11,0.9385,NA,8577,0.6486,0.2421,8090,20690,19522,4420,11613,0.5201,0.2326,0.7883,0.498,0.4956,16600,16600,59009
110495,California State University-Stanislaus,Turlock,CA,3,1,23,0.9814,NA,8385,0.6525,0.2391,8246,20846,19739,4280,11926,0.5411,0.2086,0.8246,0.5345,0.5561,13540,13540,63188
110510,California State University-San Bernardino,San Bernardino,CA,3,1,12,0.9374,NA,15023,0.6089,0.2411,8093,20693,17427,3725,11988,0.4885,0.243,0.7959,0.549,0.5478,14715,14715,59977
110529,California State Polytechnic University-Pomona,Pomona,CA,3,1,21,0.7517,NA,25042,0.4377,0.1632,7780,20380,23955,5059,12943,0.4793,0.2458,0.8738,0.6843,0.676,16000,16000,71902
110538,California State University-Chico,Chico,CA,3,1,12,0.9272,NA,13631,0.5642,0.1682,8472,21072,26283,5519,11664,0.5566,0.3241,0.8163,0.6278,0.6321,16552,16552,64172
110547,California State University-Dominguez Hills,Carson,CA,3,1,13,0.933,NA,12538,0.5978,0.3053,7449,20049,23191,3788,11789,0.4678,0.1965,0.7365,0.4279,0.4463,13807,13807,57162
110556,California State University-Fresno,Fresno,CA,3,1,11,0.9526,NA,21605,0.5842,0.1551,7350,19950,20095,3688,11540,0.5484,0.1909,0.8157,0.5696,0.5592,14505,14505,61244
110565,California State University-Fullerton,Fullerton,CA,3,1,21,0.9052,NA,38546,0.5587,0.1641,7470,20070,18269,5288,12295,0.5037,0.2198,0.8242,0.7018,0.697,13750,13750,62951
110574,California State University-East Bay,Hayward,CA,3,1,21,0.9739,NA,9809,0.5855,0.3781,7583,20183,22850,6041,12805,0.4807,0.261,0.7569,0.4795,0.4674,16544,16544,71401
110583,California State University-Long Beach,Long Beach,CA,3,1,11,0.4627,NA,35924,0.5855,0.1613,7350,19950,22679,4744,12276,0.4524,0.238,0.868,0.6888,0.6933,14289,14289,64403
110592,California State University-Los Angeles,Los Angeles,CA,3,1,11,0.9125,NA,19562,0.5566,0.2348,7160,19760,18403,3420,12690,0.4156,0.1794,0.7185,0.5298,0.5279,13000,13000,59211
110608,California State University-Northridge,Northridge,CA,3,1,11,0.9345,NA,32691,0.5288,0.2002,7458,20058,20485,4574,12456,0.4325,0.2139,0.7344,0.5695,0.5655,13872,13872,59115
110617,California State University-Sacramento,Sacramento,CA,3,1,11,0.9399,NA,28350,0.5503,0.2087,8018,20618,22945,5424,11717,0.49,0.2282,0.8191,0.5629,0.5606,15000,15000,64876
110635,University of California-Berkeley,Berkeley,CA,3,1,12,0.1098,NA,33068,0.5579,0.0505,16347,50547,45619,23722,21246,0.6957,0.1683,0.9679,0.9284,0.9286,13000,13000,92446
110644,University of California-Davis,Davis,CA,3,1,23,0.4183,NA,32253,0.5862,0.0386,16774,50974,41238,20510,18357,0.8759,0.197,0.9281,0.8567,0.8538,13000,13000,80838
110653,University of California-Irvine,Irvine,CA,3,1,11,0.2857,NA,30197,0.561,0.0321,15722,49922,38632,16830,19250,0.8318,0.2033,0.9405,0.8687,0.8638,15000,15000,80735
110662,University of California-Los Angeles,Los Angeles,CA,3,1,11,0.0897,NA,33475,0.6036,0.0324,15203,49403,38614,20383,22848,0.7512,0.1877,0.9731,0.9262,0.9264,14000,14000,82511
110671,University of California-Riverside,Riverside,CA,3,1,11,0.7639,NA,22593,0.526,0.0512,15606,49806,38942,13326,17096,0.8947,0.3103,0.876,0.7596,0.7626,17500,17500,67699
110680,University of California-San Diego,La Jolla,CA,3,1,11,0.2671,NA,34948,0.5484,0.0418,16758,50958,38701,18939,19117,0.8766,0.2139,0.9402,0.8605,0.8677,15500,15500,84943
110699,University of California-San Francisco,San Francisco,CA,4,1,11,NA,NA,NA,NA,NA,NA,NA,NA,18005,15651,0.6641,NA,NA,NA,NA,PS,PS,NA
110705,University of California-Santa Barbara,Santa Barbara,CA,3,1,22,0.3297,NA,23113,0.5755,0.0224,16414,50614,41573,18982,20677,0.8994,0.1811,0.93,0.8303,0.8425,13993,13993,74915
110714,University of California-Santa Cruz,Santa Cruz,CA,3,1,13,0.6579,NA,17940,0.5277,0.0356,16005,50205,41179,13437,17994,0.8491,0.2836,0.8795,0.7509,0.7475,16666,16666,68396
110778,Sofia University,Palo Alto,CA,3,3,13,NA,NA,5,0.8,1,NA,NA,NA,21823,6926,1,1,NA,NA,NA,PS,PS,NA
110875,California Beauty College,Modesto,CA,1,3,12,NA,NA,122,0.9754,0.2603,NA,NA,NA,7562,NA,NA,0.6522,NA,NA,NA,PS,PS,22255
111045,Haven University,Garden Grove,CA,3,2,21,NA,NA,28,0.4643,0.7419,7010,7010,NA,5685,1500,NA,0,NA,NA,NA,NA,NA,NA
111054,California Hair Design Academy,La Mesa,CA,1,3,21,NA,NA,98,0.7551,0.528,NA,NA,NA,15567,NA,NA,0.5114,NA,NA,NA,6333,6333,19347
111081,California Institute of the Arts,Valencia,CA,3,2,21,0.3234,NA,860,0.6035,0.1068,58996,58996,77560,36093,10095,0.4474,0.3624,0.8239,0.6667,0.6547,25000,25000,41198
111188,Cal Poly Maritime Academy,Vallejo,CA,3,1,12,0.9501,NA,804,0.1803,0.0999,9944,22544,29853,7675,12097,0.7895,0.3929,0.7746,0.5972,0.6333,24965,24965,94784
111391,California Western School of Law,San Diego,CA,4,2,11,NA,NA,NA,NA,NA,NA,NA,NA,41041,13248,0.493,NA,NA,NA,NA,PS,PS,NA
111434,Canada College,Redwood City,CA,2,1,21,NA,NA,5175,0.6044,0.4074,1332,11384,9087,1312,13551,0.3975,0.0041,NA,NA,NA,PS,PS,50087
111461,College of the Canyons,Santa Clarita,CA,2,1,21,NA,NA,15832,0.443,0.4094,1166,10958,11360,1060,13560,0.2736,0.0107,NA,NA,NA,9612,9612,49022
111513,Career Academy of Beauty,Garden Grove,CA,1,3,21,NA,NA,219,1,0.4493,NA,NA,NA,14431,NA,NA,0.5367,NA,NA,NA,6333,6333,24410
111638,Casa Loma College-Los Angeles,Sherman Oaks,CA,2,2,11,0.4255,NA,758,0.7282,0.6024,NA,NA,NA,15920,6630,0.3333,0.6983,NA,0.7324,0.6943,26791,26791,49854
111708,CET-San Diego,San Diego,CA,1,2,11,NA,NA,223,0.1076,0.76,NA,NA,NA,16730,NA,NA,0.3926,NA,NA,NA,7041,7041,32986
111717,CET-San Jose,San Jose,CA,1,2,11,NA,NA,266,0.1504,0.2743,NA,NA,NA,16882,NA,NA,0.4,NA,NA,NA,7041,7041,32986
111726,CET-El Centro,El Centro,CA,1,2,13,NA,NA,130,0.2077,0.6886,NA,NA,NA,16371,NA,NA,0.0664,NA,NA,NA,7041,7041,32986
111744,CET-Colton,Colton,CA,1,2,21,NA,NA,162,0.0617,0.4031,NA,NA,NA,16725,NA,NA,0.4913,NA,NA,NA,7041,7041,32986
111762,CET-Watsonville,Watsonville,CA,1,2,13,NA,NA,142,0.2746,0.1544,NA,NA,NA,16224,NA,NA,0.1037,NA,NA,NA,7041,7041,32986
111799,CET-Salinas,Salinas,CA,1,2,12,NA,NA,171,0.8363,0.262,NA,NA,NA,15009,NA,NA,0.0882,NA,NA,NA,7041,7041,32986
111887,Cerritos College,Norwalk,CA,1,1,21,NA,NA,18870,0.532,0.3966,1364,12004,10236,582,14741,0.2234,0.0262,NA,NA,NA,8447,8447,41156
111896,Cerro Coso Community College,Ridgecrest,CA,2,1,41,NA,NA,3171,0.6184,0.4425,1384,11254,25300,564,12849,0.3626,0.0135,NA,NA,NA,PS,PS,34963
111920,Chabot College,Hayward,CA,1,1,21,NA,NA,11392,0.4925,0.3948,1150,8686,17456,1348,13276,0.3265,0.0079,NA,NA,NA,9500,PS,48143
111939,Chaffey College,Rancho Cucamonga,CA,2,1,21,NA,NA,18132,0.602,0.3454,1184,11120,14451,728,12395,0.2133,0.0048,NA,NA,NA,PS,PS,42975
111948,Chapman University,Orange,CA,3,2,12,0.6543,1357,7478,0.6147,0.0222,64984,64984,83146,37052,13611,1,0.6034,0.9181,0.8188,0.8112,20500,20500,70070
111966,Charles R Drew University of Medicine and Science,Los Angeles,CA,3,2,21,0.3874,NA,282,0.6312,0.5513,23000,23000,39834,20136,9291,0.2708,0.6456,0.5,0.2963,0.3721,18750,18750,83438
112075,Concordia University-Irvine,Irvine,CA,3,2,11,0.6599,NA,1536,0.6068,0.0887,43480,43480,58682,16613,8069,1,0.5235,0.7483,0.5831,0.6043,24247,24247,65083
112084,San Diego Christian College,Santee,CA,3,2,21,0.3081,NA,87,0.4483,0.375,28012,28012,31745,15917,7898,0.1935,0.35,0.8571,0.1967,0.2143,24941,PS,49766
112127,Church Divinity School of the Pacific,Berkeley,CA,4,2,12,NA,NA,NA,NA,NA,NA,NA,NA,3088,15581,NA,NA,NA,NA,NA,PS,PS,NA
112172,Citrus College,Glendora,CA,1,1,21,NA,NA,8286,0.5506,0.2773,1204,10636,13699,1044,12767,0.3054,0.0121,NA,NA,NA,7851,PS,42065
112181,Citrus Heights Beauty College,Citrus Heights,CA,1,3,21,NA,NA,114,0.9649,0.3545,NA,NA,NA,15921,NA,NA,0.3679,NA,NA,NA,6333,6333,NA
112190,City College of San Francisco,San Francisco,CA,1,1,11,NA,NA,17348,0.5338,0.5879,1696,14656,16870,1516,12595,0.4196,0.0062,NA,NA,NA,8218,8218,45805
112251,Claremont Graduate University,Claremont,CA,4,2,21,NA,NA,NA,NA,NA,NA,NA,NA,34338,14427,0.7203,NA,NA,NA,NA,PS,PS,64372
112260,Claremont McKenna College,Claremont,CA,3,2,21,0.0959,1527,1388,0.4993,0.0043,67980,67980,86500,42971,16701,0.9023,0.2093,0.9813,0.9136,0.9334,13500,13500,104736
112288,Milan Institute-Visalia,Visalia,CA,1,3,12,NA,NA,635,0.8787,0.4288,NA,NA,NA,12561,NA,NA,0.6887,NA,NA,NA,8124,8124,32493
112367,Clovis Adult Education,Clovis,CA,1,1,21,NA,NA,226,0.885,0.7311,NA,NA,NA,746,NA,NA,0,NA,NA,NA,PS,PS,50098
112385,Coastline Community College,Fountain Valley,CA,2,1,13,NA,NA,7393,0.4155,0.5496,1364,11612,24290,1418,14027,0.206,0.0128,NA,NA,NA,8250,8250,44483
112394,University of Silicon Valley,San Jose,CA,3,3,11,0.5118,NA,455,0.2835,0.2646,22480,22480,35722,24949,7964,0.069,0.6746,0.6875,0.2874,0.3133,31000,31000,51017
112455,Coba Academy,Anaheim,CA,1,3,11,NA,NA,109,0.6881,0.49,NA,NA,NA,14578,NA,NA,0.6632,NA,NA,NA,6333,6333,21208
112525,Western University of Health Sciences,Pomona,CA,4,2,21,NA,NA,NA,NA,NA,NA,NA,NA,55024,12170,0.8777,NA,NA,NA,NA,PS,PS,NA
112561,Columbia College,Sonora,CA,2,1,41,NA,NA,1984,0.5499,0.3562,1282,9264,19870,490,10219,0.431,0,NA,NA,NA,PS,PS,39035
112570,California College of ASU,Los Angeles,CA,3,2,11,NA,NA,71,0.4789,0.1812,25186,25186,31890,15429,6132,0.05,0.6174,0.25,0.3723,0.4286,25000,25000,42014
112686,Compton College,Compton,CA,2,1,21,NA,NA,3142,0.6241,0.3618,1142,8822,20447,512,11255,0.5359,0.0269,NA,NA,NA,PS,PS,34181
112826,Contra Costa College,San Pablo,CA,2,1,21,NA,NA,5203,0.6037,0.3488,1312,10320,18422,977,10931,0.3673,0.0145,NA,NA,NA,PS,PS,40850
113096,Cosumnes River College,Sacramento,CA,2,1,11,NA,NA,14023,0.5611,0.336,1288,12616,14202,596,10858,0.4079,0.0276,NA,NA,NA,10722,10722,42446
113111,Crafton Hills College,Yucaipa,CA,2,1,21,NA,NA,5687,0.5535,0.3044,1188,14556,20282,752,11171,0.3319,0,NA,0.3128,0.3128,PS,PS,42553
113193,Cuesta College,San Luis Obispo,CA,1,1,41,NA,NA,7180,0.5311,0.2203,1350,11010,20192,1462,11897,0.3152,0.0194,NA,NA,NA,13750,13750,46047
113218,Cuyamaca College,El Cajon,CA,2,1,21,NA,NA,7177,0.5479,0.3779,1346,11314,16690,660,10865,0.2684,0.0239,NA,NA,NA,PS,PS,32435
113236,Cypress College,Cypress,CA,1,1,13,NA,NA,13354,0.5868,0.2948,1150,12379,14290,923,13082,0.3329,0.0141,NA,0.3728,0.3628,10000,10000,43533
113333,De Anza College,Cupertino,CA,2,1,13,NA,NA,15264,0.4809,0.2848,1571,12596,14975,1640,11478,0.3617,0.0273,NA,NA,NA,5625,5625,56596
113449,International School of Beauty Inc,Palm Desert,CA,1,3,13,NA,NA,132,0.697,0.3757,NA,NA,NA,14617,NA,NA,0.4516,NA,NA,NA,7083,7083,19799
113573,College of the Desert,Palm Desert,CA,1,1,13,NA,NA,10207,0.5608,0.2917,1326,10174,24607,1046,12882,0.2681,0.0103,NA,NA,NA,PS,PS,39020
113582,Design Institute of San Diego,San Diego,CA,3,3,11,1,NA,77,0.9481,0.5,29300,29300,55911,27725,7708,NA,0.6304,0,0.8,PS,36844,36844,46920
113634,Diablo Valley College,Pleasant Hill,CA,2,1,21,NA,NA,15358,0.512,0.2966,1312,10320,16774,1821,11323,0.3705,0.0105,NA,NA,NA,10021,10021,51378
113698,Dominican University of California,San Rafael,CA,3,2,13,0.835,1290,1114,0.7181,0.1168,52161,52161,71751,20987,10036,0.2983,0.5755,0.8548,0.7805,0.7725,27000,27000,84713
113704,Dominican School of Philosophy & Theology,Berkeley,CA,4,2,12,NA,NA,NA,NA,NA,NA,NA,NA,3537,4483,1,NA,NA,NA,NA,NA,NA,NA
113856,East Los Angeles College,Monterey Park,CA,1,1,21,NA,NA,27753,0.4605,0.5001,1238,10572,19193,499,12791,0.3464,0.0055,NA,NA,NA,10500,10500,42006
113980,El Camino Community College District,Torrance,CA,2,1,21,NA,NA,19210,0.5309,0.2866,1144,7630,15246,981,12998,0.3513,0.0046,NA,NA,NA,PS,PS,41589
114266,Evergreen Valley College,San Jose,CA,2,1,11,NA,NA,7688,0.5206,0.3493,1366,8718,22105,952,16711,0.3595,0.0032,NA,NA,NA,13219,13219,53077
114433,Feather River Community College District,Quincy,CA,2,1,43,NA,NA,1828,0.5821,0.5694,1465,10435,20385,2442,10290,0.3684,0.0626,0.6,0.3457,0.4023,10750,10750,38142
114460,Federico Beauty Institute,Sacramento,CA,1,3,21,NA,NA,220,0.9409,0.4816,NA,NA,NA,13619,NA,NA,0.5722,NA,NA,NA,6333,6333,29856
114549,Fielding Graduate University,Santa Barbara,CA,4,2,13,NA,NA,NA,NA,NA,NA,NA,NA,25763,6823,0.3476,NA,NA,NA,NA,PS,PS,NA
114585,Five Branches University,Santa Cruz,CA,4,3,22,NA,NA,NA,NA,NA,NA,NA,NA,11816,NA,0.0781,NA,NA,NA,NA,PS,PS,NA
114637,Redondo Beach Beauty College,Torrance,CA,1,3,12,NA,NA,43,0.907,0.7692,NA,NA,NA,5553,NA,NA,0.2872,NA,NA,NA,PS,PS,NA
114716,Foothill College,Los Altos Hills,CA,1,1,21,NA,NA,11137,0.4719,0.4052,1565,12590,16361,1826,11815,0.3372,0.0223,NA,0.5637,0.5822,10500,10500,57072
114734,Franciscan School of Theology,San Diego,CA,4,2,11,NA,NA,NA,NA,NA,NA,NA,NA,16288,6362,NA,NA,NA,NA,NA,NA,NA,NA
114761,Fredrick and Charles Beauty College,Eureka,CA,1,3,33,NA,NA,69,0.913,0.4478,NA,NA,NA,13052,NA,NA,0,NA,NA,NA,PS,PS,21826
114789,Fresno City College,Fresno,CA,1,1,11,NA,NA,21251,0.5286,0.3606,1334,10154,17198,386,11391,0.4248,0.0029,NA,0.2353,0.2353,4058,4058,37361
114813,Fresno Pacific University,Fresno,CA,3,2,11,0.6407,NA,1544,0.728,0.409,36660,36660,44249,16386,8399,1,0.6627,0.7157,0.5,0.5276,23146,23146,58896
114840,Fuller Theological Seminary,Pasadena,CA,4,2,12,NA,NA,NA,NA,NA,NA,NA,NA,12611,8192,0.4862,NA,NA,NA,NA,PS,PS,NA
114859,Fullerton College,Fullerton,CA,2,1,21,NA,NA,17121,0.5237,0.2737,1150,12379,14369,897,13251,0.327,0.0201,NA,NA,NA,4500,4500,43366
114938,Gavilan College,Gilroy,CA,2,1,41,NA,NA,4786,0.5376,0.3714,1508,12249,15161,946,11650,0.2349,0.0024,NA,NA,NA,PS,PS,47169
114947,Gemological Institute of America-Carlsbad,Carlsbad,CA,1,2,12,NA,NA,186,0.4785,0.5162,NA,NA,NA,40088,NA,NA,0.372,NA,NA,NA,PS,PS,42588
115001,Glendale Community College,Glendale,CA,2,1,12,NA,NA,10509,0.5225,0.4026,1191,10935,17501,593,10569,0.3231,0.0298,NA,NA,NA,8972,8972,41540
115010,Glendale Career College,Glendale,CA,2,3,12,NA,NA,896,0.7612,0.6792,NA,NA,NA,18674,5980,NA,0.7242,0.9,0.626,0.6099,9500,9500,41472
115083,Golden Gate University,San Francisco,CA,3,2,11,NA,NA,259,0.3514,0.7826,NA,NA,NA,6271,9127,1,0.2818,NA,NA,NA,29875,29875,87434
115126,Golden West College,Huntington Beach,CA,2,1,21,NA,NA,9034,0.5346,0.2601,1380,11628,14618,1450,14009,0.3053,0.0158,NA,NA,NA,7179,7179,43145
115214,Graduate Theological Union,Berkeley,CA,4,2,12,NA,NA,NA,NA,NA,NA,NA,NA,8854,8497,0.6667,NA,NA,NA,NA,NA,NA,NA
115296,Grossmont College,El Cajon,CA,2,1,21,NA,NA,12163,0.586,0.3038,1332,10628,14027,719,11345,0.2932,0.0134,NA,NA,NA,8625,PS,40309
115357,Salon Success Academy-Riverside,Riverside,CA,1,3,11,NA,NA,164,0.9268,0.4624,NA,NA,NA,7567,NA,NA,0.6098,NA,NA,NA,11884,11884,21777
115393,Hartnell College,Salinas,CA,2,1,12,NA,NA,9453,0.4635,0.2417,1404,10374,11892,475,11975,0.3598,0.0034,NA,NA,NA,PS,PS,44316
115409,Harvey Mudd College,Claremont,CA,3,2,21,0.1266,1545,921,0.5071,0.0042,68613,68613,90165,40170,15352,0.9268,0.3298,0.9641,0.9188,0.9279,25000,25000,138687
115658,Hilltop Beauty School,Daly City,CA,1,3,21,NA,NA,77,0.987,0.8354,NA,NA,NA,6640,NA,NA,0,NA,NA,NA,PS,PS,25477
115746,Pacifica Graduate Institute,Santa Barbara CA,CA,4,3,41,NA,NA,NA,NA,NA,NA,NA,NA,22419,9323,0.1684,NA,NA,NA,NA,PS,PS,NA
115755,California State Polytechnic University-Humboldt,Arcata,CA,3,1,33,0.982,NA,5612,0.5437,0.2269,8250,20850,25170,5672,11900,0.5176,0.338,0.7599,0.4855,0.4753,18000,18000,47626
115773,Humphreys University,Stockton,CA,3,2,11,NA,NA,149,0.8926,0.7432,13500,13500,20918,15654,6868,0.16,0.5683,1,0.6154,0.6667,35500,35500,39248
115861,Imperial Valley College,Imperial,CA,2,1,41,NA,NA,7652,0.5388,0.273,1148,8852,11998,420,11544,0.5674,0,NA,NA,NA,PS,PS,34487
115931,Institute for Business and Technology,San Jose,CA,1,3,11,NA,NA,765,0.1673,0.4007,NA,NA,NA,16309,6319,0.4063,0.482,NA,NA,NA,7853,7853,38015
116226,Interior Designers Institute,Newport Beach,CA,2,3,13,NA,NA,97,0.9485,0.6822,20250,20250,NA,24710,NA,NA,0.4393,NA,NA,PS,22082,PS,54974
116439,Irvine Valley College,Irvine,CA,2,1,11,NA,NA,10286,0.4808,0.2144,1156,11860,13001,1677,13269,0.2562,0.0103,NA,NA,NA,6500,6500,49156
116563,Bellus Academy-El Cajon,El Cajon,CA,1,3,21,NA,NA,157,0.9745,0.5024,NA,NA,NA,13506,NA,NA,0.5252,NA,NA,NA,6333,6333,30807
116846,American Jewish University,Los Angeles,CA,1,2,11,NA,NA,60,0.9833,0.5043,NA,NA,NA,9713,13979,1,0.1026,NA,0.4444,0.4118,PS,PS,61954
117052,Reedley College,Reedley,CA,1,1,32,NA,NA,5504,0.5527,0.1923,1334,10154,16881,423,10769,0.4412,0.0054,NA,NA,NA,2819,PS,38493
117104,Life Pacific University,San Dimas,CA,3,2,21,0.958,NA,456,0.5373,0.2727,22118,22118,35062,13224,6254,0.2254,0.6591,0.7302,0.404,0.4813,22395,22395,43299
117140,University of La Verne,La Verne,CA,3,2,21,0.7117,1083,3050,0.6007,0.2381,49470,49470,62278,20960,10550,0.2974,0.6411,0.6445,0.6312,0.6422,23500,23500,65464
117168,Laguna College of Art and Design,Laguna Beach,CA,3,2,41,0.9432,NA,746,0.7507,0.183,37500,37500,57989,26062,8099,0.0935,0.4343,0.8421,0.5172,0.5673,27000,27000,47867
117195,Lake Tahoe Community College,South Lake Tahoe,CA,2,1,41,NA,NA,3660,0.3757,0.6078,1131,11103,17666,1823,10705,0.1722,0.0195,NA,NA,NA,PS,PS,36657
117238,Lancaster Beauty School,Lancaster,CA,1,3,21,NA,NA,150,0.7,0.4351,NA,NA,NA,12283,NA,NA,0.9711,NA,NA,NA,6333,6333,16220
117247,Laney College,Oakland,CA,2,1,11,NA,NA,6842,0.526,0.4629,1258,9898,25335,826,12070,0.4795,0.0075,NA,NA,NA,PS,PS,37282
117274,Lassen Community College,Susanville,CA,2,1,33,NA,NA,1741,0.3647,0.6556,1144,9280,20228,1218,10355,0.2941,0.0219,NA,NA,NA,PS,PS,35994
117283,Latin American Bible Institute,La Puente,CA,2,2,21,0.5455,NA,111,0.5766,0.7949,14050,14050,16570,2900,NA,NA,0.2051,NA,0.3333,0.4286,NA,NA,NA
117520,Life Chiropractic College West,Hayward,CA,4,2,21,NA,NA,NA,NA,NA,NA,NA,NA,36410,8247,0.3391,NA,NA,NA,NA,PS,PS,NA
117557,Lincoln University,Oakland,CA,3,2,11,NA,NA,204,0.3186,0.1749,13150,13150,NA,9604,5583,0.3793,0,0.8889,1,0.7637,PS,PS,53695
117575,Southern California Seminary,El Cajon,CA,3,2,21,NA,NA,32,0.2813,0.7742,19080,19080,NA,11998,6254,0.3333,0.4063,0,0.5,PS,PS,PS,39607
117627,La Sierra University,Riverside,CA,3,2,11,0.915,NA,1116,0.5842,0.0651,37710,37710,51459,28842,8396,0.6429,0.5857,0.7729,0.5973,0.6386,27000,27000,61824
117636,Loma Linda University,Loma Linda,CA,3,2,21,NA,NA,909,0.7327,0.5342,NA,NA,NA,40901,11868,0.972,0.6425,NA,NA,NA,20854,20854,89816
117645,Long Beach City College,Long Beach,CA,1,1,11,NA,NA,22427,0.5487,0.3668,1556,12544,14503,795,9152,0.3273,0.0215,NA,NA,NA,10500,10500,38870
117672,Southern California University of Health Sciences,Whittier,CA,1,2,21,NA,NA,158,0.8228,0.5676,10476,10476,57740,25180,9047,0.3065,0.1083,NA,0.5,PS,11400,11400,70649
117690,Los Angeles Harbor College,Wilmington,CA,2,1,11,NA,NA,6694,0.601,0.352,1238,10568,21772,887,11874,0.3291,0.0052,NA,NA,NA,PS,PS,41133
117706,Los Angeles Pierce College,Woodland Hills,CA,2,1,11,NA,NA,13436,0.5328,0.3179,1238,10572,21400,843,12565,0.3529,0.0256,NA,NA,NA,12936,12936,44521
117715,Los Angeles Southwest College,Los Angeles,CA,2,1,21,NA,NA,3706,0.6516,0.4665,1238,10572,13624,532,11250,0.313,0.0127,NA,NA,NA,PS,PS,32172
117724,Los Angeles Trade Technical College,Los Angeles,CA,1,1,11,NA,NA,9998,0.385,0.3875,1238,10572,20457,568,13213,0.3783,0.013,NA,NA,NA,10500,10500,35233
117733,Los Angeles Valley College,Valley Glen,CA,1,1,11,NA,NA,12601,0.5579,0.4175,1238,10572,20546,683,12889,0.3156,0.0163,NA,0.3212,0.3212,10500,10500,42678
117751,The Master's University and Seminary,Santa Clarita,CA,3,2,21,0.8402,NA,1622,0.4624,0.2184,39020,39020,54845,13955,8083,0.2429,0.3812,0.8467,0.6773,0.6618,20500,20500,57106
117788,Los Angeles City College,Los Angeles,CA,2,1,11,NA,NA,11198,0.5635,0.4553,1238,10572,18924,1121,12693,0.3522,0.044,NA,NA,NA,12750,12750,36190
117803,Los Angeles County College of Nursing and Allied Health,Los Angeles,CA,2,1,11,NA,NA,204,0.6373,0.7318,NA,NA,NA,4224,12675,1,0.3091,NA,NA,NA,9500,9500,115318
117867,Los Angeles Mission College,Sylmar,CA,2,1,11,NA,NA,7999,0.5804,0.3588,1238,10572,21717,531,12994,0.2735,0.0085,NA,0.2003,0.2003,12678,PS,39834
117894,Los Medanos College,Pittsburg,CA,2,1,21,NA,NA,7320,0.5713,0.2461,1312,10320,16056,910,10989,0.4324,0.0148,NA,NA,NA,PS,PS,42454
117946,Loyola Marymount University,Los Angeles,CA,3,2,11,0.4508,1359,7094,0.5216,0.0159,62357,62357,83943,42020,13834,0.5824,0.2947,0.8858,0.7887,0.7932,19500,19500,78349
117955,Lu Ross Academy,Ventura,CA,1,3,12,NA,NA,229,0.7991,0.3682,NA,NA,NA,14636,NA,NA,0.533,NA,NA,NA,6333,6333,23148
118134,Lyle's College of Beauty,Bakersfield,CA,1,3,11,NA,NA,70,0.9857,0.4063,NA,NA,NA,14614,NA,NA,0.2485,NA,NA,NA,6333,6333,25913
118143,Lyle's College of  Beauty,Fresno,CA,1,3,11,NA,NA,90,0.9778,0.6364,NA,NA,NA,11000,NA,NA,0.3595,NA,NA,NA,6333,6333,25913
118161,Lytles Redwood Empire Beauty College,Santa Rosa,CA,1,3,21,NA,NA,86,1,0.3246,NA,NA,NA,14765,NA,NA,0.4628,NA,NA,NA,8682,8682,20358
118198,MTI College,Sacramento,CA,1,3,21,0.6338,NA,2000,0.7585,0.4585,NA,NA,NA,5468,4395,0.2388,0.2961,NA,NA,NA,8836,8836,45328
118347,College of Marin,Kentfield,CA,2,1,21,NA,NA,4042,0.5606,0.4098,1558,9334,21015,1596,15461,0.394,0.0105,NA,NA,NA,10062,10062,42654
118684,Mendocino College,Ukiah,CA,2,1,41,NA,NA,2870,0.6596,0.4278,1423,10003,17544,663,13904,0.2,0.0308,NA,NA,NA,10836,10836,40243
118693,Menlo College,Atherton,CA,3,2,21,0.6847,NA,752,0.4255,0.0529,53630,53630,72020,17845,10344,1,0.438,0.6994,0.535,0.5244,21750,21750,76419
118718,Merced College,Merced,CA,1,1,13,NA,NA,10001,0.5846,0.2956,1200,8520,14485,622,10419,0.358,0.0083,NA,NA,NA,PS,PS,37815
118772,Merritt College,Oakland,CA,1,1,11,NA,NA,5288,0.6466,0.5082,1258,9898,21424,744,12200,0.3536,0.006,NA,NA,NA,PS,PS,44392
118888,Northeastern University Oakland,Oakland,CA,3,2,11,0.1665,1472,464,0.5172,0.0185,67778,67778,85418,30304,14244,1,0.4799,0.0021,NA,NA,24250,24250,92538
118912,MiraCosta College,Oceanside,CA,2,1,21,NA,NA,10278,0.5838,0.3585,1158,9750,15531,1063,14957,0.2307,0.0234,0.9091,0.4111,0.411,9000,9000,43845
118930,Mission College,Santa Clara,CA,2,1,12,NA,NA,5784,0.5443,0.4401,1438,12500,13744,1124,15233,0.3746,0.0036,NA,NA,NA,PS,PS,50936
118958,Modern Beauty Academy,Oxnard,CA,1,3,12,NA,NA,90,0.5889,0.4677,NA,NA,NA,7863,NA,NA,0.3033,NA,NA,NA,PS,PS,22477
118976,Modesto Junior College,Modesto,CA,2,1,12,NA,NA,15109,0.5996,0.2941,1282,9264,11487,630,10951,0.4675,0.003,0.7144,0.2957,0.2781,PS,PS,42368
118994,Moler Barber College,Oakland,CA,1,3,11,NA,NA,411,0.455,0.603,NA,NA,NA,10578,NA,NA,0.6332,NA,NA,NA,10556,10556,15204
119058,Middlebury Institute of International Studies at Monterey,Monterey,CA,3,2,22,NA,NA,4,0.5,0.4167,NA,NA,NA,34470,11958,0.6566,0.5833,NA,NA,NA,13857,13857,76310
119067,Monterey Peninsula College,Monterey,CA,2,1,22,NA,NA,5624,0.526,0.3912,1188,10572,19605,957,11623,0.3896,0.0116,NA,NA,NA,PS,PS,42176
119137,Moorpark College,Moorpark,CA,2,1,22,NA,NA,12082,0.5236,0.2229,1426,9615,8015,1076,11086,0.3175,0.009,NA,0.4354,0.4354,9500,9500,49044
119164,Mt San Antonio College,Walnut,CA,2,1,21,NA,NA,26140,0.5275,0.3012,1364,10464,15701,1049,13626,0.4217,0.01,NA,NA,NA,5880,5880,46283
119173,Mount Saint Mary's University,Los Angeles,CA,3,2,11,0.7313,NA,1719,0.9209,0.1404,49564,49564,66726,21109,9605,0.2954,0.6774,0.7114,0.5325,0.5334,25949,25949,72379
119216,Mt San Jacinto Community College District,San Jacinto,CA,2,1,22,NA,NA,15259,0.5937,0.3125,1448,12728,14257,679,10225,0.1824,0.0094,NA,NA,NA,PS,PS,38319
119270,Musicians Institute,Hollywood,CA,1,3,11,0.7795,NA,759,0.3254,0.4051,34322,34322,52369,24489,2761,0.295,0.2167,0.8,0.5281,0.492,PS,PS,32778
119331,Napa Valley College,Napa,CA,2,1,13,NA,NA,3813,0.5888,0.2649,1156,11908,22572,1098,11688,0.3849,0.0066,NA,NA,NA,10147,PS,49517
119553,National Holistic Institute,Emeryville,CA,1,3,21,NA,NA,1258,0.6979,0.8536,NA,NA,NA,10860,NA,NA,0.7527,NA,NA,NA,9500,9500,27978
119605,National University,San Diego,CA,3,2,11,NA,NA,10794,0.5282,0.8179,13284,13284,33978,17886,9332,0.1144,0.2467,0.5263,0.4286,0.4231,25000,25000,67548
119678,Naval Postgraduate School,Monterey,CA,4,1,22,NA,NA,NA,NA,NA,NA,NA,NA,NA,16480,0.8522,NA,NA,NA,NA,NA,NA,NA
119775,Newschool of Architecture and Design,San Diego,CA,3,3,11,1,NA,182,0.4725,0.4695,30291,30291,62004,26121,6140,0.128,0.5399,0.625,0.619,0.5405,31000,31000,68891
119951,North Adrian's College of Beauty Inc,Modesto,CA,1,3,12,NA,NA,207,0.8986,0.2019,NA,NA,NA,5968,NA,NA,0.4273,NA,NA,NA,11000,11000,27269
120069,North-West College-Pomona,Pomona,CA,1,3,21,NA,NA,381,0.8504,0.5048,NA,NA,NA,17628,NA,NA,0.7528,NA,NA,NA,9500,9500,39876
120078,North-West College-West Covina,West Covina,CA,1,3,21,NA,NA,653,0.8515,0.515,NA,NA,NA,11917,6206,NA,0.6776,NA,NA,NA,9500,9500,37542
120087,North-West College-Van Nuys,Van Nuys,CA,1,3,11,NA,NA,294,0.7721,0.5822,NA,NA,NA,15971,NA,NA,0.652,NA,NA,NA,9500,9500,32488
120166,San Francisco Bay University,Fremont,CA,3,2,12,0.9578,NA,126,0.4127,0.1452,8830,8830,NA,3107,8144,0.1316,0,0.7222,NA,NA,NA,NA,NA
120184,Notre Dame de Namur University,Belmont,CA,3,2,21,NA,NA,33,0.7576,0.7857,NA,NA,NA,15374,8598,0.1053,0.2143,NA,0.067,0.1873,25000,25000,74576
120254,Occidental College,Los Angeles,CA,3,2,11,0.4417,1452,1877,0.5866,0.0049,66274,66274,84800,37366,12349,0.7454,0.3715,0.8985,0.8088,0.83,23000,23000,75951
120290,Ohlone College,Fremont,CA,2,1,12,NA,NA,7099,0.482,0.2899,1202,8714,21254,1844,12905,0.26,0.0055,NA,NA,NA,PS,PS,54278
120342,Orange Coast College,Costa Mesa,CA,1,1,12,NA,NA,16091,0.5017,0.2549,1392,11640,15561,1441,13984,0.3316,0.0212,NA,NA,NA,9500,9500,47348
120403,Otis College of Art and Design,Los Angeles,CA,3,2,11,0.8176,1310,1223,0.7089,0.1046,56488,56488,75861,35879,9491,0.1672,0.4449,0.7447,0.663,0.6388,27000,27000,58152
120421,Oxnard College,Oxnard,CA,2,1,12,NA,NA,6240,0.5319,0.2733,1426,9615,9437,661,10290,0.3745,0.0065,NA,NA,NA,PS,PS,41393
120537,Hope International University,Fullerton,CA,3,2,21,0.3298,1020,564,0.5408,0.153,38050,38050,51784,13707,7734,0.3167,0.5683,0.5244,0.4944,0.4751,23000,23000,49697
120661,Concorde Career College-San Diego,San Diego,CA,1,3,11,1,NA,147,0.8776,0.3708,NA,NA,NA,20336,8331,0.4815,0.7513,NA,NA,NA,9500,9500,39169
120698,Palo Alto University,Palo Alto,CA,3,2,41,NA,NA,14,0.8571,0.8421,NA,NA,NA,34039,16185,0.5581,0.4091,NA,NA,NA,20500,20500,83187
120768,Pacific Oaks College,Pasadena,CA,3,2,12,0.3438,NA,312,0.8942,0.8931,32520,32520,NA,23305,7053,0.1316,0.7428,NA,NA,NA,29105,29105,52485
120795,Pacific School of Religion,Berkeley,CA,4,2,12,NA,NA,NA,NA,NA,NA,NA,NA,15723,8272,0.9,NA,NA,NA,NA,PS,PS,NA
120838,Pacific States University,Los Angeles,CA,3,2,11,NA,NA,44,0.2727,0.4118,10159,10159,NA,18991,2382,NA,NA,1,1,PS,PS,PS,NA
120865,Pacific Union College,Angwin,CA,2,2,41,0.473,NA,805,0.6261,0.2835,37173,37173,49404,17520,6738,1,0.5817,0.8864,0.5828,0.545,27500,27500,70484
120883,University of the Pacific,Stockton,CA,3,2,11,0.7132,1346,3204,0.5506,0.0567,57080,57080,71515,32035,11952,0.5471,0.4025,0.8846,0.6905,0.6845,19500,19500,78445
120953,Palo Verde College,Blythe,CA,1,1,42,NA,NA,3381,0.1529,0.8246,1288,12880,25212,736,11127,0.4128,0,NA,NA,NA,PS,PS,36389
120971,Palomar College,San Marcos,CA,1,1,21,NA,NA,17712,0.4521,0.3297,1354,10650,14360,1006,13495,0.3182,0.0082,NA,NA,NA,PS,PS,42300
121044,Pasadena City College,Pasadena,CA,2,1,12,NA,NA,21466,0.5403,0.3142,1180,9820,13677,1388,9708,0.4371,0.0091,NA,NA,NA,6651,6651,43937
121150,Pepperdine University,Malibu,CA,3,2,21,0.6286,1384,3553,0.5958,0.0306,69918,69918,93512,33593,14314,0.4678,0.3731,0.8757,0.8335,0.8422,23510,23510,82939
121257,Pitzer College,Claremont,CA,3,2,21,0.2516,NA,1227,0.5884,0.0141,65192,65192,86466,58704,12503,0.8015,0.2002,0.938,0.8339,0.833,16750,16750,69512
121309,Point Loma Nazarene University,San Diego,CA,3,2,11,0.8368,1287,3188,0.6515,0.1387,46250,46250,60488,25333,11862,1,0.4987,0.8554,0.7717,0.7553,22990,22990,63998
121345,Pomona College,Claremont,CA,3,2,21,0.0709,1534,1666,0.5522,0.0078,65420,65420,85300,25266,15085,0.942,0.0938,0.9755,0.932,0.932,11782,11782,77779
121363,Porterville College,Porterville,CA,2,1,23,NA,NA,2834,0.6351,0.263,1438,11308,20730,396,11482,0.4096,0.0006,NA,NA,NA,PS,PS,36328
121433,Professional Institute of Beauty,El Monte,CA,1,3,21,NA,NA,93,0.957,0.8333,NA,NA,NA,8654,NA,NA,0.3261,NA,NA,NA,3001,PS,16886
121619,Santa Ana College,Santa Ana,CA,1,1,11,NA,NA,22485,0.397,0.5137,1180,10756,12375,638,13245,0.2505,0.0068,NA,0.3085,0.3119,6871,6871,43552
121628,RAND School of Public Policy,Santa Monica,CA,4,2,13,NA,NA,NA,NA,NA,NA,NA,NA,43377,5889,1,NA,NA,NA,NA,NA,NA,NA
121637,Shasta School of Cosmetology,Redding,CA,1,3,13,NA,NA,112,0.9018,0.52,NA,NA,NA,3443,NA,NA,0.2718,NA,NA,NA,PS,PS,NA
121691,University of Redlands,Redlands,CA,3,2,13,0.8271,1241,2049,0.5637,0.0938,60878,60878,76630,19586,10565,0.9957,0.5541,0.8402,0.6727,0.6898,26000,26000,72690
121707,College of the Redwoods,Eureka,CA,2,1,41,NA,NA,3829,0.5437,0.4531,1198,8854,15504,985,11402,0.3855,0.0606,NA,NA,NA,8080,8080,36243
121859,Salon Success Academy-Upland,Upland,CA,1,3,21,NA,NA,254,0.9449,0.4034,NA,NA,NA,14458,NA,NA,0.5818,NA,NA,NA,7177,7177,26956
121868,Salon Success Academy-Corona,Corona,CA,1,3,12,NA,NA,196,0.9898,0.3472,NA,NA,NA,14139,NA,NA,0.5908,NA,NA,NA,7177,7177,22412
121886,Rio Hondo College,Whittier,CA,1,1,41,NA,NA,15684,0.3937,0.4666,1388,9884,21391,429,12922,0.3056,0.0057,1,0.2453,0.2576,5500,PS,44950
121901,Riverside City College,Riverside,CA,2,1,11,NA,NA,18346,0.5845,0.2635,1428,12498,16911,822,14910,0.358,0.0098,NA,NA,NA,8000,8000,41091
122117,Dongguk University Los Angeles,Los Angeles,CA,4,2,11,NA,NA,NA,NA,1,NA,NA,NA,6181,6000,NA,NA,NA,NA,NA,PS,PS,NA
122180,Sacramento City College,Sacramento,CA,2,1,11,NA,NA,17657,0.5882,0.3835,1288,12616,15767,605,11253,0.382,0.0468,NA,NA,NA,10500,10500,42214
122205,Saddleback College,Mission Viejo,CA,2,1,21,NA,NA,17684,0.5456,0.3146,1156,11860,13939,1803,13477,0.2658,0.0128,NA,NA,NA,9500,9500,50874
122296,Samuel Merritt University,Oakland,CA,3,2,11,NA,NA,718,0.8287,0.8151,NA,NA,NA,33051,11449,0.4509,0.9136,NA,NA,NA,20825,20825,143238
122339,San Diego City College,San Diego,CA,2,1,11,NA,NA,10441,0.5342,0.3938,1146,10002,21202,960,10502,0.3745,0.0157,NA,NA,NA,7689,7689,38503
122375,San Diego Mesa College,San Diego,CA,2,1,11,NA,NA,16098,0.55,0.321,1146,10002,19371,757,10642,0.3766,0.0178,NA,0.3476,0.3426,4725,4725,45120
122384,San Diego Miramar College,San Diego,CA,2,1,11,NA,NA,11271,0.4383,0.3911,1146,10002,17126,768,10272,0.3397,0.0063,NA,NA,NA,6750,6750,48224
122409,San Diego State University,San Diego,CA,3,1,11,0.3619,NA,35377,0.5656,0.1179,8728,21328,27780,7995,13042,0.5005,0.2325,0.9063,0.7643,0.773,15000,15000,64909
122436,University of San Diego,San Diego,CA,3,2,11,0.5238,NA,5671,0.5645,0.0393,59486,59486,78720,29378,13201,0.5446,0.324,0.914,0.8367,0.8266,22940,22940,86522
122506,San Francisco Conservatory of Music,San Francisco,CA,3,2,11,0.5491,NA,226,0.4159,0.0558,56150,56150,78781,28815,15211,1,0.3935,0.9273,0.7368,0.6271,27000,27000,NA
122597,San Francisco State University,San Francisco,CA,3,1,11,0.9644,NA,18639,0.5366,0.1845,7950,20550,26488,5140,13199,0.5316,0.2315,0.827,0.5037,0.5026,15371,15371,68077
122612,University of San Francisco,San Francisco,CA,3,2,11,0.6171,1295,5287,0.6501,0.0606,60492,60492,80141,31372,14860,0.3982,0.4694,0.8369,0.7006,0.706,23000,23000,89812
122649,San Joaquin College of Law,Clovis,CA,4,2,21,NA,NA,NA,NA,NA,NA,NA,NA,24152,10005,0.25,NA,NA,NA,NA,PS,PS,NA
122658,San Joaquin Delta College,Stockton,CA,2,1,11,NA,NA,15781,0.5959,0.251,1180,9772,9965,307,10209,0.4674,0.0103,NA,NA,NA,7500,7500,43212
122685,San Joaquin Valley College-Visalia,Visalia,CA,1,3,12,NA,NA,2207,0.729,0.6741,NA,NA,NA,10427,7414,0.3885,0.5833,NA,0.3647,0.3514,10674,10674,38317
122694,San Joaquin Valley College-Bakersfield,Bakersfield,CA,1,3,11,NA,NA,798,0.6817,0.4378,NA,NA,NA,11920,6989,0.4143,0.712,NA,NA,NA,10674,10674,38317
122728,William Jessup University,Rocklin,CA,3,2,21,0.9333,1150,1294,0.5518,0.179,37150,37150,53703,16477,8173,0.3043,0.411,0.7688,0.5598,0.5809,23700,23700,56257
122746,San Jose City College,San Jose,CA,2,1,11,NA,NA,7105,0.5379,0.3948,1366,11922,26081,1105,16356,0.3894,0.0062,NA,NA,NA,PS,PS,46215
122755,San Jose State University,San Jose,CA,3,1,11,0.8461,NA,27601,0.4767,0.1547,8410,21010,26593,7154,12896,0.4369,0.1952,0.8684,0.6922,0.6676,15000,15000,78988
122791,College of San Mateo,San Mateo,CA,2,1,12,NA,NA,7977,0.5236,0.3233,1332,11384,10837,1130,13450,0.4095,0.0061,NA,NA,NA,14695,PS,54172
122889,Santa Barbara City College,Santa Barbara,CA,2,1,13,NA,NA,9889,0.5594,0.2471,1240,10432,20394,2078,12646,0.3901,0.036,NA,NA,NA,11000,11000,47647
122931,Santa Clara University,Santa Clara,CA,3,2,12,0.48,1426,6552,0.4945,0.0114,61293,61293,82026,39904,14682,0.7182,0.3741,0.9392,0.8792,0.8819,19162,19162,109183
122977,Santa Monica College,Santa Monica,CA,2,1,13,NA,NA,21440,0.5537,0.3301,1156,10708,11162,2825,14243,0.2897,0.0328,NA,0.3627,0.3606,6450,6450,42193
123013,Santa Rosa Junior College,Santa Rosa,CA,1,1,12,NA,NA,15080,0.552,0.3629,1318,11308,15974,1187,12791,0.3055,0.0076,NA,NA,NA,9500,9500,47224
123095,Saybrook University,Pasadena,CA,4,2,12,NA,NA,NA,NA,NA,NA,NA,NA,39362,7461,0.2469,NA,NA,NA,NA,PS,PS,NA
123165,Scripps College,Claremont,CA,3,2,21,0.3829,1492,1113,0.9991,0.0028,65950,65950,87564,38929,13213,0.7681,0.1719,0.9382,0.8254,0.8512,13500,13500,77539
123217,College of the Sequoias,Visalia,CA,1,1,12,NA,NA,11562,0.5639,0.2194,1394,9038,9145,658,12605,0.4918,0.0083,NA,NA,NA,4500,4500,39092
123280,Shasta Bible College and Graduate School,Redding,CA,3,2,13,1,NA,21,0.2381,0.8462,14535,14535,34535,10012,1942,NA,0.3077,NA,1,PS,PS,PS,28891
123299,Shasta College,Redding,CA,2,1,22,NA,NA,6128,0.5932,0.3471,1197,8853,13915,762,10713,0.4061,0.0349,1,0.2326,0.2615,14250,14250,39269
123341,Sierra College,Rocklin,CA,2,1,21,NA,NA,14122,0.5346,0.24,1446,1446,17002,1128,9305,0.2816,0.0179,NA,NA,NA,10500,10500,45294
123350,Sierra College of Beauty,Merced,CA,1,3,13,NA,NA,220,0.6636,0.4857,NA,NA,NA,4179,NA,NA,0,NA,NA,NA,PS,PS,18519
123448,Trinity Law School,Santa Ana,CA,4,2,11,NA,NA,NA,NA,NA,NA,NA,NA,19342,9899,1,NA,NA,NA,NA,26082,26082,46989
123457,Simpson University,Redding,CA,3,2,13,0.8603,NA,809,0.4796,0.2861,39708,39708,54688,17048,7504,1,0.6265,0.6042,0.4884,0.4506,18750,18750,54340
123484,College of the Siskiyous,Weed,CA,2,1,42,NA,NA,1190,0.4563,0.3699,1444,9394,17725,2157,9378,0.3643,0.072,NA,NA,NA,10750,10750,39098
123493,Charles A Jones Career and Education Center,Sacramento,CA,1,1,11,NA,NA,91,0.7912,0.5444,NA,NA,NA,9751,NA,NA,0.1408,NA,NA,NA,5512,5512,41047
123509,Skyline College,San Bruno,CA,2,1,21,NA,NA,7620,0.5516,0.2929,1272,9956,11880,1066,13504,0.4448,0.0038,NA,0.443,0.4282,PS,PS,55702
123527,San Bernardino Valley College,San Bernardino,CA,2,1,12,NA,NA,12234,0.583,0.418,1196,14382,22678,764,10823,0.3515,0.0062,NA,NA,NA,PS,PS,39676
123554,Saint Mary's College of California,Moraga,CA,3,2,21,0.8653,NA,1947,0.5429,0.0572,57803,57803,77659,18136,11429,0.611,0.4168,0.8537,0.703,0.6964,23691,23691,78812
123563,Solano Community College,Fairfield,CA,2,1,22,NA,NA,8061,0.5368,0.3493,1172,9812,13143,798,11474,0.4053,0.0166,NA,0.3619,0.3506,12000,12000,44170
123572,Sonoma State University,Rohnert Park,CA,3,1,21,0.9343,NA,5166,0.5958,0.163,8624,21224,24648,5980,12780,0.5089,0.2683,0.792,0.5759,0.5907,16705,16705,65986
123633,South Baylo University,Anaheim,CA,4,2,11,NA,NA,NA,NA,NA,NA,NA,NA,8275,5242,0.3056,NA,NA,NA,NA,PS,PS,NA
123642,South Coast College,Orange,CA,1,3,12,NA,NA,306,0.9248,0.8423,13494,13494,18982,7465,7958,NA,0.9253,NA,NA,NA,20938,20938,44897
123651,Vanguard University of Southern California,Costa Mesa,CA,3,2,12,0.6244,NA,1933,0.6684,0.0931,41700,41700,52665,19204,9494,1,0.5682,0.7006,0.5677,0.5633,22000,22000,59541
123679,Concorde Career College-Garden Grove,Garden Grove,CA,1,3,21,0.9742,NA,214,0.7383,0.4851,NA,NA,NA,20201,8261,0.6489,0.786,NA,NA,NA,13000,13000,45711
123800,Southwestern College,Chula Vista,CA,2,1,11,NA,NA,18614,0.5253,0.3226,1344,10640,22104,754,11677,0.2679,0.0522,NA,NA,NA,4500,4500,40060
123916,Starr King School for the Ministry,Oakland,CA,4,2,11,NA,NA,NA,NA,NA,NA,NA,NA,15530,5059,0.6563,NA,NA,NA,NA,PS,PS,NA
123943,Marshall B Ketchum University,Fullerton,CA,4,2,21,NA,NA,NA,NA,NA,NA,NA,NA,44780,11063,0.6579,NA,NA,NA,NA,PS,PS,NA
123952,Southern California Institute of Architecture,Los Angeles,CA,3,2,11,0.766,NA,236,0.4449,0.1841,56162,56162,71612,32796,9192,0.625,0.2385,0.9143,0.7143,0.7069,PS,PS,71909
123961,University of Southern California,Los Angeles,CA,3,2,11,0.0981,1495,20443,0.5218,0.606,72097,72097,90300,41570,17924,0.5898,0.2357,0.9593,0.9183,0.9191,18000,18000,92498
123970,Southwestern Law School,Los Angeles,CA,4,2,11,NA,NA,NA,NA,NA,NA,NA,NA,40926,17027,0.9833,NA,NA,NA,NA,PS,PS,NA
124113,Taft College,Taft,CA,2,1,32,NA,NA,3556,0.4775,0.4646,1108,10852,14074,988,13165,0.4958,0.0034,NA,0.2799,0.2799,PS,PS,38861
124283,Claremont School of Theology,Los Angeles,CA,4,2,11,NA,NA,NA,NA,NA,NA,NA,NA,6642,5519,1,NA,NA,NA,NA,PS,PS,NA
124292,Thomas Aquinas College,Santa Paula,CA,3,2,42,0.8309,1329,566,0.5053,0.0204,30200,30200,43426,16131,9628,0.9855,0.6698,0.9161,0.843,0.8333,18000,18000,55619
124487,Epic Bible College & Graduate School,Sacramento,CA,3,2,21,NA,NA,66,0.6212,0.9333,15072,15072,NA,15516,NA,NA,0.5313,NA,0,PS,PS,PS,37822
124681,UEI College-Huntington Park,Huntington Park,CA,1,3,21,NA,NA,1079,0.4958,0.2819,NA,NA,NA,10918,NA,NA,0.7816,NA,NA,NA,9500,9500,31141
124706,Concorde Career College-San Bernardino,San Bernardino,CA,1,3,12,0.9834,NA,222,0.8604,0.3962,NA,NA,NA,20204,7626,0.6989,0.8206,NA,NA,NA,9500,9500,39993
124937,Concorde Career College-North Hollywood,North Hollywood,CA,1,3,11,1,NA,158,0.7089,0.5175,NA,NA,NA,19023,7981,0.6579,0.7793,NA,NA,NA,9500,9500,50552
125028,Ventura College,Ventura,CA,2,1,12,NA,NA,10150,0.5678,0.2674,1426,9615,9306,898,10797,0.4024,0.0079,NA,NA,NA,13876,13876,43430
125037,The Colleges of Law at Ventura,Ventura,CA,4,2,12,NA,NA,NA,NA,NA,NA,NA,NA,10443,7957,NA,NA,NA,NA,NA,PS,PS,NA
125082,Bridges Beauty College,Victorville,CA,1,3,21,NA,NA,98,0.7551,0.5,NA,NA,NA,8804,NA,NA,0.478,NA,NA,NA,PS,PS,17287
125091,Victor Valley College,Victorville,CA,2,1,21,NA,NA,4210,0.6138,0.305,1425,10125,8974,450,11617,0.1896,0.0025,NA,NA,NA,PS,PS,36119
125170,Berkeley City College,Berkeley,CA,2,1,12,NA,NA,4456,0.5682,0.3531,1258,9898,18845,798,12330,0.4025,0.0084,NA,NA,NA,PS,PS,41217
125231,Walden University,Minneapolis,MN,3,3,11,NA,NA,9136,0.8578,0.8953,12762,12762,35358,15942,7406,0.1099,0.688,0,NA,PS,20834,20834,42810
125310,Waynes College of Beauty,Salinas,CA,1,3,12,NA,NA,46,0.8913,0.2609,NA,NA,NA,14582,NA,NA,0.4675,NA,NA,NA,6333,PS,NA
125462,Coalinga College,Coalinga,CA,1,1,33,NA,NA,2522,0.5052,0.2823,1384,10954,19272,537,11515,0.3628,0.0103,NA,NA,NA,6750,6750,37633
125471,West Los Angeles College,Culver City,CA,1,1,21,NA,NA,7284,0.5999,0.4955,1238,10572,17336,658,12916,0.2975,0.0213,NA,0.2789,0.2444,13500,PS,38537
125499,West Valley College,Saratoga,CA,2,1,21,NA,NA,6416,0.5614,0.2794,0,8702,13717,1168,15671,0.3622,0.0029,NA,NA,NA,PS,PS,51688
125532,Carrington College-Sacramento,Sacramento,CA,1,3,21,NA,NA,2168,0.6804,0.6281,NA,NA,NA,8958,6837,0.5575,0.6307,NA,0.5077,0.5125,11537,11537,39633
125718,Westminster Theological Seminary in California,Escondido,CA,4,2,21,NA,NA,NA,NA,NA,NA,NA,NA,7125,8281,0.8,NA,NA,NA,NA,NA,NA,NA
125727,Westmont College,Santa Barbara,CA,3,2,22,0.7705,1328,1302,0.6098,0.0359,53584,53584,71150,19737,10166,0.6391,0.5114,0.85,0.7035,0.7022,23250,23250,64778
125763,Whittier College,Whittier,CA,3,2,21,0.8079,NA,764,0.572,0.0541,51350,51350,63664,22734,9094,0.7438,0.5388,0.6621,0.5996,0.6172,24937,24937,59492
125897,Woodbury University,Burbank,CA,3,2,11,0.8165,NA,779,0.5443,0.1794,47056,47056,58010,26622,NA,NA,0.583,0.7404,0.6,0.5797,26960,26960,65668
126012,The Wright Institute,Berkeley,CA,4,2,12,NA,NA,NA,NA,NA,NA,NA,NA,26508,11503,0.25,NA,NA,NA,NA,PS,PS,NA
126049,Thomas Jefferson School of Law,San Diego,CA,4,2,11,NA,NA,NA,NA,NA,NA,NA,NA,41863,11313,0.1463,NA,NA,NA,NA,PS,PS,NA
126076,Yeshiva Ohr Elchonon Chabad West Coast Talmudical Seminary,Los Angeles,CA,3,2,11,0.5821,NA,163,0,NA,16900,16900,31300,18770,5655,0.5909,0,0.9508,0.1186,0.1538,PS,PS,48361
126119,Yuba College,Marysville,CA,2,1,22,NA,NA,4779,0.6112,0.2786,1128,8208,11496,452,15329,0.1806,0.0091,NA,NA,NA,PS,PS,39552
126182,Adams State University,Alamosa,CO,3,1,33,NA,NA,1250,0.4264,0.1459,9824,21944,24352,6747,7123,0.504,0.3335,0.5068,0.3942,0.3571,19500,19500,44372
126207,Aims Community College,Greeley,CO,1,1,12,NA,NA,3635,0.5373,0.1859,2258,11786,16657,2931,8064,1,0.0331,0.7221,0.3957,0.374,6844,6844,41887
126289,Arapahoe Community College,Littleton,CO,1,1,21,NA,NA,5383,0.5984,0.1811,4434,17034,18332,7884,9111,0.2105,0.0779,NA,0.291,0.2793,11884,11884,48341
126359,Bel-Rea Institute of Animal Technology,Denver,CO,2,3,21,NA,NA,139,0.9065,0.2733,13819,13819,28043,12480,5371,0.5833,0.7469,NA,NA,NA,20372,20372,39506
126562,University of Colorado Denver/Anschutz Medical Campus,Denver,CO,3,1,11,0.7468,1116,10519,0.56,0.1908,10383,29391,24902,16658,12152,0.6468,0.2432,0.7265,0.4615,0.4673,20500,20500,64270
126580,University of Colorado Colorado Springs,Colorado Springs,CO,3,1,11,0.9735,1133,8697,0.528,0.2195,10149,24336,24595,12266,9318,0.622,0.3368,0.6835,0.4693,0.4613,20000,20000,54659
126605,Spartan College of Aeronautics and Technology,Broomfield,CO,2,3,13,NA,NA,397,0.1083,0.6106,20235,20235,37719,18092,6557,NA,0.1246,NA,NA,NA,19188,19188,59093
126614,University of Colorado Boulder,Boulder,CO,3,1,12,0.7808,1357,31939,0.4732,0.0501,15666,44918,37684,23843,13324,0.7583,0.248,0.9015,0.7419,0.7461,19500,19500,69738
126669,Colorado Christian University,Lakewood,CO,3,2,21,NA,NA,5549,0.698,0.4884,41342,41342,54242,11529,7470,0.1997,0.453,0.8374,0.6441,0.6002,28312,28312,50416
126678,Colorado College,Colorado Springs,CO,3,2,11,0.1847,1365,2014,0.5601,0.0019,70734,70734,86921,42557,12786,0.8048,0.2573,0.9362,0.8766,0.8683,18257,18257,65222
126687,Concorde Career College-Aurora,Aurora,CO,1,3,11,0.9046,NA,256,0.8672,0.352,NA,NA,NA,24364,6993,0.6593,0.7406,NA,0.636,0.6642,9500,9500,42456
126711,Colorado Mountain College,Glenwood Springs,CO,1,1,33,NA,NA,2816,0.6374,0.3063,2616,12840,14799,2687,9184,0.1647,0.083,0.4,0.2737,0.2661,9000,9000,44127
126748,Colorado Northwestern Community College,Rangely,CO,1,1,43,NA,NA,504,0.619,0.164,4594,7304,20923,8097,6905,1,0.1377,NA,0.3354,0.3354,12000,12000,43526
126775,Colorado School of Mines,Golden,CO,3,1,21,0.6069,1412,6155,0.3189,0.0336,21914,45824,40560,24661,14000,0.7278,0.3167,0.9279,0.8171,0.8094,23000,23000,97335
126784,Colorado School of Trades,Lakewood,CO,2,3,21,0.9091,NA,85,0.0824,0.4444,NA,NA,NA,13415,4065,NA,0.3194,NA,NA,NA,20000,20000,51591
126818,Colorado State University-Fort Collins,Fort Collins,CO,3,1,12,0.8854,NA,25538,0.5489,0.1044,13373,34783,31642,18489,11801,0.7436,0.3156,0.8589,0.6651,0.667,20000,20000,60543
126827,Colorado Technical University-Colorado Springs,Colorado Springs,CO,3,3,11,NA,NA,28086,0.6429,0.8696,12750,12750,23744,13545,7570,NA,0.6346,0.5056,0.1878,0.1824,29832,29832,37180
126863,Community College of Aurora,Aurora,CO,2,1,11,NA,NA,3250,0.6015,0.1612,4470,17070,17275,7401,7866,1,0.0646,NA,NA,NA,10500,10500,44592
126915,Technical College of the Rockies,Delta,CO,1,1,41,NA,NA,165,0.7333,0.2672,NA,NA,NA,2378,NA,NA,0,NA,NA,NA,4750,4750,45516
126942,Community College of Denver,Denver,CO,2,1,11,NA,NA,5096,0.6452,0.3121,4902,17136,19550,6434,8449,0.3183,0.1739,NA,0.1997,0.1799,12495,12495,39095
126951,Lincoln College of Technology-Denver,Denver,CO,1,3,11,NA,NA,1212,0.1139,0.2926,NA,NA,NA,15244,5546,0.932,0.5997,NA,NA,NA,11730,11730,46396
126979,Denver Seminary,Littleton,CO,4,2,21,NA,NA,NA,NA,NA,NA,NA,NA,13564,4400,0.2113,NA,NA,NA,NA,PS,PS,NA
127060,University of Denver,Denver,CO,3,2,11,0.7781,1355,6025,0.5492,0.087,61398,61398,78476,31378,13010,0.5299,0.279,0.8894,0.756,0.7678,21844,21844,71155
127158,Emily Griffith Technical College,Denver,CO,1,1,11,NA,NA,6123,0.1298,0.6649,NA,NA,NA,1596,NA,NA,0,NA,NA,NA,PS,PS,35487
127185,Fort Lewis College,Durango,CO,3,1,32,0.773,1111,3079,0.5261,0.1168,9958,21526,27030,4977,6374,0.8156,0.2995,0.6613,0.3564,0.3928,18389,18389,46349
127200,Front Range Community College,Westminster,CO,1,1,21,NA,NA,11476,0.5952,0.2133,4663,17263,21526,7405,7963,1,0.1138,1,0.3545,0.325,12251,12251,45910
127273,Iliff School of Theology,Denver,CO,4,2,11,NA,NA,NA,NA,NA,NA,NA,NA,9299,8122,1,NA,NA,NA,NA,NA,NA,NA
127316,International Salon and Spa Academy,Colorado Springs,CO,1,3,11,NA,NA,248,0.7702,0.4397,NA,NA,NA,13155,NA,NA,0.5327,NA,NA,NA,6333,6333,22332
127389,Lamar Community College,Lamar,CO,2,1,33,NA,NA,400,0.56,0.1238,4550,7260,20044,4552,5401,1,0.0858,NA,NA,NA,8750,8750,38719
127556,Colorado Mesa University,Grand Junction,CO,1,1,13,0.8203,1055,8143,0.5453,0.1539,9927,25124,24046,10467,7747,0.6027,0.3086,0.7879,0.4061,0.4105,22000,22000,45823
127565,Metropolitan State University of Denver,Denver,CO,3,1,11,0.988,1019,15002,0.5475,0.2935,11124,30684,24622,9161,10105,1,0.277,0.6289,0.3154,0.3069,21500,21500,52093
127617,Morgan Community College,Fort  Morgan,CO,1,1,41,NA,NA,634,0.7082,0.2025,4252,16852,17497,5767,7431,1,0.081,NA,0.4458,0.4535,8501,8501,39429
127653,Naropa University,Boulder,CO,3,2,12,1,NA,339,0.7021,0.5951,36620,36620,53397,21684,5935,0.3925,0.5435,0.5417,0.3667,0.4179,24712,24712,28720
127714,Nazarene Bible College,Colorado Springs,CO,3,2,11,NA,NA,284,0.4894,0.9161,10482,10482,NA,8708,4834,1,0.1147,NA,NA,NA,34787,34787,41450
127732,Northeastern Junior College,Sterling,CO,1,1,33,NA,NA,786,0.5509,0.3182,5730,8267,21558,5387,7023,1,0.1738,NA,NA,NA,9376,9376,39893
127741,University of Northern Colorado,Greeley,CO,3,1,12,0.8585,1082,5598,0.6692,0.1096,12416,27266,29254,12149,8988,0.566,0.3652,0.7585,0.5124,0.5129,20470,20470,52231
127778,Otero College,La Junta,CO,1,1,33,NA,NA,619,0.5784,0.249,4576,7286,21020,3208,5813,1,0.1687,NA,NA,NA,10250,10250,39018
127820,Pikes Peak State College,Colorado Springs,CO,2,1,21,NA,NA,9595,0.592,0.3635,4510,17110,18473,6686,7622,0.9634,0.1445,NA,0.2058,0.2179,9000,9000,40796
127884,Pueblo Community College,Pueblo,CO,1,1,12,NA,NA,3619,0.6524,0.3239,5049,17649,22002,7320,7206,1,0.1649,0,0.3068,0.3407,10000,10000,37434
127909,Red Rocks Community College,Lakewood,CO,1,1,21,NA,NA,4889,0.5146,0.2731,4859,17459,18143,7794,8601,1,0.0916,NA,0.3201,0.3486,9500,9500,46288
127918,Regis University,Denver,CO,3,2,11,0.8646,1220,2627,0.6841,0.3272,46340,46340,54800,20168,8318,0.3426,0.4086,0.7143,0.6102,0.6107,25000,25000,72105
127945,Rocky Mountain College of Art and Design,Lakewood,CO,3,3,21,NA,NA,2050,0.7634,0.4258,20190,20190,37505,21145,5588,0.2804,0.5996,0.5398,0.3176,0.3378,31000,31000,42958
127954,Montessori Education Center of the Rockies,Denver,CO,1,2,11,1,NA,10,1,NA,NA,NA,NA,10866,NA,NA,0.25,NA,0.8333,0.8462,PS,PS,44643
128106,Colorado State University Pueblo,Pueblo,CO,3,1,12,0.949,1120,3042,0.5345,0.1701,9720,17944,23937,3995,8216,0.5457,0.2324,0.6425,0.3973,0.3883,21500,21500,55563
128151,Pickens Technical College,Aurora,CO,1,1,11,NA,NA,686,0.4636,0.2146,5140,9250,12439,3818,NA,NA,0,NA,NA,NA,PS,PS,39210
128179,Intellitec College-Colorado Springs,Colorado Springs,CO,1,3,11,NA,NA,679,0.2636,0.7267,NA,NA,NA,17915,4785,0.9231,0.4952,NA,NA,NA,11667,11667,42169
128188,Intellitec College-Grand Junction,Grand Junction,CO,1,3,13,NA,NA,1077,0.6091,0.5681,NA,NA,NA,13495,3993,0.8476,0.5869,NA,NA,NA,10769,10769,31541
128258,Trinidad State College,Trinidad,CO,1,1,33,NA,NA,1188,0.5143,0.3405,4608,7318,21458,4043,6277,1,0.1235,0.6384,0.545,0.5517,8908,8908,36475
128328,United States Air Force Academy,USAF Academy,CO,3,1,41,0.1409,1350,4114,0.2951,NA,NA,NA,NA,0,11610,1,NA,0.9655,0.8751,0.8783,NA,NA,NA
128337,Empire Beauty School-Thornton,Thornton,CO,1,3,21,NA,NA,149,0.9732,0.2692,NA,NA,NA,10403,NA,NA,0.546,NA,NA,NA,10667,10667,24397
128391,Western Colorado University,Gunnison,CO,3,1,33,0.9971,1230,1586,0.4332,0.0703,11318,24434,25736,11352,7628,0.6789,0.1967,0.7238,0.505,0.5058,20250,20250,46833
128498,Albertus Magnus College,New Haven,CT,3,2,12,0.5931,NA,991,0.6206,0.3061,41908,41908,59407,15514,8245,0.4783,0.7388,0.6686,0.5148,0.493,30964,30964,60144
128586,Bais Binyomin Academy,Monsey,NY,2,2,21,1,NA,46,0,NA,9450,9450,35950,18298,5250,NA,0,0.7083,0.0833,0.098,PS,PS,NA
128744,University of Bridgeport,Bridgeport,CT,3,2,12,0.8302,NA,1534,0.7093,0.3239,35760,35760,52957,20173,7399,0.3643,0.7566,0.6129,0.4119,0.4473,25750,25750,50323
128771,Central Connecticut State University,New Britain,CT,3,1,21,0.7333,1080,7822,0.4602,0.1651,13050,16550,24870,11766,10902,0.4684,0.4916,0.7711,0.4844,0.4888,22300,22300,58562
128780,Charter Oak State College,New Britain,CT,3,1,21,NA,NA,1821,0.7869,0.8402,8506,8506,23210,7243,NA,0.0602,0.4516,1,0.6667,PS,18683,18683,64209
128896,Cortiva Institute,Cromwell,CT,1,3,21,NA,NA,209,0.8947,0.6273,NA,NA,NA,11437,NA,NA,0.6333,NA,NA,NA,11259,11259,34866
128902,Connecticut College,New London,CT,3,2,13,0.3704,1432,1937,0.6066,0.004,67242,67242,84623,25168,7781,0.7849,0.3544,0.8973,0.8205,0.8284,23500,23500,75001
129002,Porter & Chester Institute of Hamden,Hamden,CT,1,3,21,NA,NA,402,0.3483,0.4384,14337,14337,26042,17753,NA,NA,0.1201,NA,NA,NA,12350,12350,42914
129020,University of Connecticut,Storrs,CT,3,1,31,0.5239,1348,19835,0.5513,0.0211,21044,43712,39426,16231,14634,0.6963,0.4156,0.9246,0.8329,0.8354,21500,21500,73997
129154,Goodwin University,East Hartford,CT,2,2,13,NA,NA,2693,0.8615,0.7111,21198,21198,39589,22238,6563,0.322,0.7695,0.6667,0.5821,0.5825,33500,33500,43596
129181,Lincoln Technical Institute-East Windsor,East Windsor,CT,1,3,21,NA,NA,1008,0.1379,0.2142,NA,NA,NA,13506,NA,NA,0.6901,NA,NA,NA,11250,11250,38683
129215,Eastern Connecticut State University,Willimantic,CT,3,1,31,0.8298,1160,3418,0.5898,0.0563,13928,17428,31983,8571,11210,0.4555,0.4816,0.8374,0.5752,0.5782,24250,24250,56469
129242,Fairfield University,Fairfield,CT,3,2,21,0.3329,1335,5373,0.5783,0.0099,58350,58350,76074,29575,13298,1,0.4322,0.9129,0.843,0.8406,26000,26000,88794
129349,Paul Mitchell the School-North Haven,North Haven,CT,1,3,21,NA,NA,178,0.9888,0.3455,NA,NA,NA,17079,NA,NA,0.4893,NA,NA,NA,6333,6333,30900
129367,Connecticut State Community College,New Britain,CT,2,1,12,NA,NA,33645,0.612,0.318,5338,15596,18370,2925,9657,1,0.0832,NA,NA,NA,9200,9200,41344
129482,American Institute-West Hartford,West Hartford,CT,1,3,13,NA,NA,402,0.9353,0.4444,NA,NA,NA,10987,NA,NA,0.8169,NA,NA,NA,11979,11979,28710
129491,Hartford International University for Religion and Peace,Hartford,CT,4,2,12,NA,NA,NA,NA,NA,NA,NA,NA,13505,9859,0.3214,NA,NA,NA,NA,PS,PS,NA
129525,University of Hartford,West Hartford,CT,3,2,12,0.9575,1219,4146,0.5839,0.0409,49075,49075,64729,16823,8428,0.4402,0.6589,0.829,0.5438,0.5642,27000,27000,60823
129534,Holy Apostles College and Seminary,Cromwell,CT,3,2,21,NA,NA,216,0.4769,0.3889,9580,9580,17990,8206,8208,0.2727,0.2,0.9091,0.7857,PS,12541,PS,NA
129774,Mitchell College,New London,CT,3,2,13,0.9466,NA,377,0.4483,0.09,40490,40490,55621,18145,7511,1,0.5852,0.5904,0.4218,0.4315,25150,25150,39115
129923,Lincoln Technical Institute-New Britain,New Britain,CT,1,3,21,NA,NA,928,0.5614,0.507,NA,NA,NA,11466,NA,NA,0.8342,NA,NA,NA,11250,11250,38683
129932,New England Tractor Trailer Training School of Connecticut,Somers,CT,1,3,41,NA,NA,289,0.1592,0.7713,NA,NA,NA,10406,NA,NA,0.5292,NA,NA,NA,6333,6333,44444
129941,University of New Haven,West Haven,CT,3,2,21,0.6038,1160,4841,0.6042,0.0684,47332,47332,66962,20244,11914,0.2422,0.7246,0.7648,0.6307,0.6108,27000,27000,60126
130174,Porter & Chester Institute,Bridgeport,CT,1,3,12,NA,NA,1373,0.3401,0.4847,14349,14349,25892,20333,NA,NA,0.6,NA,NA,NA,12000,12000,41588
130183,Post University,Waterbury,CT,3,3,12,NA,NA,13603,0.7265,0.8297,16327,16327,28897,14639,7044,0.0575,0.8138,0.3341,0.2493,0.2909,30157,30157,38696
130226,Quinnipiac University,Hamden,CT,3,2,21,0.7215,1242,6531,0.5999,0.0304,55480,55480,72215,25741,11491,0.3598,0.5944,0.8912,0.757,0.765,26000,26000,83759
130253,Sacred Heart University,Fairfield,CT,3,2,21,0.6536,NA,7087,0.6384,0.0376,50404,50404,69289,25271,11014,0.3312,0.5717,0.8308,0.7346,0.7397,25000,25000,75059
130314,University of Saint Joseph,West Hartford,CT,3,2,13,0.7859,950,838,0.6862,0.0876,47278,47278,59900,23392,8639,0.9573,0.7065,0.8208,0.6376,0.66,27000,27000,59908
130493,Southern Connecticut State University,New Haven,CT,3,1,12,0.9147,NA,6295,0.6003,0.138,13438,27378,29673,13085,11216,0.4433,0.5222,0.7787,0.4993,0.4893,22250,22250,55043
130590,Trinity College,Hartford,CT,3,2,12,0.2925,1415,2146,0.5322,0.0112,70770,70770,87840,29551,11642,0.8796,0.3777,0.8995,0.8377,0.8326,23000,23000,90779
130624,United States Coast Guard Academy,New London,CT,3,1,13,0.2244,1339,1108,0.3673,0.0009,NA,NA,NA,0,8217,0.9412,NA,0.9861,0.9273,0.9025,NA,NA,NA
130697,Wesleyan University,Middletown,CT,3,2,13,0.1649,1501,3067,0.5217,0.0163,70342,70342,89020,36258,14100,0.9021,0.1634,0.9488,0.9264,0.9212,17000,17000,73897
130776,Western Connecticut State University,Danbury,CT,3,1,13,0.8701,1110,3511,0.5019,0.1225,13401,16901,24877,11462,11406,1,0.4859,0.7319,0.5176,0.5104,24147,24147,59115
130794,Yale University,New Haven,CT,3,2,12,0.0387,1534,6758,0.5149,0.0104,67250,67250,88300,19999,22590,0.75,0.054,0.9878,0.9574,0.9603,12975,12975,100533
130837,Margaret H Rollins School of Nursing at Beebe Medical Center,Lewes,DE,1,2,32,NA,NA,51,0.902,0.2558,NA,NA,NA,11984,NA,NA,0.3023,NA,NA,NA,12000,PS,72380
130873,Dawn Career Institute LLC,Newark,DE,1,3,21,NA,NA,355,0.7014,0.5481,NA,NA,NA,12642,NA,NA,0.5475,NA,NA,NA,9500,9500,30429
130907,Delaware Technical Community College-Terry,Dover,DE,2,1,13,NA,NA,10867,0.6769,0.3146,5445,12308,17232,6185,8962,0.3177,0.1379,NA,0.2248,0.2102,10500,10500,41448
130934,Delaware State University,Dover,DE,3,1,13,0.4658,940,4398,0.6482,0.0528,10670,20634,27939,8572,8869,0.54,0.5222,0.6995,0.391,0.3889,26000,26000,49307
130943,University of Delaware,Newark,DE,3,1,21,0.706,1292,19071,0.6023,0.0213,16810,41400,30952,19278,14649,0.9939,0.4952,0.9196,0.8055,0.7967,24572,24572,72950
130989,Goldey-Beacom College,Wilmington,DE,3,2,21,0.8451,NA,691,0.5109,0.114,14940,14940,26502,8797,8592,0.2644,0.3447,0.7181,0.5743,0.5817,18900,18900,59892
131061,Schilling-Douglas School of Hair Design,Newark,DE,1,3,21,NA,NA,152,0.9605,0.3916,NA,NA,NA,12117,NA,NA,0.5664,NA,NA,NA,9833,9833,27420
131113,Wilmington University,New Castle,DE,3,2,21,NA,NA,7906,0.6161,0.6155,12630,12630,19644,10928,9179,0.0696,0.4564,0.6122,0.1982,0.2128,20000,20000,53844
131159,American University,Washington,DC,3,2,11,0.6196,1381,7266,0.6236,0.0139,58771,58771,76058,36045,13722,0.5874,0.3799,0.882,0.7549,0.77,22750,22750,77370
131283,The Catholic University of America,Washington,DC,3,2,11,0.8278,NA,3154,0.5384,0.073,58378,58378,75481,20765,11252,0.5297,0.4779,0.8651,0.7947,0.804,26000,26000,73250
131399,University of the District of Columbia,Washington,DC,2,1,11,NA,NA,3351,0.6714,0.5544,5662,12514,20437,7744,7925,0.384,0.1902,0.6757,0.3324,0.301,24872,24872,44236
131405,Pontifical Faculty of the Immaculate Conception at the Dominican House of Studies,Washington,DC,4,2,11,NA,NA,NA,NA,NA,NA,NA,NA,20580,5477,1,NA,NA,NA,NA,NA,NA,NA
131450,Gallaudet University,Washington,DC,3,2,11,0.5806,868,812,0.5197,0.2416,19654,19654,40374,15861,10939,1,0.3819,0.7114,0.4726,0.4688,18000,18000,43101
131469,George Washington University,Washington,DC,3,2,11,0.4709,1433,11182,0.6368,0.0739,67710,67710,83856,35833,16784,0.4929,0.3158,0.9223,0.8398,0.8455,20449,20449,90873
131496,Georgetown University,Washington,DC,3,2,11,0.1291,1487,7569,0.5896,0.0542,68017,68017,88741,44262,18098,0.4764,0.1788,0.9675,0.9481,0.9455,15500,15500,103494
131520,Howard University,Washington,DC,3,2,11,0.4134,1213,10108,0.7328,0.0173,35810,35810,54630,19170,11580,0.6425,0.5879,0.9088,0.6996,0.6934,24500,24500,63066
131803,Strayer University-District of Columbia,Washington,DC,3,3,11,NA,NA,156,0.7051,0.9194,13920,13920,NA,14228,729,0.4706,0.829,1,0,PS,40621,40621,40092
131830,National Conservatory of Dramatic Arts,Washington,DC,1,2,11,1,NA,16,0.4375,0.68,11600,11600,NA,11080,NA,NA,0.28,NA,NA,NA,PS,PS,NA
131876,Trinity Washington University,Washington,DC,3,2,11,0.9952,NA,1414,0.9767,0.3934,26610,26610,33903,14320,8291,0.1975,0.4071,0.6923,0.4929,0.4659,28250,28250,53804
131973,Wesley Theological Seminary,Washington,DC,4,2,11,NA,NA,NA,NA,NA,NA,NA,NA,4628,9215,1,NA,NA,NA,NA,PS,PS,NA
132374,Atlantic Technical College,Coconut Creek,FL,1,1,21,NA,NA,3000,0.132,0.5852,NA,NA,NA,3870,NA,NA,0,NA,NA,NA,PS,PS,38560
132408,Baptist University of Florida,Graceville,FL,3,2,42,0.3599,NA,360,0.4667,0.281,15000,15000,23159,9223,5515,1,0.1903,0.45,0.5185,0.6212,23590,23590,42836
132471,Barry University,Miami,FL,3,2,21,0.7724,NA,2212,0.6243,0.1187,34350,34350,50778,19515,8861,0.283,0.4441,0.6337,0.3787,0.3725,26997,26997,55966
132602,Bethune-Cookman University,Daytona Beach,FL,3,2,13,0.8824,880,2732,0.6255,0.0398,14794,14794,29764,7795,7167,0.76,0.8203,0.6175,0.3052,0.2902,31000,31000,38518
132657,Lynn University,Boca Raton,FL,3,2,13,0.7347,1134,2859,0.4918,0.096,44480,44480,67880,20455,6894,0.4331,0.363,0.766,0.5206,0.5233,17940,17940,49006
132675,North Florida Technical College,Starke,FL,1,1,32,NA,NA,84,0.5476,0.4198,NA,NA,NA,1458,NA,NA,0,NA,NA,NA,PS,PS,31683
132693,Eastern Florida State College,Melbourne,FL,2,1,13,NA,NA,10490,0.5949,0.2894,2496,9739,11966,1871,6880,0.3651,0.1526,NA,0.5208,0.5163,12250,12250,37195
132709,Broward College,Fort Lauderdale,FL,2,1,12,NA,NA,24922,0.5911,0.2869,2830,8952,21947,1855,6877,0.3117,0.0956,NA,0.3913,0.3763,7500,7500,41939
132842,Albizu University-Miami,Miami,FL,3,2,13,0.7571,NA,287,0.8571,0.7788,13818,13818,28344,14522,6867,0.9444,0.7124,0.8333,0.4,0.4839,5500,5500,41544
132851,College of Central Florida,Ocala,FL,1,1,13,NA,NA,5033,0.6436,0.2598,2710,10517,18424,1356,7331,0.4306,0.1766,NA,0.4446,0.4421,13000,13000,38203
132903,University of Central Florida,Orlando,FL,3,1,21,0.4011,1269,59146,0.5343,0.1387,6368,22467,23133,4733,11575,0.9851,0.2258,0.9235,0.7801,0.7662,18190,18190,58308
132976,Charlotte Technical College,Port Charlotte,FL,1,1,22,NA,NA,298,0.406,0.2924,3110,12110,13272,3541,NA,NA,0,NA,NA,NA,PS,PS,36349
133021,Chipola College,Marianna,FL,1,1,32,NA,NA,1312,0.5892,0.1418,3120,8950,9262,1680,6218,0.4035,0,NA,0.5313,0.5718,PS,PS,37378
133155,Lorenzo Walker Technical College,Naples,FL,1,1,21,NA,NA,875,0.5143,0.1486,NA,NA,NA,2951,NA,NA,0,NA,NA,NA,PS,PS,36853
133386,Daytona State College,Daytona Beach,FL,2,1,13,NA,NA,10176,0.6039,0.3282,3106,11994,12050,2134,7621,0.2803,0.1699,NA,0.4323,0.4222,8250,8250,37096
133465,South University-West Palm Beach,Royal Palm Beach,FL,3,3,21,NA,NA,251,0.7371,0.6796,18145,18145,29798,19619,9088,0.5345,0.6796,1,0.1818,0.2174,26123,26123,34421
133492,Eckerd College,Saint Petersburg,FL,3,2,11,0.758,1250,1888,0.7018,0.0076,51884,51884,68944,27012,8920,0.8918,0.4366,0.7584,0.6592,0.6672,27000,27000,51819
133508,Florida SouthWestern State College,Fort Myers,FL,2,1,21,NA,NA,11052,0.6302,0.2123,3401,12979,14254,1531,7052,0.2759,0.1065,NA,0.3921,0.389,8000,8000,43421
133526,Edward Waters University,Jacksonville,FL,3,2,11,0.8495,NA,1087,0.4701,0.1357,16366,16366,26617,14463,5800,1,0.6835,0.5385,0.2819,0.2808,PS,PS,34782
133553,Embry-Riddle Aeronautical University-Daytona Beach,Daytona Beach,FL,3,2,13,0.6481,1257,7860,0.28,0.0494,44249,44249,64632,31389,10966,0.8761,0.2888,0.8806,0.6655,0.6695,23666,23666,84131
133650,Florida Agricultural and Mechanical University,Tallahassee,FL,3,1,12,0.2056,1107,7582,0.6572,0.0881,5785,17725,23970,4814,9244,0.9984,0.4997,0.8918,0.5335,0.526,23548,23548,44349
133669,Florida Atlantic University,Boca Raton,FL,3,1,13,0.6613,1127,23757,0.5725,0.1411,4879,17324,21522,6717,10706,0.7525,0.2634,0.8447,0.6257,0.6339,17236,17236,56746
133702,Florida State College at Jacksonville,Jacksonville,FL,2,1,11,NA,NA,19648,0.6392,0.435,2878,9992,9323,2408,6904,0.3598,0.1885,NA,0.3683,0.3472,13562,13562,42244
133711,Flagler College,Saint Augustine,FL,3,2,23,0.8076,1084,2391,0.6813,0.0477,29900,29900,45744,17745,7796,0.4865,0.5522,0.7553,0.5598,0.5593,24250,24250,49483
133809,Florida College,Temple Terrace,FL,3,2,21,0.6966,1108,588,0.5034,0.0198,20360,20360,34870,20545,7129,1,0.4155,0.756,0.5404,0.5254,12000,12000,43445
133845,Concorde Career Institute-Jacksonville,Jacksonville,FL,1,3,11,0.9404,NA,225,0.92,0.5357,NA,NA,NA,19690,6365,0.5795,0.8434,NA,NA,NA,9500,9500,34098
133854,Concorde Career Institute-Miramar,Miramar,FL,1,3,21,0.9959,NA,108,0.8056,0.4891,NA,NA,NA,23647,5713,0.7358,0.7169,NA,NA,NA,9933,9933,35442
133863,Concorde Career Institute-Tampa,Tampa,FL,1,3,11,0.957,NA,158,0.8734,0.4621,NA,NA,NA,21212,5938,0.7273,0.6685,NA,NA,NA,9500,9500,36288
133872,AdventHealth University,Orlando,FL,3,2,11,NA,NA,1361,0.8604,0.4734,21420,21420,38408,16507,8875,0.9764,0.4865,0.64,0.3889,0.3724,24590,24590,72282
133881,Florida Institute of Technology,Melbourne,FL,3,2,13,0.577,1225,3404,0.3302,0.0578,45900,45900,62440,21687,11366,0.7554,0.4008,0.7995,0.6354,0.6446,27000,27000,43137
133951,Florida International University,Miami,FL,3,1,21,0.5466,1163,39508,0.553,0.1862,6565,18964,21462,6032,11817,0.9761,0.1686,0.9185,0.7443,0.7416,16500,16500,60249
133960,The College of the Florida Keys,Key West,FL,2,1,33,NA,NA,1012,0.5524,0.4333,3276,13162,19667,2868,7266,0.211,0.3279,NA,0.3413,0.3745,9500,9500,42508
133979,Florida Memorial University,Miami Gardens,FL,3,2,21,0.8526,NA,1183,0.5579,0.0701,20174,20174,35809,18400,7615,0.6923,0.6597,0.4952,0.311,0.3068,30063,30063,36624
134024,Florida School of Massage,Gainesville,FL,1,3,41,NA,NA,25,0.56,0.8125,NA,NA,NA,13971,NA,NA,0.4444,NA,NA,NA,7073,7073,26752
134079,Florida Southern College,Lakeland,FL,3,2,12,0.6442,1252,2656,0.648,0.0423,44040,44040,60768,19167,9031,1,0.535,0.8,0.7055,0.6993,25000,25000,55294
134097,Florida State University,Tallahassee,FL,3,1,12,0.2422,1361,32212,0.5615,0.0315,5656,18786,25720,7350,12841,0.8398,0.2038,0.9605,0.8561,0.8428,18000,18000,61675
134130,University of Florida,Gainesville,FL,3,1,12,0.242,1403,35629,0.5465,0.0277,6381,28659,22523,8657,13581,0.8959,0.1069,0.9771,0.9112,0.9131,15000,15000,71588
134228,Fort Pierce Beauty Academy,Fort Pierce,FL,1,3,21,NA,NA,28,0.6786,0.4,NA,NA,NA,6723,NA,NA,0.9756,NA,NA,NA,7917,7917,23091
134237,Full Sail University,Winter Park,FL,3,3,21,NA,NA,25777,0.3308,0.5435,26906,26906,47530,15952,5970,0.9096,0.6312,0.5309,0.4433,0.4701,27000,27000,38219
134291,George Stone Technical College,Pensacola,FL,1,1,21,NA,NA,561,0.1907,0.342,NA,NA,NA,2150,NA,NA,0,NA,NA,NA,PS,PS,35234
134307,George T Baker Aviation Technical College,Miami,FL,1,1,21,NA,NA,1040,0.0769,0.397,NA,NA,NA,2003,NA,NA,0,NA,NA,NA,PS,PS,52312
134343,Gulf Coast State College,Panama City,FL,2,1,13,NA,NA,3934,0.6538,0.3095,2370,8635,14657,1578,6004,0.6015,0.0704,NA,0.4346,0.4413,7147,7147,38359
134495,Hillsborough College,Tampa,FL,1,1,11,NA,NA,21472,0.5978,0.29,2506,9111,9924,2350,7844,0.3697,0.5259,NA,0.3418,0.3373,9762,9762,40782
134510,Hobe Sound Bible College,Hobe Sound,FL,3,2,21,NA,NA,112,0.6161,0.4397,9068,9068,18838,18426,3395,0.5556,0.0851,0.9167,0.5,0.55,PS,PS,39863
134529,Hollywood Institute of Beauty Careers,Hollywood,FL,1,3,21,NA,NA,218,0.8532,0.6434,NA,NA,NA,11948,NA,NA,0.4971,NA,NA,NA,6199,6199,21386
134574,Cortiva Institute,St. Petersburg,FL,1,3,11,NA,NA,95,0.9368,0.6957,NA,NA,NA,15516,NA,NA,0.5023,NA,NA,NA,7521,7521,29204
134608,Indian River State College,Fort Pierce,FL,2,1,21,NA,NA,11822,0.6037,0.2358,2764,10201,11576,1880,7862,0.3961,0.0382,NA,0.4491,0.4356,8023,8023,38315
134714,International Academy,South Daytona,FL,1,3,21,NA,NA,186,0.8817,0.5393,NA,NA,NA,7449,NA,NA,0.6122,NA,NA,NA,7917,7917,19824
134945,Jacksonville University,Jacksonville,FL,3,2,11,0.5694,1205,2930,0.5584,0.1371,47830,47830,63969,15171,8698,0.5459,0.45,0.7467,0.5065,0.5369,22000,22000,68010
135081,Keiser University-Ft Lauderdale,Fort Lauderdale,FL,2,2,12,0.9697,NA,17678,0.6951,0.6062,25056,25056,43251,14689,6172,0.6249,0.7135,0.7102,0.6101,0.578,26125,26125,39696
135142,La Belle Beauty School,Hialeah,FL,1,3,21,NA,NA,63,0.9683,0.9414,NA,NA,NA,12770,NA,NA,0.399,NA,NA,NA,7807,7807,16879
135160,Florida Gateway College,Lake City,FL,1,1,32,NA,NA,2301,0.6736,0.3342,3100,11747,14388,1444,6548,0.3879,0.1547,NA,0.5391,0.5509,6992,6992,37894
135179,Lake Technical College,Eustis,FL,1,1,22,NA,NA,799,0.4681,0.3662,NA,NA,NA,3401,NA,NA,0,NA,NA,NA,PS,PS,32793
135188,Lake-Sumter State College,Leesburg,FL,2,1,22,NA,NA,4177,0.6335,0.2066,3292,13276,12626,2306,6619,0.3448,0.4263,NA,0.4836,0.4646,6750,6750,39876
135267,Fort Myers Technical College,Fort Myers,FL,1,1,13,NA,NA,737,0.2782,0.2888,NA,NA,NA,2157,NA,NA,0,NA,NA,NA,PS,PS,40082
135276,Lively Technical College,Tallahassee,FL,1,1,12,NA,NA,762,0.4055,0.2211,NA,NA,NA,999,NA,NA,0,NA,NA,NA,PS,PS,30413
135294,Lindsey Hopkins Technical College,Miami,FL,1,1,11,NA,NA,393,0.341,0.433,NA,NA,NA,1973,NA,NA,0,NA,NA,NA,PS,PS,34107
135337,Loraines Academy & Spa,Saint Petersburg,FL,1,3,11,NA,NA,30,0.9333,0.6,NA,NA,NA,8574,NA,NA,0.536,NA,NA,NA,6333,6333,18342
135364,Luther Rice College & Seminary,Lithonia,GA,3,2,21,0.9167,NA,165,0.3152,0.8692,11320,11320,31680,12404,4104,0.5676,0.449,0.5,NA,PS,34153,34153,47003
135391,State College of Florida-Manatee-Sarasota,Bradenton,FL,2,1,21,NA,NA,7379,0.6428,0.2676,3074,11595,28709,2605,7085,0.3742,0.0826,NA,0.3829,0.3655,9000,9000,40318
135407,Manatee Technical College,Bradenton,FL,1,1,21,NA,NA,1486,0.3668,0.2993,NA,NA,NA,3001,NA,NA,0,NA,NA,NA,PS,PS,38129
135522,Traviss Technical College,Lakeland,FL,1,1,41,NA,NA,460,0.3261,0.1797,NA,NA,NA,2241,NA,NA,0,NA,NA,NA,PS,PS,39813
135559,Merryfield Academy,Oakland Park,FL,1,3,21,NA,NA,70,0.8429,0.5692,NA,NA,NA,17053,NA,NA,0.9211,NA,NA,NA,6333,6333,NA
135647,Miami Lakes Educational Center and Technical College,Miami Lakes,FL,1,1,21,NA,NA,665,0.3383,0.226,NA,NA,NA,945,NA,NA,0,NA,NA,NA,PS,PS,35014
135717,Miami Dade College,Miami,FL,1,1,11,NA,NA,46182,0.5744,0.252,2838,9661,13567,1364,8057,0.1899,0.0327,NA,0.4594,0.4528,9252,9252,40654
135726,University of Miami,Coral Gables,FL,3,2,21,0.189,1415,12913,0.5454,0.034,62616,62616,86078,37820,16043,0.7078,0.2655,0.9377,0.8368,0.8395,17500,17500,75328
135735,Orange Technical College-South Campus,Orlando,FL,1,1,21,NA,NA,1124,0.1495,0.2093,NA,NA,NA,1299,NA,NA,0,NA,NA,NA,PS,PS,33350
136109,Paul Mitchell the School-Jacksonville,Jacksonville,FL,1,3,11,NA,NA,118,0.9407,0.3077,NA,NA,NA,14400,NA,NA,0.5116,NA,NA,NA,13000,13000,34949
136145,North Florida College,Madison,FL,2,1,42,NA,NA,793,0.7364,0.292,3054,11400,9265,861,5903,0.5161,0,NA,0.5922,0.6147,PS,PS,33929
136172,University of North Florida,Jacksonville,FL,3,1,11,0.5324,1153,13359,0.5813,0.0817,6389,20793,20983,4594,9595,0.9828,0.2269,0.8466,0.6921,0.6871,15531,15531,56343
136215,Nova Southeastern University,Fort Lauderdale,FL,3,2,21,0.7321,1157,7240,0.716,0.0769,38700,38700,56692,32593,11462,0.482,0.4513,0.7564,0.6334,0.6378,24250,24250,59209
136233,Northwest Florida State College,Niceville,FL,2,1,22,NA,NA,3010,0.607,0.2746,2583,10612,12914,2089,6280,0.3218,0.1977,NA,0.3888,0.4074,7932,7932,39664
136303,Orange Technical College,Orlando,FL,1,1,11,NA,NA,166,0.8494,0.0911,NA,NA,NA,1268,NA,NA,0,NA,NA,NA,PS,PS,36650
136330,Palm Beach Atlantic University,West Palm Beach,FL,3,2,12,0.8199,1075,2603,0.6658,0.0617,40650,40650,53827,17495,9265,1,0.3723,0.6796,0.5534,0.5717,22500,22500,49232
136358,Palm Beach State College,Lake Worth,FL,2,1,21,NA,NA,21956,0.6075,0.2853,3050,10910,16830,1735,7015,0.3414,0.1099,NA,0.4106,0.4114,7081,7081,41923
136400,Pasco-Hernando State College,New Port Richey,FL,2,1,21,NA,NA,6900,0.6062,0.1972,3155,12032,11730,1443,4014,1,0.0743,NA,0.41,0.4194,9535,9535,39903
136455,PENSACOLA CHRISTIAN COLLEGE,Pensacola,FL,3,2,2,NA,NA,NA,NA,NA,NA,NA,NA,NA,NA,NA,NA,NA,NA,NA,NA,NA,NA
136473,Pensacola State College,Pensacola,FL,2,1,13,NA,NA,7538,0.666,0.3452,2361,9460,11894,1504,5995,0.3821,0.083,NA,0.3642,0.3917,7500,7500,36739
136491,Pinellas Technical College-Clearwater,Clearwater,FL,1,1,13,NA,NA,732,0.3743,0.3153,NA,NA,NA,1041,NA,NA,0,NA,NA,NA,PS,PS,34627
136516,Polk State College,Winter Haven,FL,2,1,13,NA,NA,7180,0.6513,0.2787,2694,9817,13451,1739,7338,0.3894,0.0648,NA,0.3534,0.3461,10076,10076,40624
136659,Radford M Locklin Technical College,Milton,FL,1,1,41,NA,NA,233,0.1459,0.1488,NA,NA,NA,1799,NA,NA,0,NA,NA,NA,PS,PS,35997
136701,Saint Vincent de Paul Regional Seminary,Boynton Beach,FL,4,2,21,NA,NA,NA,NA,NA,NA,NA,NA,22007,6803,0.75,NA,NA,NA,NA,NA,NA,NA
136765,Ridge Technical College,Winter Haven,FL,1,1,13,NA,NA,407,0.4914,0.448,3930,10530,27493,1737,NA,NA,0,NA,NA,NA,PS,PS,33484
136774,Ringling College of Art and Design,Sarasota,FL,3,2,13,0.6965,NA,1662,0.7455,0.0401,57900,57900,80276,43764,9869,0.7543,0.3827,0.8635,0.7207,0.7148,27000,27000,43325
136826,Robert Morgan Educational Center and Technical College,Miami,FL,1,1,21,NA,NA,1045,0.4182,0.1993,NA,NA,NA,1513,NA,NA,0,NA,NA,NA,PS,PS,37543
136950,Rollins College,Winter Park,FL,3,2,21,0.4754,1271,2631,0.6108,0.0624,60580,60580,76108,23264,10589,0.8165,0.3938,0.8524,0.7505,0.7595,25500,25500,58295
137023,First Coast Technical College,Saint Augustine,FL,1,1,23,NA,NA,727,0.4305,0.3794,NA,NA,NA,4329,NA,NA,0,NA,NA,NA,PS,PS,33784
137032,Saint Leo University,Saint Leo,FL,3,2,31,0.784,NA,6721,0.5828,0.5105,30000,30000,45264,11779,8688,0.1773,0.3203,0.5922,0.45,0.4684,25278,25278,48364
137078,St Petersburg College,St. Petersburg,FL,2,1,11,NA,NA,18950,0.6211,0.4079,2682,9286,12885,2049,8038,0.2528,0.1584,NA,0.3825,0.3788,16868,16868,42557
137087,Pinellas Technical College-St. Petersburg,Saint Petersburg,FL,1,1,11,NA,NA,810,0.4753,0.3096,NA,NA,NA,2465,NA,NA,0,NA,NA,NA,PS,PS,36188
137096,Santa Fe College,Gainesville,FL,2,1,22,NA,NA,11122,0.5399,0.2191,2563,9189,14165,2481,6821,0.3309,0.1115,NA,0.5343,0.5274,11310,11310,41631
137120,Suncoast Technical College,Sarasota,FL,1,1,21,NA,NA,1116,0.362,0.2042,NA,NA,NA,2882,NA,NA,0,NA,NA,NA,PS,PS,40621
137209,Seminole State College of Florida,Sanford,FL,1,1,13,NA,NA,12864,0.5814,0.3205,3122,11447,14281,2213,7222,0.3339,0.1766,NA,0.4129,0.4161,11047,11047,41733
137245,Sheridan Technical College,Hollywood,FL,1,1,21,NA,NA,1352,0.466,0.4602,NA,NA,NA,3100,NA,NA,0,NA,NA,NA,PS,PS,33166
137272,St. John Vianney College Seminary,Miami,FL,3,2,21,0.9286,NA,77,0.013,0.5556,25500,25500,NA,40527,3586,0.4516,0,1,1,1,PS,PS,NA
137281,Saint Johns River State College,Palatka,FL,2,1,32,NA,NA,4403,0.6471,0.1618,2591,9335,12906,2038,6135,0.9348,0.0678,NA,0.4888,0.4724,12000,12000,41728
137315,South Florida State College,Avon Park,FL,2,1,23,NA,NA,2045,0.6983,0.2403,3165,11859,10169,1203,6274,0.3086,0.0477,NA,0.4764,0.4943,7368,7368,39990
137351,University of South Florida,Tampa,FL,3,1,11,0.4319,1227,37207,0.568,0.1127,6410,17324,22859,5786,11342,0.7308,0.2386,0.9128,0.7676,0.7568,17988,17988,57743
137476,St. Thomas University,Miami Gardens,FL,3,2,21,0.9791,NA,2214,0.4463,0.094,34770,34770,51205,14279,8625,1,0.3085,0.5656,0.4806,0.4562,19125,19125,54272
137546,Stetson University,DeLand,FL,3,2,13,0.716,1176,2297,0.5694,0.0317,57410,57410,72533,17440,11041,0.6604,0.4641,0.7818,0.6229,0.6254,23250,23250,51642
137564,Southeastern University,Lakeland,FL,3,2,12,0.5298,NA,4813,0.5965,0.0885,32950,32950,49329,9661,7041,1,0.2782,0.6989,0.4255,0.4289,21500,21500,46744
137591,Bene's Career Academy,New Port Richey,FL,1,3,21,NA,NA,321,0.8131,0.5521,NA,NA,NA,13955,NA,NA,0.5647,NA,NA,NA,6333,6333,19359
137713,Riveroak Technical College,Live Oak,FL,1,1,33,NA,NA,250,0.416,0.4079,NA,NA,NA,1952,NA,NA,0,NA,NA,NA,PS,PS,31778
137759,Tallahassee State College,Tallahassee,FL,2,1,12,NA,NA,11053,0.5725,0.1701,2026,8062,13378,2504,5811,0.2995,0.1981,NA,0.3795,0.3743,7668,7668,37561
137777,Talmudic College of Florida,Miami Beach,FL,3,2,13,NA,NA,27,0,NA,16750,16750,33000,11158,4465,0.5833,0,1,0.625,0.6,PS,PS,NA
137847,The University of Tampa,Tampa,FL,3,2,11,0.4034,NA,10572,0.5766,0.016,34408,34408,51614,21965,10846,1,0.6725,0.8545,0.637,0.6281,24211,24211,59436
137856,Big Bend Technical College,Perry,FL,1,1,41,NA,NA,130,0.5077,0.2026,NA,NA,NA,2163,NA,NA,0,NA,NA,NA,PS,PS,27609
137865,Tom P. Haney Technical College,Panama City,FL,1,1,22,NA,NA,453,0.4062,0.3254,NA,NA,NA,2737,NA,NA,0,NA,NA,NA,PS,PS,28254
137953,Trinity College of Jacksonville,Jacksonville,FL,3,2,11,0.5328,907,386,0.3886,0.19,15100,15100,26995,13202,5460,0.2059,0.8494,0.5667,0.3418,0.3817,24250,24250,37275
137962,Trinity College of Florida,Trinity,FL,3,2,21,0.9189,NA,148,0.5135,0.2751,16300,16300,24904,11132,5600,0.3478,0.5873,0.28,0,0,23250,23250,32465
138187,Valencia College,Orlando,FL,1,1,11,NA,NA,39486,0.5921,0.2348,2664,9576,18529,2125,7578,0.288,0.1215,NA,0.478,0.4563,9300,9300,40594
138275,Warner University,Lake Wales,FL,3,2,41,0.4281,932,756,0.4577,0.1028,29992,29992,41044,13536,5033,0.3364,0.5363,0.4392,0.4213,0.3808,22250,22250,46086
138284,Florida Panhandle Technical College,Chipley,FL,1,1,43,NA,NA,157,0.4204,0.2139,NA,NA,NA,1877,NA,NA,0,NA,NA,NA,PS,PS,32320
138293,Webber International University,Babson Park,FL,3,2,41,0.694,NA,813,0.2841,0.0364,33770,33770,50989,13712,5063,0.2784,0.6291,0.4118,0.2796,0.2702,25250,25250,45606
138309,Rasmussen University-Florida,Ocala,FL,2,3,13,NA,NA,3121,0.8747,0.6641,15314,15314,28346,13645,6913,0.1895,0.7932,1,0.4155,0.4626,20899,20899,39080
138354,University of West Florida,Pensacola,FL,3,1,41,0.5824,1138,9330,0.5725,0.261,6360,19241,19947,6754,10653,1,0.2524,0.8876,0.588,0.6027,16624,16624,49137
138372,Orange Technical College-West Campus,Ocoee,FL,1,1,21,NA,NA,677,0.2733,0.2264,NA,NA,NA,1503,NA,NA,0,NA,NA,NA,PS,PS,25145
138479,William T McFatter Technical College,Davie,FL,1,1,21,NA,NA,697,0.4032,0.3812,NA,NA,NA,2897,NA,NA,0,NA,NA,NA,PS,PS,41656
138488,Orange Technical College-East Campus,Orlando,FL,1,1,21,NA,NA,334,0.3114,0.0621,NA,NA,NA,856,NA,NA,0,NA,NA,NA,PS,PS,31858
138497,Withlacoochee Technical College,Inverness,FL,1,1,23,NA,NA,278,0.3849,0.3527,NA,NA,NA,3934,NA,NA,0,NA,NA,NA,PS,PS,34279
138558,Abraham Baldwin Agricultural College,Tifton,GA,3,1,32,0.7572,990,3208,0.6029,0.0825,3268,10588,13956,3390,7551,0.7461,0.2346,0.6917,0.3615,0.3251,16750,16750,34996
138600,Agnes Scott College,Decatur,GA,3,2,21,0.6215,1260,836,1,0.0077,50604,50604,63283,17442,9604,0.7394,0.5258,0.8133,0.7068,0.7061,26749,26749,56274
138655,Interactive College of Technology-Chamblee,Chamblee,GA,1,3,21,NA,NA,521,0.3129,0.7618,11330,11330,22064,5316,4193,0.1481,0.4783,NA,NA,NA,10555,10555,27065
138664,Interactive College of Technology-Morrow,Morrow,GA,2,3,21,NA,NA,117,0.7521,0.7876,11210,11210,22961,6674,4117,NA,0.4867,NA,NA,NA,10555,10555,27065
138682,Albany Technical College,Albany,GA,1,1,13,NA,NA,2029,0.6732,0.4842,3364,5932,14101,1933,5512,0.2934,0,NA,NA,NA,12412,12412,30541
138716,Albany State University,Albany,GA,3,1,13,NA,NA,5956,0.7339,0.1828,5656,17008,19333,2329,7257,0.6952,0.6338,0.7857,0.3105,0.2712,25024,25024,40674
138761,Andrew College,Cuthbert,GA,2,2,43,0.4573,NA,473,0.3932,0.2687,19604,19604,37612,9284,5387,0.6154,0.7653,0.4,0.3281,0.3004,12533,12533,38475
138822,Georgia Career Institute,Conyers,GA,1,3,21,NA,NA,515,0.9709,0.2816,NA,NA,NA,15374,NA,NA,0.5051,NA,NA,NA,7735,7735,23686
138840,Atlanta Technical College,Atlanta,GA,1,1,11,NA,NA,3875,0.6483,0.5308,3382,5950,9197,2095,4962,0.2179,0.4037,NA,NA,NA,9500,9500,30350
138868,Point University,West Point,GA,3,2,32,0.4426,NA,1996,0.494,0.1685,24000,24000,33564,4011,5969,1,0.1368,0.7413,0.3407,0.3752,25250,25250,38740
138901,Atlanta Metropolitan State College,Atlanta,GA,2,1,11,NA,NA,1228,0.693,0.4662,3248,10400,11740,2728,6668,0.4324,0.3303,0.4483,0.1741,0.159,14123,14123,33252
138929,Atlanta's John Marshall Law School,Atlanta,GA,4,2,11,NA,NA,NA,NA,NA,NA,NA,NA,52490,8665,0.68,NA,NA,NA,NA,PS,PS,NA
138947,Clark Atlanta University,Atlanta,GA,3,2,11,0.6422,NA,3603,0.7724,0.0186,28310,28310,43676,19865,8446,0.5936,0.8017,0.707,0.4902,0.4841,27000,27000,42712
138956,Augusta Technical College,Augusta,GA,1,1,12,NA,NA,3923,0.6258,0.4189,4282,7492,19254,2374,5850,0.5561,0,NA,NA,NA,4500,4500,33523
139144,Berry College,Mount Berry,GA,3,2,23,0.64,1220,2245,0.6241,0.0049,41686,41686,56697,14559,9319,0.7991,0.3886,0.8351,0.6949,0.7179,23250,23250,53800
139153,Beulah Heights University,Atlanta,GA,3,2,11,NA,NA,138,0.5797,0.8797,8492,8492,NA,14350,5789,0.1296,0.3734,1,0.3333,PS,PS,PS,35236
139199,Brenau University,Gainesville,GA,3,2,13,0.8778,1079,1029,0.9067,0.2921,34027,34027,46010,20397,7783,0.5547,0.6987,0.6497,0.3291,0.342,27000,27000,54003
139205,Brewton-Parker Christian University,Mount Vernon,GA,2,2,42,0.9649,NA,774,0.3773,0.2202,20120,20120,38918,9114,5765,0.9565,0.3451,0.4843,0.2103,0.2216,24990,PS,42009
139250,College of Coastal Georgia,Brunswick,GA,2,1,13,0.9813,1000,2979,0.7123,0.2314,3616,10936,21924,1920,8029,0.732,0.2838,0.5866,0.2559,0.2558,15039,15039,39318
139278,West Georgia Technical College,Waco,GA,1,1,41,NA,NA,5163,0.6876,0.3143,3410,5978,11209,2594,4515,0.3469,0.1226,NA,NA,NA,11110,11110,35479
139311,Clayton  State University,Morrow,GA,3,1,21,0.6845,958,4348,0.6987,0.3131,5180,16532,17415,3830,8662,0.6879,0.3804,0.7088,0.3986,0.3762,25706,25706,49179
139348,Columbia Theological Seminary,Decatur,GA,4,2,21,NA,NA,NA,NA,NA,NA,NA,NA,3253,7094,1,NA,NA,NA,NA,PS,PS,NA
139357,Columbus Technical College,Columbus,GA,1,1,12,NA,NA,2719,0.6962,0.4462,4052,7262,13144,2459,5411,0.5414,0,NA,NA,NA,8756,8756,34238
139366,Columbus State University,Columbus,GA,3,1,12,0.9912,977,5625,0.5684,0.2445,5898,17610,21676,4726,8802,0.5939,0.3776,0.6966,0.4176,0.4175,26000,26000,44544
139384,Georgia Northwestern Technical College,Rome,GA,1,1,13,NA,NA,4244,0.6525,0.2763,3300,5868,15096,2775,5327,NA,0.0402,NA,NA,NA,6421,6421,35759
139393,Covenant College,Lookout Mountain,GA,3,2,21,0.8651,1294,939,0.5154,0.0121,42040,42040,57467,15424,8555,1,0.4042,0.8821,0.7149,0.7168,22500,22500,50412
139463,Dalton State College,Dalton,GA,3,1,13,NA,NA,4553,0.6424,0.1707,3336,10656,12719,1322,7570,0.6597,0.1385,0.709,0.2531,0.2755,12937,12937,40251
139506,Pro Way Hair School,Stone Mountain,GA,1,3,21,NA,NA,67,0.3731,0.5185,NA,NA,NA,14396,NA,NA,0.8732,NA,NA,NA,12500,12500,21586
139579,South University-Savannah,Savannah,GA,3,3,12,NA,NA,270,0.7556,0.7166,18145,18145,36577,21640,9244,0.65,0.7328,0.2222,0.0909,0.1591,26123,26123,34421
139621,East Georgia State College,Swainsboro,GA,2,1,33,NA,NA,1413,0.5591,0.0786,2900,9860,15966,2282,6852,0.6329,0.254,0.6071,0.1667,0.1523,11750,11750,37174
139630,Emmanuel University,Franklin Springs,GA,3,2,42,0.74,NA,775,0.4452,0.0314,25500,25500,37604,10002,5038,0.3548,0.4181,0.7094,0.4228,0.3831,24325,24325,38208
139658,Emory University,Atlanta,GA,3,2,11,0.1065,1520,7298,0.5684,0.0152,64280,64280,83622,30502,16636,0.7629,0.1061,0.957,0.9109,0.9142,18250,18250,80137
139700,Georgia Highlands College,Rome,GA,2,1,23,NA,NA,4761,0.6648,0.2811,3120,10080,13389,2479,6606,0.5462,0.1703,0.593,0.2066,0.2073,12000,12000,43184
139719,Fort Valley State University,Fort Valley,GA,3,1,31,0.6587,994,2684,0.6684,0.0751,5526,16932,19879,1050,7426,0.6888,0.6844,0.7851,0.4111,0.4324,31000,31000,36666
139746,Grady Health System Professional Schools,Atlanta,GA,1,1,11,NA,NA,61,0.7541,0.6667,NA,NA,NA,5685,NA,NA,0.5667,NA,NA,NA,PS,PS,60726
139755,Georgia Institute of Technology-Main Campus,Atlanta,GA,3,1,11,0.1407,1480,18785,0.4037,0.0173,12058,34484,28167,12151,15393,0.9018,0.1697,0.9808,0.9402,0.9319,21672,21672,102772
139764,Georgia Southwestern State University,Americus,GA,3,1,32,0.7517,978,2424,0.6803,0.2292,5220,16572,20484,3347,8122,0.7128,0.3721,0.5755,0.4064,0.3608,18851,18851,48757
139861,Georgia College & State University,Milledgeville,GA,3,1,32,0.7823,1163,5947,0.6462,0.0093,9186,29512,30258,8026,8775,0.7966,0.3427,0.8235,0.6361,0.626,22250,22250,58140
139931,Georgia Southern University,Statesboro,GA,3,1,32,0.8789,1053,21790,0.5709,0.1079,6022,17734,24430,4878,9310,0.8381,0.3558,0.7783,0.549,0.5345,23250,23250,53236
139940,Georgia State University,Atlanta,GA,3,1,11,0.5544,1076,26623,0.592,0.1532,8664,24840,28241,7144,10404,0.7491,0.4046,0.7986,0.5306,0.5337,20903,20903,47384
139959,University of Georgia,Athens,GA,3,1,12,0.377,1397,32137,0.572,0.0182,11450,31688,27993,11022,12879,0.9025,0.1954,0.9404,0.8969,0.8886,18500,18500,68726
139968,Gordon State College,Barnesville,GA,3,1,32,0.859,1023,2544,0.6757,0.2036,3628,10948,14771,1641,7589,0.4332,0.3552,0.5122,0.2043,0.1863,17500,17500,37871
139986,Southern Crescent Technical College,Griffin,GA,1,1,31,NA,NA,4098,0.6918,0.3518,3516,6084,16430,2160,5444,NA,0.1035,NA,NA,NA,9500,9500,36104
139995,Gupton Jones College of Funeral Service,Decatur,GA,2,2,21,NA,NA,338,0.6391,0.7251,20950,20950,31921,6513,5434,0.3556,0.2239,NA,NA,NA,16417,16417,42636
140003,Gwinnett College-Lilburn,Lilburn,GA,1,3,21,NA,NA,156,0.8462,0.6364,11300,11300,37077,9365,NA,NA,0.8182,NA,NA,NA,18062,18062,31422
140012,Gwinnett Technical College,Lawrenceville,GA,1,1,21,NA,NA,8728,0.6111,0.3278,3524,6092,15322,3390,5821,0.2438,0.2015,NA,NA,NA,13000,13000,45025
140146,Interdenominational Theological Center,Atlanta,GA,4,2,11,NA,NA,NA,NA,NA,NA,NA,NA,158802,5338,0.5,NA,NA,NA,NA,PS,PS,NA
140234,LaGrange College,Lagrange,GA,3,2,32,0.6209,NA,636,0.4497,0.0378,35400,35400,49681,14595,6863,1,0.6787,0.6721,0.4692,0.4401,25730,25730,51745
140243,Lanier Technical College,Gainesville,GA,1,1,13,NA,NA,4613,0.5912,0.2229,3980,7190,15935,3246,5880,1,0,NA,NA,NA,PS,PS,37623
140252,Life University,Marietta,GA,3,2,13,0.9303,1030,893,0.5095,0.1569,15036,15036,41295,24369,7524,0.5556,0.5235,0.6281,0.3793,0.3566,16666,16666,47397
140331,Chattahoochee Technical College,Marietta,GA,1,1,21,NA,NA,8727,0.5681,0.271,3540,6108,12532,3501,5512,1,0,NA,NA,NA,PS,PS,37138
140340,Herzing University-Atlanta,Atlanta,GA,3,2,11,0.9375,NA,387,0.8605,0.7234,13450,13450,27007,14934,7516,0.2432,0.7916,0.25,0.1395,0.194,21500,21500,36909
140447,Mercer University,Macon,GA,3,2,12,0.6889,1271,4500,0.646,0.2313,42312,42312,58204,19762,9556,0.9803,0.6245,0.8216,0.6962,0.7185,24199,24199,58354
140553,Morehouse College,Atlanta,GA,3,2,11,0.4396,1090,2844,0,0.1282,32893,32893,51433,16999,8703,0.5427,0.5738,0.8691,0.5944,0.5602,25000,25000,52889
140562,Morehouse School of Medicine,Atlanta,GA,4,2,11,NA,NA,NA,NA,NA,NA,NA,NA,26395,NA,NA,NA,NA,NA,NA,PS,PS,NA
140571,Morris Brown College,Atlanta,GA,3,2,11,NA,NA,432,0.5486,0.5015,9558,9558,31968,9322,6116,0.0492,0.7755,0.7059,0.25,0.2941,NA,NA,NA
140678,North Georgia Technical College,Clarkesville,GA,1,1,41,NA,NA,1910,0.5979,0.2463,3330,5898,13085,2891,5119,0.3729,0,NA,NA,NA,7823,7823,32932
140696,Oglethorpe University,Atlanta,GA,3,2,21,0.8845,1227,1352,0.628,0.04,47590,47590,60581,12237,7901,0.6207,0.6838,0.7333,0.541,0.5401,25000,25000,55232
140720,Paine College,Augusta,GA,3,2,12,0.9543,NA,388,0.5799,0.1512,14596,14596,27431,13422,3659,0.5641,0.7645,0.5357,0.1443,0.1655,PS,PS,33338
140818,Piedmont University,Demorest,GA,3,2,32,0.9328,1129,1117,0.6625,0.1499,31700,31700,46801,15165,7502,0.6196,0.6582,0.6982,0.4741,0.4424,25000,25000,49130
140827,Miami Ad School-Atlanta,Atlanta,GA,1,3,11,NA,NA,65,0.5538,0.7162,19400,19400,61886,18984,NA,NA,0.5135,NA,NA,NA,25967,25967,106192
140872,Reinhardt University,Waleska,GA,3,2,41,0.6154,NA,1066,0.4559,0.0933,30074,30074,46386,10810,5983,0.5194,0.5628,0.6222,0.4357,0.3939,23900,23900,46541
140942,Savannah Technical College,Savannah,GA,1,1,12,NA,NA,3366,0.6251,0.4021,3330,5898,15431,3053,5478,0.3038,0,NA,NA,NA,3258,3258,33018
140951,Savannah College of Art and Design,Savannah,GA,3,2,12,0.8298,1173,15243,0.7056,0.0608,41630,41630,63627,28445,10950,0.8951,0.3371,0.8633,0.6941,0.6991,25148,25148,45954
140960,Savannah State University,Savannah,GA,3,1,12,NA,NA,2833,0.6251,0.1022,5750,19043,17191,2062,8445,0.5882,0.6532,0.7472,0.2804,0.2652,28000,28000,37981
140988,Shorter University,Rome,GA,3,2,13,0.9646,1115,1028,0.4854,0.1142,24630,24630,35726,10478,5054,0.5878,0.4849,0.6053,0.3769,0.3742,25000,25000,44604
141006,South Georgia Technical College,Americus,GA,1,1,32,NA,NA,1407,0.4911,0.2812,3992,7202,14281,3182,5231,0.6121,0,NA,NA,NA,PS,PS,30364
141060,Spelman College,Atlanta,GA,3,2,11,0.2487,1220,3414,0.9502,0.2538,31556,31556,50952,17629,9558,0.6952,0.4814,0.9409,0.7846,0.7731,25000,25000,59993
141167,Thomas University,Thomasville,GA,3,2,32,0.383,1072,998,0.5852,0.4093,11640,11640,23079,22885,5844,0.1783,0.8264,0.4925,0.2754,0.2766,21198,21198,49716
141185,Toccoa Falls College,Toccoa Falls,GA,3,2,32,0.6596,1130,875,0.6171,0.0482,23950,23950,37561,10215,6124,0.2464,0.1916,0.625,0.4366,0.4484,22250,22250,36630
141237,Truett McConnell University,Cleveland,GA,3,2,42,0.7826,NA,744,0.4798,0.0241,26792,26792,39152,9517,4901,1,0.1508,0.6698,0.3781,0.3923,23439,23439,46700
141255,Wiregrass Georgia Technical College,Valdosta,GA,1,1,41,NA,NA,2887,0.6827,0.3123,3480,6048,11034,1962,4721,0.672,0,NA,NA,NA,PS,PS,30864
141264,Valdosta State University,Valdosta,GA,3,1,13,0.7229,1013,6622,0.6799,0.1743,6124,17836,20801,4932,8606,0.6845,0.4396,0.7187,0.4236,0.4205,24779,24779,49361
141325,Wesleyan College,Macon,GA,3,2,12,0.591,1075,400,1,0.1445,27650,27650,40721,8641,6243,1,0.431,0.76,0.4452,0.4956,24094,24094,44317
141334,University of West Georgia,Carrollton,GA,3,1,32,0.5161,1032,7520,0.6203,0.1424,6088,17800,21981,7220,8656,0.5736,0.346,0.775,0.4349,0.4311,23970,23970,49587
141361,Young Harris College,Young Harris,GA,3,2,43,0.6264,NA,755,0.5576,0.0036,32305,32305,48301,9527,6302,0.3701,0.3272,0.6461,0.4175,0.4355,27000,27000,47195
141486,Chaminade University of Honolulu,Honolulu,HI,3,2,11,0.9143,1060,1672,0.7099,0.2755,30874,30874,45798,21128,9015,0.9813,0.373,0.7037,0.554,0.567,23250,23250,52343
141565,University of Hawaii at Hilo,Hilo,HI,3,1,33,0.6063,1028,2160,0.6255,0.1914,7838,20798,21173,6473,12097,0.7638,0.3003,0.7275,0.4837,0.4497,20500,20500,47856
141574,University of Hawaii at Manoa,Honolulu,HI,3,1,11,0.866,1102,15029,0.5912,0.1146,12186,34218,26433,11690,14472,0.7988,0.2743,0.8072,0.6429,0.6348,18500,18500,57624
141608,Hawaii Institute of Hair Design,Honolulu,HI,1,3,11,NA,NA,85,0.4,0.5714,NA,NA,NA,7261,NA,NA,0.4435,NA,NA,NA,5793,5793,25235
141644,Hawaii Pacific University,Honolulu,HI,3,2,11,0.8587,1111,2392,0.638,0.1578,34392,34392,50674,20008,9549,0.5477,0.2255,0.5645,0.3489,0.3781,22000,22000,59593
141680,Honolulu Community College,Honolulu,HI,2,1,11,NA,NA,1897,0.3548,0.3411,3174,8310,13151,3971,10201,0.6258,0.0443,NA,NA,NA,7534,7534,45105
141796,Kapiolani Community College,Honolulu,HI,2,1,11,NA,NA,3910,0.6478,0.353,3284,8420,11992,4175,10327,0.6448,0.0586,NA,NA,NA,9229,9229,44599
141802,Kauai Community College,Lihue,HI,1,1,41,NA,NA,716,0.6355,0.2119,3252,8388,18742,2656,10332,0.6333,0.0239,NA,NA,NA,10500,10500,36868
141811,Leeward Community College,Pearl City,HI,2,1,21,NA,NA,3438,0.5788,0.2966,3214,8350,12507,3675,10059,0.6391,0.039,NA,NA,NA,8970,8970,39899
141839,University of Hawaii Maui College,Kahului,HI,2,1,13,NA,NA,1700,0.6635,0.3181,3284,8420,14937,3386,10124,0.5,0.0434,NA,0.2775,0.2753,13040,13040,34453
141981,University of Hawaii-West Oahu,Kapolei,HI,3,1,21,0.9534,985,2519,0.6538,0.3915,7584,20544,18410,5300,11565,0.6082,0.2113,0.7795,0.4955,0.4806,14500,14500,52075
141990,Windward Community College,Kaneohe,HI,2,1,22,NA,NA,1159,0.6557,0.3325,3194,8330,15522,3581,9907,0.4839,0.023,NA,NA,NA,9500,9500,38439
142054,Carrington College-Boise,Boise,ID,1,3,12,NA,NA,478,0.8222,0.5266,NA,NA,NA,23696,6669,0.4028,0.7162,NA,NA,NA,15188,15188,43731
142090,Boise Bible College,Boise,ID,3,2,21,0.9048,1040,93,0.5161,0.2816,11802,11802,23301,4468,6151,0.9524,0.4078,0.5625,0.3158,0.4131,PS,PS,33140
142115,Boise State University,Boise,ID,3,1,12,0.8721,NA,17674,0.5728,0.1504,9048,27788,28224,10356,9887,0.5688,0.2388,0.7885,0.602,0.6102,20500,20500,51658
142179,College of Eastern Idaho,Idaho Falls,ID,2,1,13,NA,NA,1478,0.6732,0.2211,3390,6750,13947,4439,6832,0.392,0.5037,NA,NA,NA,12000,12000,42057
142276,Idaho State University,Pocatello,ID,3,1,13,NA,NA,7583,0.5901,0.1888,8610,27720,21527,6845,8941,0.9401,0.2299,0.7198,0.3939,0.3884,20039,20039,45608
142285,University of Idaho,Moscow,ID,3,1,32,0.7553,1116,7747,0.4878,0.0785,9084,28320,23738,10353,10288,0.8523,0.3818,0.7559,0.5728,0.5916,21982,21982,54670
142294,The College of Idaho,Caldwell,ID,3,2,22,0.491,1180,1041,0.5139,0.0143,37845,37845,50542,8833,7798,0.6194,0.4728,0.8185,0.6254,0.633,24500,24500,48473
142328,Lewis-Clark State College,Lewiston,ID,3,1,13,0.8769,NA,2385,0.6377,0.2007,7610,22028,21925,5259,7551,0.9554,0.2605,0.6105,0.4017,0.4257,18500,18500,46001
142407,Aveda Institute-Twin Falls,Twin Falls,ID,1,3,13,NA,NA,88,0.9659,0.3118,NA,NA,NA,12953,NA,NA,0.437,NA,NA,NA,9400,9400,26171
142443,North Idaho College,Coeur d'Alene,ID,2,1,13,NA,NA,2619,0.63,0.2574,3396,8736,18333,2658,7954,0.4515,0.1558,NA,NA,NA,9000,9000,40081
142461,Northwest Nazarene University,Nampa,ID,3,2,22,0.6474,1130,1024,0.5605,0.1315,40794,40794,55163,11027,6760,1,0.6133,0.7741,0.7076,0.653,23750,23750,51719
142489,Nathan Layne Institute of Cosmetology,Chubbuck,ID,1,3,23,NA,NA,70,0.9143,0.2754,NA,NA,NA,11726,NA,NA,0.6071,NA,NA,NA,PS,PS,22209
142522,Brigham Young University-Idaho,Rexburg,ID,1,2,32,0.9575,1118,44397,0.5372,0.4523,4800,4800,15246,2602,10186,NA,0.1076,0.7117,0.5548,0.5528,13969,13969,53406
142559,College of Southern Idaho,Twin Falls,ID,2,1,13,NA,NA,3810,0.6444,0.1325,3360,6840,12803,2875,6538,1,0.07,1,0.3316,0.3414,8000,8000,40916
142832,Adler University,Chicago,IL,3,2,11,NA,NA,9,0,1,NA,NA,NA,33617,7761,0.9378,NA,NA,NA,NA,PS,PS,NA
142957,American Islamic College,Chicago,IL,3,2,11,1,NA,16,0.625,0.5,7650,7650,NA,5317,9309,NA,0,1,NA,NA,NA,NA,NA
143048,School of the Art Institute of Chicago,Chicago,IL,3,2,11,0.7747,NA,2805,0.7729,0.0572,56420,56420,75625,37189,11628,0.2159,0.3741,0.8383,0.6699,0.6548,27000,27000,40151
143084,Augustana College,Rock Island,IL,3,2,13,0.6268,1165,2490,0.5313,0.0221,51598,51598,63553,16446,8300,0.7804,0.5527,0.8211,0.7286,0.7626,27000,27000,62971
143118,Aurora University,Aurora,IL,3,2,21,0.8085,1076,3974,0.6656,0.1379,29170,29170,40625,14158,9142,0.2468,0.4736,0.7706,0.6032,0.5929,20318,20318,58709
143215,Southwestern Illinois College,Belleville,IL,1,1,21,NA,NA,5675,0.5706,0.296,3960,6720,16249,3494,7520,0.3432,0.0988,NA,NA,NA,6908,6908,36884
143233,Bethany Theological Seminary,Richmond,IN,4,2,32,NA,NA,NA,NA,NA,NA,NA,NA,2699,6568,0.7692,NA,NA,NA,NA,PS,PS,NA
143279,Black Hawk College,Moline,IL,1,1,13,NA,NA,2354,0.6449,0.2424,4920,8100,12291,2743,7582,0.5079,0.0633,NA,NA,NA,8375,8375,37253
143288,Blackburn College,Carlinville,IL,3,2,32,0.6319,NA,471,0.5796,0.1851,28149,28149,37916,14719,8514,0.7193,0.6144,0.6721,0.5749,0.5513,24242,24242,46802
143297,Blessing Rieman College of Nursing and Health Sciences,Quincy,IL,3,2,33,NA,NA,176,0.9205,0.3459,NA,NA,NA,19618,6715,0.9444,0.3514,NA,NA,NA,13000,13000,72430
143358,Bradley University,Peoria,IL,3,2,12,0.7676,NA,3574,0.5109,0.0196,42160,42160,54730,17748,9409,0.5548,0.634,0.8265,0.7617,0.7401,27000,27000,66852
143376,Paul Mitchell the School-Tinley Park,Tinley Park,IL,1,3,21,NA,NA,191,0.9791,0.336,NA,NA,NA,15387,NA,NA,0.6113,NA,NA,NA,7917,7917,28378
143464,Cameo Beauty Academy,Oak Lawn,IL,1,3,21,NA,NA,82,1,0.4828,NA,NA,NA,11820,NA,NA,0.5417,NA,NA,NA,10929,PS,24513
143473,Cannella School of Hair Design-Villa Park,Villa Park,IL,1,3,21,NA,NA,51,0.9412,0.814,NA,NA,NA,7488,NA,NA,0.3,NA,NA,NA,PS,PS,26970
143491,Cannella School of Hair Design-Chicago,Chicago,IL,1,3,11,NA,NA,64,0.9531,0.4833,NA,NA,NA,5550,NA,NA,0.5319,NA,NA,NA,PS,PS,29075
143552,Capri Beauty College,Oak Forest,IL,1,3,21,NA,NA,33,1,0.1563,NA,NA,NA,12907,NA,NA,0.5,NA,NA,NA,9833,9833,26804
143613,Carl Sandburg College,Galesburg,IL,2,1,32,NA,NA,1051,0.6784,0.2156,5390,8900,11563,3831,6864,0.3964,0.141,NA,NA,NA,4909,4909,35274
143659,Catholic Theological Union at Chicago,Chicago,IL,4,2,11,NA,NA,NA,NA,NA,NA,NA,NA,18082,8845,1,NA,NA,NA,NA,PS,PS,NA
143853,Midwestern University-Downers Grove,Downers Grove,IL,4,2,13,NA,NA,NA,NA,NA,NA,NA,NA,65618,13204,0.9833,NA,NA,NA,NA,PS,PS,NA
143978,The Chicago School at Chicago,Chicago,IL,3,2,11,0.3448,NA,21,0.7619,0.3871,21780,21780,NA,28821,8692,1,0.7097,NA,NA,NA,20000,20000,56899
144005,Chicago State University,Chicago,IL,3,1,11,0.4326,NA,1384,0.6951,0.4332,12754,12754,29764,6581,8878,1,0.7813,0.5732,0.1549,0.1615,30625,30625,42778
144014,Chicago Theological Seminary,Chicago,IL,4,2,11,NA,NA,NA,NA,NA,NA,NA,NA,13725,10650,0.7059,NA,NA,NA,NA,PS,PS,NA
144050,University of Chicago,Chicago,IL,3,2,11,0.0448,1554,7569,0.4577,0.011,70662,70662,90360,34595,19806,0.8493,0.047,0.9926,0.9585,0.9539,15000,15000,91885
144157,City Colleges of Chicago-Kennedy-King College,Chicago,IL,1,1,11,NA,NA,1777,0.5098,0.4047,4590,15150,16256,1096,10759,0.4759,0.0335,NA,NA,NA,6180,6180,28467
144166,City Colleges of Chicago-Malcolm X College,Chicago,IL,1,1,11,NA,NA,6409,0.8036,0.4426,4590,15150,14355,285,11629,0.3853,0.0278,NA,NA,NA,8375,8375,32427
144175,City Colleges of Chicago-Olive-Harvey College,Chicago,IL,1,1,11,NA,NA,1661,0.5274,0.4463,4590,15150,16126,808,11930,0.3111,0.0309,NA,NA,NA,7646,7646,31114
144184,City Colleges of Chicago-Harry S Truman College,Chicago,IL,1,1,11,NA,NA,2505,0.6,0.5934,4590,15150,15063,1492,10883,0.259,0.0091,NA,NA,NA,6997,6997,36484
144193,City Colleges of Chicago-Richard J Daley College,Chicago,IL,1,1,11,NA,NA,2789,0.4141,0.4198,4590,15150,14086,1645,12289,0.25,0.0024,NA,NA,NA,4500,4500,37962
144209,City Colleges of Chicago-Harold Washington College,Chicago,IL,2,1,11,NA,NA,4207,0.5885,0.2512,4590,15150,14726,1240,13133,0.3182,0.0234,NA,NA,NA,5750,5750,36531
144218,City Colleges of Chicago-Wilbur Wright College,Chicago,IL,2,1,11,NA,NA,4372,0.4851,0.404,4590,15150,13762,1205,13431,0.2671,0.0069,NA,NA,NA,6500,6500,41625
144281,Columbia College Chicago,Chicago,IL,3,2,11,0.8946,NA,5368,0.6043,0.0618,34088,34088,51889,17134,9323,0.3738,0.5553,0.6603,0.5155,0.4992,25000,25000,42195
144351,Concordia University-Chicago,River Forest,IL,3,2,21,0.9279,NA,1323,0.5246,0.2084,37488,37488,45383,13395,6759,0.6972,0.5694,0.605,0.3646,0.4141,23000,23000,54089
144564,Danville Area Community College,Danville,IL,1,1,32,NA,NA,1508,0.5935,0.2899,4440,7440,10822,3051,7425,0.5833,0.0358,NA,NA,NA,7218,7218,34867
144573,Tricoci University of Beauty Culture,Urbana,IL,1,3,13,NA,NA,173,0.9711,0.2924,NA,NA,NA,12810,NA,NA,0.6981,NA,NA,NA,9000,9000,18077
144740,DePaul University,Chicago,IL,3,2,11,0.7589,1262,14090,0.5509,0.0969,45999,45999,63052,22817,12717,0.4985,0.4585,0.855,0.678,0.6889,23168,23168,68751
144795,Cosmetology & Spa Academy,Crystal Lake,IL,1,3,21,NA,NA,445,0.7011,0.2838,NA,NA,NA,10706,NA,NA,0.6574,NA,NA,NA,7917,7917,29779
144865,College of DuPage,Glen Ellyn,IL,2,1,21,NA,NA,16114,0.5326,0.3005,4560,12750,15554,3428,13397,0.1695,0.1004,NA,NA,NA,10410,10410,46909
144883,East-West University,Chicago,IL,3,2,11,NA,NA,468,0.5,0.142,25395,25395,32606,10864,7789,1,0.6042,0.3711,0.1556,0.1981,26986,26986,29963
144892,Eastern Illinois University,Charleston,IL,3,1,33,0.6535,1000,4188,0.6017,0.0984,13679,16217,26996,5593,9482,0.7711,0.3138,0.7171,0.4736,0.4639,21500,21500,51989
144944,Elgin Community College,Elgin,IL,1,1,12,NA,NA,6648,0.5384,0.3176,3252,9516,10408,2939,11683,0.2986,0.0292,NA,NA,NA,7390,7390,45516
144962,Elmhurst University,Elmhurst,IL,3,2,21,0.7364,1151,3006,0.6188,0.0997,42955,42955,54679,18117,8989,0.4038,0.769,0.799,0.7,0.6767,20489,20489,61462
144971,Eureka College,Eureka,IL,3,2,31,0.8499,NA,522,0.4483,0.0417,29096,29096,39578,12858,5632,0.6875,0.7647,0.5039,0.4161,0.4115,23250,23250,51641
145099,First Institute of Travel Inc.,Crystal Lake,IL,1,3,21,NA,NA,278,0.9245,0.3832,NA,NA,NA,10498,NA,NA,0.5592,NA,NA,NA,9500,9500,36196
145239,Fox College,Tinley Park,IL,2,3,21,0.7021,NA,200,0.815,0.3808,17670,17670,22971,14880,6746,0.7857,0.7773,NA,NA,NA,16209,16209,41539
145275,Garrett-Evangelical Theological Seminary,Evanston,IL,4,2,13,NA,NA,NA,NA,NA,NA,NA,NA,5555,11301,1,NA,NA,NA,NA,PS,PS,NA
145309,Gem City College,Quincy,IL,1,3,33,NA,NA,41,0.6585,0.2857,NA,NA,NA,12026,NA,NA,0.5714,NA,NA,NA,9833,PS,19219
145336,Governors State University,University Park,IL,3,1,21,0.4827,NA,2556,0.6315,0.4227,12004,12004,24227,10167,8619,0.5087,0.3849,0.5622,0.2211,0.2086,18618,18618,58169
145354,Graham Hospital School of Nursing,Canton,IL,1,2,32,1,NA,40,0.95,0.5,8417,8417,26391,8649,NA,NA,0.3611,NA,NA,NA,PS,PS,63586
145372,Greenville University,Greenville,IL,3,2,32,0.975,1038,955,0.467,0.1039,32200,32200,45091,11197,6650,1,0.5664,0.7081,0.3982,0.4558,23875,23875,46827
145406,G Skin & Beauty Institute,Schaumburg,IL,1,3,13,NA,NA,490,0.9898,0.5202,NA,NA,NA,13507,NA,NA,0.4815,NA,NA,NA,6333,6333,29032
145424,Hair Professionals Career College,Sycamore,IL,1,3,23,NA,NA,55,0.9636,0.2462,NA,NA,NA,7954,NA,NA,0.4405,NA,NA,NA,9833,PS,23568
145433,Hair Professionals School of Cosmetology,Oswego,IL,1,3,21,NA,NA,136,0.9779,0.4132,NA,NA,NA,10499,NA,NA,0.545,NA,NA,NA,9833,9833,23412
145497,Hebrew Theological College,Skokie,IL,3,2,13,0.5714,NA,90,0.7222,0.0558,15150,15150,35559,16100,4277,0.3947,0.102,0.8605,0.5,0.5938,14000,PS,33291
145521,Highland Community College,Freeport,IL,1,1,41,NA,NA,931,0.6133,0.252,4936,7360,13161,4312,10991,0.5081,0.0519,NA,NA,NA,8029,8029,37928
145558,Rosalind Franklin University of Medicine and Science,North Chicago,IL,4,2,21,NA,NA,NA,NA,NA,NA,NA,NA,40856,11896,0.6269,NA,NA,NA,NA,PS,PS,NA
145600,University of Illinois Chicago,Chicago,IL,3,1,11,0.7735,1250,22170,0.5346,0.0858,14338,29884,27521,12168,14621,0.7104,0.2186,0.8021,0.6162,0.6097,16704,16704,68740
145619,Benedictine University,Lisle,IL,3,2,21,0.9523,NA,1942,0.4825,0.0836,35940,35940,46713,12829,8516,0.3465,0.4604,0.6601,0.5033,0.5063,22500,22500,63446
145628,Illinois College of Optometry,Chicago,IL,4,2,11,NA,NA,NA,NA,NA,NA,NA,NA,41996,10556,0.6447,NA,NA,NA,NA,NA,NA,NA
145637,University of Illinois Urbana-Champaign,Champaign,IL,3,1,13,0.4237,1440,36258,0.48,0.0122,16004,35124,33642,16074,14464,0.7276,0.2738,0.948,0.8513,0.8501,19500,19500,81054
145646,Illinois Wesleyan University,Bloomington,IL,3,2,13,0.3931,1275,1582,0.4962,0.0063,57704,57704,70700,20443,8828,0.5645,0.6332,0.8005,0.747,0.781,27000,27000,70871
145682,Illinois Central College,East Peoria,IL,1,1,21,NA,NA,5052,0.6211,0.2402,4800,12150,18938,4229,8887,0.4276,0.0794,NA,NA,NA,8900,8900,37366
145691,Illinois College,Jacksonville,IL,3,2,32,0.7819,1064,930,0.5204,0.0649,38676,38676,48955,12281,7671,0.7059,0.8274,0.7063,0.6382,0.6255,25565,25565,52575
145707,Illinois Eastern Community Colleges,Olney,IL,1,1,33,NA,NA,1634,0.5643,0.1716,5260,12460,17333,2126,6720,0.3557,0.0429,NA,NA,NA,6500,6500,37533
145725,Illinois Institute of Technology,Chicago,IL,3,2,11,0.5493,1311,2833,0.3445,0.095,52386,52386,68164,19991,12710,0.5956,0.2871,0.8596,0.7521,0.74,25000,25000,82592
145813,Illinois State University,Normal,IL,3,1,22,0.8815,1113,19057,0.5676,0.0415,16144,28210,34309,10013,9453,0.7363,0.4308,0.8144,0.6454,0.6539,20482,20482,62117
145831,Illinois Valley Community College,Oglesby,IL,1,1,32,NA,NA,2040,0.5392,0.2317,4200,16385,11067,4119,8982,0.3979,0.0254,NA,NA,NA,8233,8233,40810
145886,Institute for Clinical Social Work,Chicago,IL,4,2,11,NA,NA,NA,NA,NA,NA,NA,NA,25187,NA,NA,NA,NA,NA,NA,NA,NA,NA
146205,John A Logan College,Carterville,IL,2,1,33,NA,NA,2016,0.6062,0.2327,4630,7540,13596,2206,6260,0.4207,0,NA,NA,NA,PS,PS,34096
146278,John Wood Community College,Quincy,IL,2,1,33,NA,NA,1371,0.6083,0.2615,5700,9300,15845,6672,5610,0.2949,0.1206,NA,NA,NA,8029,8029,38631
146296,Joliet Junior College,Joliet,IL,1,1,21,NA,NA,9306,0.5583,0.2557,4530,13800,9452,3048,12997,0.2896,0.0408,NA,NA,NA,9711,9711,42889
146339,Judson University,Elgin,IL,3,2,12,0.4759,1039,708,0.4096,0.1324,31360,31360,43137,10410,6024,0.2802,0.5536,0.5917,0.5987,0.5644,25000,25000,56313
146348,Kankakee Community College,Kankakee,IL,1,1,13,NA,NA,1985,0.5904,0.3111,5220,25830,11612,4942,8076,0.3476,0.0437,NA,NA,NA,9969,9969,38767
146366,Kaskaskia College,Centralia,IL,1,1,41,NA,NA,1920,0.6427,0.1784,4800,12570,11819,2523,9200,0.5603,0,NA,NA,NA,3750,PS,38801
146418,Kishwaukee College,Malta,IL,2,1,41,NA,NA,1936,0.6126,0.2266,4560,13680,13901,4497,8103,0.354,0.0698,NA,NA,NA,9395,9395,39657
146427,Knox College,Galesburg,IL,3,2,32,0.7079,1326,1127,0.496,0.017,57903,57903,68134,16977,7221,0.7244,0.6733,0.8313,0.6773,0.6762,27000,27000,54820
146454,Educators of Beauty College of Cosmetology-Peru,PERU,IL,1,3,32,NA,NA,52,1,0.2333,NA,NA,NA,11689,NA,NA,0.5875,NA,NA,NA,9833,9833,21949
146472,College of Lake County,Grayslake,IL,1,1,21,NA,NA,9420,0.5538,0.3653,4788,14400,12694,3143,12712,0.2746,0.0202,NA,NA,NA,8735,8735,43424
146481,Lake Forest College,Lake Forest,IL,3,2,21,0.5681,1343,1813,0.5665,0.0262,56402,56402,70655,14669,9044,1,0.6654,0.8988,0.7778,0.7426,26158,26158,61825
146490,Lake Forest Graduate School of Management,Lake Forest,IL,4,2,21,NA,NA,NA,NA,NA,NA,NA,NA,19356,9927,0.0157,NA,NA,NA,NA,PS,PS,NA
146506,Lake Land College,Mattoon,IL,1,1,41,NA,NA,2448,0.605,0.2009,4415,14301,10276,2050,6125,0.7178,0.0468,NA,NA,NA,6188,6188,38877
146533,Lakeview College of Nursing,Danville,IL,3,2,32,NA,NA,66,0.9242,0.4938,NA,NA,NA,31479,7142,NA,0.4321,NA,NA,NA,15000,15000,84522
146603,Lewis and Clark Community College,Godfrey,IL,1,1,23,NA,NA,2487,0.6023,0.1582,4340,7840,9592,2486,9873,1,0.1008,NA,NA,NA,6751,6751,37724
146612,Lewis University,Romeoville,IL,3,2,21,0.7129,1096,4015,0.5051,0.1545,39200,39200,47313,19122,10457,0.4006,0.4217,0.7915,0.6661,0.6464,21500,21500,66099
146685,Lincoln Land Community College,Springfield,IL,1,1,41,NA,NA,3976,0.6268,0.2677,3744,10464,12379,2700,10431,0.4808,0.1791,NA,NA,NA,11011,11011,38479
146700,Lincoln College of Technology-Melrose Park,Melrose Park,IL,1,3,21,NA,NA,1539,0.256,0.2885,NA,NA,NA,12300,7030,0.9405,0.8458,NA,NA,NA,11250,11250,38683
146719,Loyola University Chicago,Chicago,IL,3,2,11,0.816,1297,11737,0.6917,0.0466,53710,53710,67408,26676,11515,0.5245,0.4481,0.8167,0.7304,0.7494,24157,24157,71530
146728,Lutheran School of Theology at Chicago,Chicago,IL,4,2,11,NA,NA,NA,NA,NA,NA,NA,NA,8010,7254,0.5238,NA,NA,NA,NA,PS,PS,NA
146755,Trinity College of Nursing & Health Sciences,Rock Island,IL,3,2,13,NA,NA,56,0.8571,0.4746,NA,NA,NA,25107,6944,0.7273,0.7797,NA,NA,NA,24000,24000,58743
146807,Steven Papageorge Hair Academy,Chicago,IL,1,3,11,NA,NA,60,0.95,0.4559,NA,NA,NA,10050,NA,NA,0.3088,NA,NA,NA,PS,PS,29592
146816,Generations College,Chicago,IL,2,2,11,NA,NA,310,0.9387,0.8486,12700,12700,25660,10585,4896,0.2381,0.2271,NA,NA,NA,25250,25250,34706
146977,McCormick Theological Seminary,Chicago,IL,4,2,11,NA,NA,NA,NA,NA,NA,NA,NA,2179,8052,1,NA,NA,NA,NA,PS,PS,NA
147004,McHenry County College,Crystal Lake,IL,1,1,41,NA,NA,4691,0.5368,0.1752,4162,14399,12345,2699,11832,0.2892,0.0148,NA,NA,NA,6260,6260,45143
147013,McKendree University,Lebanon,IL,3,2,21,0.7172,NA,1752,0.5411,0.134,34740,34740,48845,11704,7069,1,0.4179,0.6735,0.5333,0.566,23250,23250,58572
147031,Meadville Theological School of Lombard College,Chicago,IL,4,2,11,NA,NA,NA,NA,NA,NA,NA,NA,13932,9305,0.5385,NA,NA,NA,NA,PS,PS,NA
147129,Methodist College,Peoria,IL,3,2,12,0.3889,NA,245,0.902,0.6471,18008,18008,46874,20027,6350,0.5833,0.8155,NA,0.2,0.6216,31250,31250,69800
147244,Millikin University,Decatur,IL,3,2,13,0.6668,1034,1382,0.5362,0.0675,26892,26892,57475,12156,6557,0.7139,0.5575,0.75,0.5494,0.5702,27000,27000,51262
147341,Monmouth College,Monmouth,IL,3,2,32,0.9093,1128,702,0.4644,0.0083,44922,44922,57157,11427,6882,0.6915,0.7538,0.7441,0.6461,0.6221,27000,27000,51110
147369,Moody Bible Institute,Chicago,IL,3,2,11,0.8269,NA,1510,0.4583,0.2734,15786,15786,34327,8087,9213,0.3474,0.417,0.839,0.6233,0.6214,18149,18149,45399
147378,Moraine Valley Community College,Palos Hills,IL,1,1,21,NA,NA,7490,0.5418,0.1738,3822,9846,13971,3148,9006,0.3158,0.0303,NA,NA,NA,9500,9500,43892
147396,Morrison Institute of Technology,Morrison,IL,2,2,42,NA,NA,59,0.0339,0.0741,20355,20355,30436,14539,7879,NA,0.7963,NA,NA,NA,12000,12000,63571
147411,Morton College,Cicero,IL,2,1,21,NA,NA,2640,0.5795,0.2174,5502,12414,12801,2978,8855,0.3608,0.0123,NA,NA,NA,8000,8000,42406
147536,National Louis University,Chicago,IL,3,2,11,0.9505,NA,4406,0.7481,0.4055,12705,12705,24154,15106,6891,0.9815,0.2175,0.5042,0.3014,0.3324,19750,19750,45799
147590,National University of Health Sciences,Lombard,IL,3,2,21,NA,NA,13,0.7692,0.6786,NA,NA,NA,30886,5731,1,0.7143,NA,NA,NA,12500,12500,58723
147642,Cosmetology Concepts Niles,Niles,IL,1,3,21,NA,NA,31,0.9355,0.3818,NA,NA,NA,11677,NA,NA,0.3194,NA,NA,NA,PS,PS,20303
147660,North Central College,Naperville,IL,3,2,12,0.7733,1213,2428,0.5136,0.043,45726,45726,57219,16892,9075,0.574,0.4798,0.7713,0.64,0.6773,24500,24500,60123
147679,North Park University,Chicago,IL,3,2,11,0.6851,NA,1818,0.56,0.0853,36710,36710,44172,15989,8245,1,0.5019,0.6166,0.5772,0.5688,25500,25500,59572
147697,Northern Baptist Theological Seminary,Lisle,IL,4,2,21,NA,NA,NA,NA,NA,NA,NA,NA,7858,7583,0.7143,NA,NA,NA,NA,PS,PS,NA
147703,Northern Illinois University,Dekalb,IL,3,1,23,0.6979,NA,11301,0.53,0.0975,13248,13248,28851,5501,11060,0.7516,0.4672,0.6962,0.4866,0.4916,22162,22162,57808
147767,Northwestern University,Evanston,IL,3,2,13,0.0769,1533,9201,0.5432,0.0303,68322,68322,91250,35225,20322,0.8297,0.1708,0.981,0.9513,0.9551,15000,15000,89363
147776,Northeastern Illinois University,Chicago,IL,3,1,11,0.746,NA,3982,0.5731,0.3743,12383,22726,26960,7128,9265,0.6811,0.192,0.5233,0.2165,0.1849,14600,14600,52234
147800,Oakton College,Des Plaines,IL,1,1,13,NA,NA,6072,0.5074,0.3158,3985,12462,11431,2591,10670,0.2417,0.0034,NA,NA,NA,5250,5250,47852
147819,Oehrlein School of Cosmetology,East Peoria,IL,1,3,21,NA,NA,65,1,0.1343,NA,NA,NA,11000,NA,NA,0.6543,NA,NA,NA,9833,9833,18890
147828,Olivet Nazarene University,Bourbonnais,IL,3,2,23,0.5586,1117,2603,0.5409,0.0611,38900,38900,51981,13065,7582,0.4623,0.6324,0.7083,0.6084,0.6054,25000,25000,53213
147916,Parkland College,Champaign,IL,2,1,13,NA,NA,3348,0.4961,0.2313,4284,13266,14995,5858,9229,0.3592,0.1344,NA,NA,NA,8548,8548,38320
148007,Prairie State College,Chicago Heights,IL,1,1,21,NA,NA,2443,0.5993,0.3721,4176,11064,13908,2681,10268,0.2992,0.0821,NA,NA,NA,11000,11000,36696
148016,Principia College,Elsah,IL,3,2,41,NA,NA,339,0.413,0.0562,34680,34680,NA,2219,9209,0.8148,0,0.8313,0.7426,0.7513,NA,NA,NA
148098,Professional's Choice Hair Design Academy,Joliet,IL,1,3,21,NA,NA,53,0.9434,0.069,NA,NA,NA,4376,NA,NA,0.3973,NA,NA,NA,PS,PS,30341
148131,Quincy University,Quincy,IL,3,2,33,0.5093,1098,1010,0.4119,0.0398,37140,37140,50091,8607,6758,0.5041,0.5434,0.7003,0.4504,0.4395,24000,24000,50369
148256,Rend Lake College,Ina,IL,1,1,42,NA,NA,1175,0.6187,0.1764,4500,7800,16731,1660,7945,0.7208,0,NA,NA,NA,5809,5809,35775
148292,Richland Community College,Decatur,IL,1,1,13,NA,NA,1346,0.6991,0.3279,4680,17070,11483,1101,7881,0.4464,0.0682,NA,NA,NA,8256,8256,38793
148380,Rock Valley College,Rockford,IL,2,1,12,NA,NA,4359,0.5393,0.2526,4334,7379,11920,3732,7815,0.3805,0.0416,NA,NA,NA,8500,8500,39158
148405,Rockford University,Rockford,IL,3,2,12,0.9291,956,972,0.5103,0.1756,37780,37780,49169,15104,6658,0.4595,0.5713,0.6526,0.472,0.4291,22274,22274,54794
148487,Roosevelt University,Chicago,IL,3,2,11,0.9716,1011,2849,0.629,0.2073,21315,21315,35332,19377,8563,0.3117,0.5374,0.6162,0.3514,0.382,22000,22000,48712
148496,Dominican University,River Forest,IL,3,2,21,0.9032,1002,2561,0.695,0.0584,38978,38978,43891,17440,8029,0.3829,0.5002,0.7793,0.5526,0.5878,24411,24411,60327
148511,Rush University,Chicago,IL,3,2,11,NA,NA,138,0.7464,0.6167,NA,NA,NA,33744,13687,0.6062,0.4667,NA,NA,NA,21988,21988,75194
148575,Saint Francis Medical Center College of Nursing,Peoria,IL,3,2,12,NA,NA,273,0.8462,0.4232,NA,NA,NA,16671,9394,0.7826,0.2622,NA,NA,NA,15000,15000,72850
148584,University of St Francis,Joliet,IL,3,2,21,0.6529,1141,1223,0.6533,0.1907,38110,38110,46239,13652,8272,0.9655,0.7604,0.7876,0.6682,0.6569,21079,21079,63926
148593,St. John's College,Springfield,IL,3,2,12,NA,NA,126,0.9048,0.4868,NA,NA,NA,24285,6929,0.7647,0.7632,NA,NA,NA,18750,18750,86331
148627,Saint Xavier University,Chicago,IL,3,2,11,0.843,NA,3096,0.6111,0.054,37940,37940,43244,17413,8124,0.2932,0.8654,0.7573,0.5661,0.5771,22223,22223,58656
148654,University of Illinois Springfield,Springfield,IL,3,1,12,0.8588,1102,2263,0.5625,0.3284,12252,22017,25521,7696,9921,0.6038,0.3681,0.748,0.5321,0.5704,19128,19128,57103
148672,Sauk Valley Community College,Dixon,IL,1,1,41,NA,NA,1158,0.6235,0.2121,5340,12900,15273,2839,7662,0.4579,0.0747,NA,NA,NA,8250,8250,40458
148821,Shawnee Community College,Ullin,IL,1,1,42,NA,NA,698,0.6476,0.2644,4650,7500,13497,2619,8363,0.3924,0,NA,NA,NA,PS,PS,32999
148885,University of Saint Mary of the Lake,Mundelein,IL,4,2,21,NA,NA,NA,NA,NA,NA,NA,NA,43130,8600,1,NA,NA,NA,NA,PS,PS,NA
148937,Southeastern Illinois College,Harrisburg,IL,1,1,42,NA,NA,680,0.5676,0.2464,4560,6780,16113,1325,7196,0.5059,0,NA,NA,NA,PS,PS,33763
148982,Spertus College,Chicago,IL,4,2,11,NA,NA,NA,NA,NA,NA,NA,NA,5301,20167,0.0417,NA,NA,NA,NA,PS,PS,NA
148991,Spoon River College,Canton,IL,1,1,41,NA,NA,774,0.6796,0.2498,6090,13500,12217,4685,6925,0.3448,0.0718,NA,NA,NA,PS,PS,38386
149028,Saint Anthony College of Nursing,Rockford,IL,3,2,12,NA,NA,172,0.9012,0.4539,27811,27811,NA,23203,7940,0.549,0.5592,1,NA,NA,20000,20000,77709
149204,Educators of Beauty College of Cosmetology-Sterling,Sterling,IL,1,3,32,NA,NA,59,1,0.1404,NA,NA,NA,13332,NA,NA,0.7024,NA,NA,NA,9833,9833,21463
149222,Southern Illinois University-Carbondale,Carbondale,IL,3,1,32,0.8688,1055,8494,0.5213,0.1902,13334,13334,28329,9441,8501,0.7949,0.4465,0.668,0.6241,0.5904,21543,21543,53390
149231,Southern Illinois University Edwardsville,Edwardsville,IL,3,1,21,0.975,1100,8750,0.5766,0.1245,12922,12922,28919,10083,9158,0.7204,0.3835,0.757,0.5697,0.5595,20500,20500,56346
149310,Taylor Business Institute,Chicago,IL,2,3,11,0.9123,NA,98,0.3367,0.6105,12000,12000,22775,10755,3638,0.4286,0.0247,NA,NA,NA,PS,PS,25559
149329,Telshe Yeshiva-Chicago,Chicago,IL,3,2,11,1,NA,78,0,NA,15000,15000,23300,35526,4019,0.8889,0,0.8889,0,0.0256,PS,PS,NA
149365,South Suburban College,South Holland,IL,1,1,21,NA,NA,2042,0.6783,0.2912,5093,12683,10834,1234,8560,0.3247,0,NA,NA,NA,PS,PS,33680
149505,Trinity Christian College,Palos Heights,IL,3,2,21,0.8492,1157,820,0.5695,0.0883,20605,20605,35012,13344,7524,0.472,0.555,0.8145,0.5752,0.6104,25009,25009,55700
149514,Trinity International University-Illinois,Deerfield,IL,3,2,21,1,NA,55,0.2727,0.5286,12320,12320,16515,10914,6689,0.2844,0.6143,0.125,0.461,0.4589,26082,26082,46989
149532,Triton College,River Grove,IL,1,1,21,NA,NA,6902,0.479,0.3403,5070,15330,12235,3109,8630,0.2913,0.0174,NA,NA,NA,9413,9413,41728
149550,University of Spa & Cosmetology Arts,Springfield,IL,1,3,12,NA,NA,164,0.8841,0.5818,NA,NA,NA,8123,NA,NA,0.4939,NA,NA,NA,4584,4584,27084
149639,VanderCook College of Music,Chicago,IL,3,2,11,0.8947,NA,76,0.4605,0.0808,30910,30910,44613,16627,6945,0.1146,0.4242,0.8824,0.6667,0.5882,27000,PS,47863
149727,Waubonsee Community College,Sugar Grove,IL,2,1,41,NA,NA,5721,0.552,0.259,3504,10477,19336,2886,12797,0.1954,0.0628,NA,NA,NA,7000,7000,44788
149772,Western Illinois University,Macomb,IL,3,1,33,0.7118,NA,4410,0.5878,0.1626,15264,15264,28254,6193,10238,0.8537,0.3174,0.6137,0.4522,0.4497,25251,25251,54163
149781,Wheaton College,Wheaton,IL,3,2,21,0.874,1380,2121,0.5427,0.0076,45546,45546,59263,19402,10473,0.6297,0.4332,0.9259,0.8475,0.8563,23250,23250,63756
149842,William Rainey Harper College,Palatine,IL,1,1,21,NA,NA,9313,0.5632,0.2951,3894,11874,19288,4633,11424,0.3554,0.0201,NA,NA,NA,10184,10184,48071
150066,Anderson University,Anderson,IN,3,2,13,0.7934,1035,1057,0.4834,0.0685,37240,37240,51585,12517,6746,0.9759,0.5826,0.5993,0.5379,0.5175,27000,27000,48899
150136,Ball State University,Muncie,IN,3,1,13,0.855,1160,13988,0.6082,0.0561,11082,29630,26146,8871,8408,0.767,0.4262,0.777,0.6234,0.6282,23250,23250,51833
150145,Bethel University,Mishawaka,IN,3,2,13,0.9766,1014,1008,0.5615,0.1256,34600,34600,43885,12412,6402,1,0.4578,0.724,0.5322,0.5496,25000,25000,48860
150163,Butler University,Indianapolis,IN,3,2,11,0.8508,1274,4317,0.6002,0.0131,47560,47560,65970,20522,9694,0.9975,0.4266,0.8749,0.8038,0.8028,26000,26000,77235
150172,Calumet College of Saint Joseph,Whiting,IN,3,2,21,NA,NA,529,0.327,0.2821,23850,23850,32968,15157,6093,0.2955,0.5429,0.4228,0.2286,0.2624,21534,21534,46945
150215,Christian Theological Seminary,Indianapolis,IN,4,2,11,NA,NA,NA,NA,NA,NA,NA,NA,3452,7146,1,NA,NA,NA,NA,PS,PS,NA
150251,College of Court Reporting Inc,Valparaiso,IN,2,3,23,NA,NA,175,0.9543,0.9058,10080,10080,43083,11460,9885,NA,0.6911,NA,NA,NA,PS,PS,43927
150288,Concordia Theological Seminary,Fort Wayne,IN,4,2,11,NA,NA,NA,NA,NA,NA,NA,NA,6743,7516,0.8077,NA,NA,NA,NA,PS,PS,NA
150303,Tricoci University of Beauty Culture-Highland,Highland,IN,1,3,21,NA,NA,319,0.9843,0.3596,NA,NA,NA,13634,NA,NA,0.6515,NA,NA,NA,7307,7307,22374
150400,DePauw University,Greencastle,IN,3,2,32,0.5719,1340,1905,0.5008,0.0016,59070,59070,74320,16605,10094,0.8542,0.317,0.8858,0.7469,0.7741,27000,27000,70527
150428,Don Roberts School of Hair Design,Schererville,IN,1,3,21,NA,NA,25,0.96,0.3333,NA,NA,NA,17289,NA,NA,0.4583,NA,NA,NA,8025,PS,19976
150455,Earlham College,Richmond,IN,3,2,32,0.7311,1219,670,0.5254,0.0126,53930,53930,67684,12655,8169,0.9583,0.4331,0.7723,0.69,0.6846,23488,23488,50797
150534,University of Evansville,Evansville,IN,3,2,12,0.776,NA,1539,0.6017,0.062,44172,44172,57451,14935,8723,0.9244,0.4124,0.8333,0.6446,0.6766,24606,24606,53770
150604,Franklin College,Franklin,IN,3,2,21,0.698,1145,900,0.4989,0.0373,38710,38710,54178,12801,7146,0.729,0.5423,0.7294,0.603,0.6184,27000,27000,55376
150668,Goshen College,Goshen,IN,3,2,13,0.8407,950,773,0.5821,0.1475,38890,38890,48449,14697,6513,0.5804,0.4748,0.8013,0.65,0.6265,22974,22974,51943
150677,Grace College and Theological Seminary,Winona Lake,IN,3,2,32,0.8215,1119,1464,0.5943,0.0473,31200,31200,41838,8558,7538,0.9848,0.4975,0.7737,0.6877,0.6937,19500,19500,45411
150756,Hanover College,Hanover,IN,3,2,32,0.837,1201,1031,0.5005,0.0021,44638,44638,58821,17481,8708,1,0.5166,0.8182,0.6713,0.6538,25250,25250,53957
150765,J Michael Harrold Beauty Academy,Terre Haute,IN,1,3,13,NA,NA,88,1,0.2574,NA,NA,NA,8903,NA,NA,0.6772,NA,NA,NA,6650,6650,26999
150774,Holy Cross College,Notre Dame,IN,3,2,21,0.7518,NA,639,0.3349,0.0932,36600,36600,50881,14360,7176,0.4217,0.7065,0.7039,0.7289,0.4972,24000,24000,50416
150853,PJ's College of Cosmetology-Clarksville,Clarksville,IN,1,3,21,NA,NA,125,0.968,0.2703,NA,NA,NA,12320,NA,NA,0.4475,NA,NA,NA,8289,8289,22402
150941,Huntington University,Huntington,IN,3,2,32,0.7564,1052,1082,0.6118,0.0552,31870,31870,42157,13566,6692,1,0.3904,0.8381,0.636,0.6579,25576,25576,46672
150987,Ivy Tech Community College,Indianapolis,IN,1,1,11,NA,NA,58267,0.5534,0.2661,5154,9935,15370,2316,6596,0.3347,0.0683,NA,NA,NA,10727,10727,37186
151102,Purdue University Fort Wayne,Fort Wayne,IN,3,1,11,0.8389,1100,5484,0.4785,0.099,9532,22887,22183,8890,8912,0.9755,0.2402,0.6657,0.3627,0.3438,21500,21500,45872
151111,Indiana University-Indianapolis,Indianapolis,IN,3,1,11,0.7637,1139,13830,0.6726,0.1568,10762,34891,23316,12662,9620,0.5255,0.3316,0.7219,0.5445,0.5414,20000,20000,55198
151263,University of Indianapolis,Indianapolis,IN,3,2,11,0.665,NA,3005,0.5884,0.0859,37200,37200,52590,15956,8128,1,0.3816,0.7104,0.5582,0.5582,26864,26864,53610
151290,Indiana Institute of Technology,Fort Wayne,IN,3,2,11,0.7039,NA,1441,0.3963,0.0164,31361,31361,45879,7432,9234,1,0.689,0.5941,0.4779,0.378,26391,26391,47327
151306,University of Southern Indiana,Evansville,IN,1,1,22,0.9581,1141,5292,0.63,0.0786,10066,22907,22383,6624,8089,1,0.2579,0.75,0.4818,0.5011,20105,20105,47605
151324,Indiana State University,Terre Haute,IN,3,1,13,0.8077,NA,6188,0.557,0.1905,10258,22322,24535,6325,8104,0.6774,0.2599,0.6585,0.4288,0.4192,24000,24000,48387
151333,Indiana University-Kokomo,Kokomo,IN,3,1,13,0.8648,1065,2352,0.6679,0.181,8424,22811,11837,6114,7243,0.5551,0.3007,0.6934,0.4561,0.452,16961,16961,49917
151342,Indiana University-South Bend,South Bend,IN,3,1,12,0.8384,1081,3933,0.654,0.2042,8424,22811,17364,6412,7053,0.6033,0.3494,0.6509,0.4009,0.3786,21355,21355,44947
151351,Indiana University-Bloomington,Bloomington,IN,3,1,13,0.7821,1313,37806,0.4993,0.0127,12144,41891,28801,19615,12043,0.8341,0.2695,0.9106,0.8021,0.8069,19509,19509,63742
151360,Indiana University-Northwest,Gary,IN,3,1,21,0.7339,1055,2661,0.7377,0.2422,8424,22811,13989,6255,7562,0.4838,0.3366,0.7136,0.3738,0.3713,21710,21710,43361
151379,Indiana University-Southeast,New Albany,IN,3,1,21,0.8446,1072,3170,0.6224,0.2152,8424,22811,16411,6790,7962,0.5145,0.294,0.6377,0.3919,0.3642,19684,19684,47596
151388,Indiana University-East,Richmond,IN,3,1,32,0.6722,1061,2589,0.6647,0.3929,8424,22811,16954,6829,8046,0.4257,0.3361,0.6176,0.3958,0.4228,18000,18000,47156
151467,Vet Tech Institute of Indiana,Indianapolis,IN,2,3,11,0.7519,NA,123,0.935,0.1241,17170,17170,23846,16280,3258,0.9,0.8345,NA,NA,NA,12000,12000,38146
151564,Taylor Institute of Cosmetology II,Knox,IN,1,3,42,NA,NA,44,1,0.1111,NA,NA,NA,4211,NA,NA,0,NA,NA,NA,PS,PS,14236
151607,Tricoci University of Beauty Culture-Lafayette,Lafayette,IN,1,3,13,NA,NA,126,0.9762,0.3908,NA,NA,NA,13154,NA,NA,0.7027,NA,NA,NA,7307,7307,26446
151661,Lincoln College of Technology-Indianapolis,Indianapolis,IN,1,3,11,NA,NA,1052,0.1749,0.3018,NA,NA,NA,15130,5229,0.899,0.7289,NA,NA,NA,11730,11730,46396
151777,Manchester University,North Manchester,IN,3,2,32,0.7106,NA,936,0.4786,0.0339,37135,37135,49993,16690,8154,0.7121,0.7005,0.6632,0.4608,0.4547,26854,26854,51504
151786,Marian University,Indianapolis,IN,3,2,11,0.9546,NA,2266,0.5724,0.2095,40664,40664,56258,20150,7727,0.3822,0.6609,0.7588,0.6722,0.6444,27000,27000,58759
151801,Indiana Wesleyan University-Marion,Marion,IN,3,2,32,0.8894,1082,1974,0.6018,0.0135,32352,32352,44776,16151,8247,1,0.7124,0.829,0.6671,0.6651,24250,24250,59986
151865,Anabaptist Mennonite Biblical Seminary,Elkhart,IN,4,2,13,NA,NA,NA,NA,NA,NA,NA,NA,4549,6948,0.75,NA,NA,NA,NA,PS,PS,NA
151962,Mid-America College of Funeral Service,Jeffersonville,IN,2,2,21,NA,NA,279,0.7634,0.7122,19000,19000,35453,11773,5073,0.3939,0.6677,NA,0.3214,0.4832,16666,16666,44505
152080,University of Notre Dame,Notre Dame,IN,3,2,21,0.1127,1520,8818,0.4873,0.0014,65025,65025,83271,27140,16830,0.8813,0.2467,0.9908,0.9517,0.96,19000,19000,99980
152099,Oakland City University,Oakland City,IN,3,2,42,0.8251,NA,499,0.3808,0.0824,27900,27900,42441,4802,6073,0.3718,0.424,0.7769,0.6552,0.6759,16758,16758,43283
152150,PJ's College of Cosmetology-Richmond,Richmond,IN,1,3,32,NA,NA,55,1,0.2676,NA,NA,NA,12149,NA,NA,0.4889,NA,NA,NA,9833,9833,24039
152275,Ravenscroft Beauty College,Fort Wayne,IN,1,3,11,NA,NA,104,0.6827,0.5439,NA,NA,NA,11395,NA,NA,0.5585,NA,NA,NA,7389,7389,23187
152309,Rogers Academy of Hair Design,Evansville,IN,1,3,12,NA,NA,72,0.7639,0.2772,NA,NA,NA,11133,NA,NA,0.558,NA,NA,NA,12652,12652,22590
152318,Rose-Hulman Institute of Technology,Terre Haute,IN,3,2,13,0.7686,1427,2309,0.2443,0.0049,58649,58649,77890,23764,11761,0.9567,0.4143,0.9167,0.7816,0.8002,25000,25000,101253
152336,University of Saint Francis-Fort Wayne,Fort Wayne,IN,3,2,11,0.9597,981,1567,0.6726,0.1493,36460,36460,47223,18747,7265,0.9548,0.614,0.7072,0.5497,0.5821,25976,25976,55362
152381,Saint Mary-of-the-Woods College,Saint Mary of the Woods,IN,3,2,41,0.7239,NA,853,0.6858,0.2795,35270,35270,49512,13896,5652,0.2555,0.4833,0.6184,0.4663,0.4915,19512,19512,43845
152390,Saint Mary's College,Notre Dame,IN,3,2,21,0.7597,1246,1458,1,0.007,53230,53230,66478,18140,7935,0.6897,0.5604,0.881,0.6933,0.7274,27000,27000,59354
152451,Saint Meinrad School of Theology,St. Meinrad,IN,4,2,43,NA,NA,NA,NA,NA,NA,NA,NA,28492,9847,1,NA,NA,NA,NA,PS,PS,NA
152497,Saint Elizabeth School of Nursing,Lafayette,IN,1,2,13,0.8889,NA,145,0.9448,0.4351,20208,20208,32407,8077,NA,NA,0.6641,NA,NA,NA,26213,26213,65230
152530,Taylor University,Upland,IN,3,2,42,0.7353,1220,2025,0.5407,0.0063,40490,40490,53405,14948,7744,0.6449,0.2909,0.8929,0.7381,0.7508,20500,20500,52198
152567,Trine University,Angola,IN,3,2,32,0.8548,NA,2324,0.3903,0.0089,36560,36560,51109,25024,8043,0.2222,0.3878,0.7994,0.6438,0.6594,25000,25000,57165
152600,Valparaiso University,Valparaiso,IN,3,2,23,0.8943,1178,2083,0.5675,0.0373,48450,48450,58437,14938,8127,0.7044,0.5193,0.754,0.7037,0.6865,26942,26942,63191
152628,Vincennes Beauty College,Vincennes,IN,1,3,33,NA,NA,27,1,0.2353,NA,NA,NA,3563,NA,NA,0.0862,NA,NA,NA,PS,PS,20064
152637,Vincennes University,Vincennes,IN,1,1,33,NA,NA,3657,0.475,0.0651,7126,16858,21310,2298,6766,0.2185,0.0744,0.5,0.3892,0.367,12000,12000,41110
152673,Wabash College,Crawfordsville,IN,3,2,32,0.633,1180,866,0,0.0012,50800,50800,65144,13065,9533,0.9583,0.6178,0.9295,0.7701,0.7703,27000,27000,69952
152798,Allen College,Waterloo,IA,3,2,13,NA,NA,261,0.9234,0.1649,NA,NA,NA,18300,8203,0.6133,0.6846,NA,NA,NA,18750,18750,71261
152992,Briar Cliff University,Sioux City,IA,3,2,13,NA,NA,624,0.4599,0.1113,36956,36956,51493,12389,6888,0.6263,0.4809,0.6424,0.4751,0.4838,23250,23250,54475
153001,Buena Vista University,Storm Lake,IA,3,2,33,0.7761,1120,1366,0.6347,0.2968,41798,41798,54222,12132,6912,0.3252,0.6706,0.7604,0.6169,0.5446,25000,25000,49156
153074,Capri College-Dubuque,Dubuque,IA,1,3,13,NA,NA,165,0.9758,0.183,NA,NA,NA,8027,NA,NA,0.4878,NA,NA,NA,7600,7600,28266
153083,Capri College-Cedar Rapids,Cedar Rapids,IA,1,3,12,NA,NA,129,0.969,0.2266,NA,NA,NA,7959,NA,NA,0.5349,NA,NA,NA,7600,7600,29307
153108,Central College,Pella,IA,3,2,32,0.8617,1147,1070,0.4514,0.0119,20988,20988,37773,13046,7780,0.8108,0.7023,0.7993,0.6619,0.6778,26984,26984,54317
153126,Clarke University,Dubuque,IA,3,2,13,0.7183,1054,742,0.4596,0.07,40910,40910,55782,18103,6842,0.6581,0.7384,0.6734,0.5612,0.5559,26717,26717,55396
153144,Coe College,Cedar Rapids,IA,3,2,12,0.6404,1223,1164,0.4957,0.0172,54666,54666,67372,11916,7291,1,0.6784,0.727,0.659,0.6242,27000,27000,57125
153162,Cornell College,Mount Vernon,IA,3,2,31,0.799,1234,1086,0.4632,0.0037,52660,52660,66249,14291,7926,1,0.6534,0.7953,0.6182,0.6678,27000,27000,53460
153214,Des Moines Area Community College,Ankeny,IA,1,1,21,NA,NA,10446,0.5837,0.1623,5790,6690,16204,3357,8193,0.9947,0.1119,NA,NA,NA,11000,11000,41018
153241,Divine Word College,Epworth,IA,3,2,42,NA,NA,64,0.4844,0.8852,15600,15600,NA,9062,7261,0.6786,0,0.3333,1,PS,PS,PS,NA
153250,Dordt University,Sioux Center,IA,3,2,33,0.6847,1221,1597,0.5041,0.0142,37050,37050,51733,15299,7251,0.5934,0.4088,0.8465,0.7014,0.6763,21500,21500,52559
153269,Drake University,Des Moines,IA,3,2,12,0.6385,1292,2543,0.6079,0.0333,52130,52130,64835,20936,10431,0.7226,0.4445,0.8409,0.7403,0.7568,23000,23000,71901
153278,University of Dubuque,Dubuque,IA,3,2,13,0.8863,1110,1440,0.3938,0.153,42095,42095,53806,27005,7559,1,0.7019,0.7656,0.4008,0.4056,25750,25750,51190
153296,Ellsworth Community College,Iowa Falls,IA,2,1,33,NA,NA,499,0.487,0.0832,5496,6504,18804,5073,7806,1,0.3606,NA,NA,NA,10000,10000,40562
153302,Emmaus Bible College,Dubuque,IA,1,2,13,0.5979,1161,224,0.4732,0.0964,20800,20800,30971,9201,5171,0.641,0.269,0.8293,0.8298,0.8224,15750,PS,42631
153311,Eastern Iowa Community College District,Davenport,IA,1,1,12,NA,NA,3520,0.6776,0.2047,4848,6456,19170,2639,6411,1,0.1712,NA,NA,NA,12739,12739,39060
153320,Faith Baptist Bible College and Theological Seminary,Ankeny,IA,3,2,21,0.6752,1109,405,0.5407,0.0541,20270,20270,32722,8449,5909,0.4231,0.2085,0.7662,0.6753,0.6395,12971,12971,40650
153366,Graceland University-Lamoni,Lamoni,IA,3,2,43,0.8083,NA,798,0.4123,0.1153,20950,20950,48294,11374,6885,1,0.7758,0.5504,0.4195,0.4019,21212,21212,47361
153375,Grand View University,Des Moines,IA,3,2,12,0.9909,NA,1486,0.5471,0.1281,34762,34762,48522,13484,7384,0.411,0.7154,0.7015,0.5399,0.5489,22500,22500,52824
153384,Grinnell College,Grinnell,IA,3,2,33,0.1451,1486,1729,0.5437,0.0017,68106,68106,83440,20730,12576,0.8149,0.1273,0.9256,0.8812,0.878,17500,17500,62830
153427,Orion Technical College,Davenport,IA,1,3,12,NA,NA,41,0.5854,0.4932,15600,15600,30641,15219,4148,NA,0.4247,NA,0.8065,0.8056,9500,9500,37008
153445,Hawkeye Community College,Waterloo,IA,2,1,41,NA,NA,2626,0.5963,0.1382,6525,6612,14901,3996,6453,0.9565,0.2308,NA,NA,NA,12000,12000,42849
153463,American Hair Academy,Mt. Pleasant,IA,1,3,33,NA,NA,25,0.8,0.3333,NA,NA,NA,7156,NA,NA,0.5313,NA,NA,NA,PS,PS,28724
153472,Indian Hills Community College,Ottumwa,IA,2,1,33,NA,NA,1495,0.5478,0.0921,5040,6120,17791,4586,6348,0.4389,0.1891,NA,NA,NA,10500,10500,40507
153524,Iowa Central Community College,Fort Dodge,IA,2,1,33,NA,NA,3103,0.5369,0.1664,5496,7788,15222,5038,8631,1,0.3579,NA,NA,NA,11000,11000,42046
153533,Iowa Lakes Community College,Estherville,IA,2,1,33,NA,NA,941,0.4655,0.0939,7392,7872,20120,4588,6414,0.9846,0.1828,NA,NA,NA,12000,12000,43108
153542,UnityPoint Health-Des Moines School of Radiologic Technology,Des Moines,IA,1,2,12,NA,NA,16,0.875,0.1875,NA,NA,NA,2944,NA,NA,0.5625,NA,NA,NA,PS,PS,NA
153597,Iowa School of Beauty-Des Moines,Des Moines,IA,1,3,21,NA,NA,74,1,0.3378,NA,NA,NA,12222,NA,NA,0.5034,NA,NA,NA,6333,6333,25803
153603,Iowa State University,Ames,IA,3,1,13,0.8866,1204,25367,0.448,0.0343,10787,28881,24018,13530,12702,0.843,0.4334,0.8757,0.7532,0.7539,22869,22869,63386
153630,Iowa Western Community College,Council Bluffs,IA,2,1,21,NA,NA,2916,0.5583,0.1379,6930,7080,18978,4896,6700,0.3345,0.1999,NA,NA,NA,11033,11033,42793
153658,University of Iowa,Iowa City,IA,3,1,13,0.8362,1200,22264,0.5665,0.0503,11283,33371,28596,16247,12922,0.8758,0.4185,0.9036,0.7463,0.7385,22500,22500,64762
153737,Kirkwood Community College,Cedar Rapids,IA,2,1,12,NA,NA,7591,0.5823,0.1638,6176,8220,15579,3592,8363,0.9957,0.2098,NA,NA,NA,12000,12000,41016
153746,La James International College-Cedar Falls,Cedar Falls,IA,1,3,13,NA,NA,54,0.9815,0.35,NA,NA,NA,9604,NA,NA,0.7826,NA,NA,NA,PS,PS,25575
153764,La James International College-Johnston,Johnston,IA,1,3,21,NA,NA,141,0.9716,0.3186,NA,NA,NA,9412,NA,NA,0.6684,NA,NA,NA,PS,PS,27401
153773,La James College of Hairstyling and Cosmetology,Mason City,IA,1,3,33,NA,NA,56,0.9821,0.4107,NA,NA,NA,8914,NA,NA,0.8105,NA,NA,NA,6930,6930,27484
153782,La James International College-Ft Dodge,Fort Dodge,IA,1,3,33,NA,NA,22,0.9091,0.35,NA,NA,NA,8825,NA,NA,0.7188,NA,NA,NA,PS,PS,26679
153825,Loras College,Dubuque,IA,3,2,13,0.9986,NA,1083,0.4146,0.0513,39824,39824,50537,14121,7039,0.7398,0.5805,0.8228,0.676,0.6869,26000,26000,58289
153834,Luther College,Decorah,IA,3,2,33,0.7154,1218,1379,0.5207,0.0048,52120,52120,65461,15425,8115,0.8765,0.648,0.7699,0.7112,0.7299,27000,27000,59850
153861,Maharishi International University,Fairfield,IA,3,2,33,0.957,NA,922,0.7863,0.7516,16530,16530,27892,13009,4582,0.938,0.6525,0.6129,0.5,0.3429,24781,24781,27981
153922,Marshalltown Community College,Marshalltown,IA,2,1,32,NA,NA,788,0.5165,0.0941,5496,6504,14425,4203,7992,1,0.1081,NA,NA,NA,9500,9500,41010
153977,Mercy College of Health Sciences,Des Moines,IA,3,2,12,0.9971,980,867,0.8731,0.5039,17664,17664,34398,16277,6328,0.3864,0.6331,0.6923,0.6552,0.5625,14745,14745,62234
154004,Morningside University,Sioux City,IA,3,2,13,0.7104,NA,1163,0.5116,0.0552,39660,39660,52577,13826,7538,1,0.6604,0.7418,0.5014,0.5151,26028,26028,55494
154013,Mount Mercy University,Cedar Rapids,IA,3,2,12,0.8252,NA,1107,0.5863,0.173,40878,40878,55054,13626,6815,1,0.5342,0.7277,0.5774,0.5681,23699,23699,60787
154022,The University of Arizona Global Campus,Chandler,AZ,3,1,11,NA,NA,20152,0.6104,0.8635,11960,11960,37594,7437,7113,0.0499,0.332,0.3473,0.1068,0.0974,31250,31250,35404
154059,North Iowa Area Community College,Mason City,IA,1,1,41,NA,NA,1320,0.525,0.1024,6653,9551,17040,5707,7565,1,0.2036,NA,NA,NA,9500,9500,43462
154095,University of Northern Iowa,Cedar Falls,IA,3,1,13,0.9274,1122,7529,0.613,0.093,9936,21712,22278,6428,8542,0.7037,0.4639,0.8166,0.6792,0.6845,19691,19691,55177
154101,Northwestern College,Orange City,IA,3,2,32,0.8036,NA,1175,0.5234,0.0899,36710,36710,49783,13300,7580,0.9877,0.5611,0.735,0.6605,0.6479,23249,23249,49802
154110,Northeast Iowa Community College,Calmar,IA,2,1,42,NA,NA,1697,0.6635,0.1453,6780,7770,17838,4675,6765,0.4134,0.1476,NA,NA,NA,12000,12000,41306
154129,Northwest Iowa Community College,Sheldon,IA,2,1,33,NA,NA,864,0.5255,0.1451,7350,7650,20414,4545,6361,1,0.1311,NA,NA,NA,9500,9500,50776
154156,Des Moines University-Osteopathic Medical Center,West Des Moines,IA,4,2,41,NA,NA,NA,NA,NA,NA,NA,NA,44505,9042,0.4545,NA,NA,NA,NA,PS,PS,NA
154174,Palmer College of Chiropractic,Davenport,IA,3,2,12,NA,NA,43,0.3256,0.1957,NA,NA,NA,30569,6492,0.8943,0.6383,NA,NA,PS,PS,PS,59483
154208,PCI Academy-Ames,Ames,IA,1,3,13,NA,NA,176,0.9716,0.1294,NA,NA,NA,14995,NA,NA,0.5341,NA,NA,NA,5828,5828,31330
154235,Saint Ambrose University,Davenport,IA,3,2,12,0.7733,1093,1916,0.5308,0.114,36658,36658,51141,18638,7663,1,0.6443,0.7577,0.6103,0.6197,25000,25000,59531
154262,St Luke's College,Sioux City,IA,2,2,13,0.8,980,167,0.9222,0.4235,24175,24175,27647,17678,6529,0.6389,0.7704,NA,1,PS,15000,15000,61033
154332,La James International College-Davenport,Davenport,IA,1,3,12,NA,NA,127,0.9685,0.4228,NA,NA,NA,10138,NA,NA,0.7009,NA,NA,NA,PS,PS,23303
154350,Simpson College,Indianola,IA,3,2,31,0.8622,1440,1227,0.4955,0.0553,47656,47656,61227,12731,6723,0.5161,0.7061,0.8129,0.6333,0.6439,26000,26000,59274
154378,Southeastern Community College,West Burlington,IA,1,1,33,NA,NA,1699,0.6263,0.1936,6420,6570,17371,3994,7383,1,0.2041,NA,NA,NA,12000,12000,36882
154396,Southwestern Community College,Creston,IA,1,1,33,NA,NA,729,0.6283,0.1433,8064,8316,16951,4203,5608,0.4211,0.2156,NA,NA,NA,10975,10975,40129
154448,Capri College-Davenport,Davenport,IA,1,3,12,NA,NA,135,0.9852,0.1972,NA,NA,NA,9861,NA,NA,0.4974,NA,NA,NA,7600,7600,26932
154457,Iowa School of Beauty-Sioux City,Sioux City,IA,1,3,13,NA,NA,67,0.9701,0.275,NA,NA,NA,12703,NA,NA,0.5972,NA,NA,NA,13389,PS,26654
154466,SOHO Hair Academy,Council Bluffs,IA,1,3,21,NA,NA,66,0.9848,0.3,NA,NA,NA,2672,NA,NA,0.8816,NA,NA,NA,9425,9425,17349
154493,Upper Iowa University,Fayette,IA,3,2,43,0.9646,1090,1994,0.5888,0.6462,19475,19475,34022,11095,6035,1,0.4046,0.6774,0.3389,0.3803,25000,25000,52766
154518,Waldorf University,Forest City,IA,3,2,43,0.7698,NA,1827,0.3711,0.6321,25978,25978,39675,11289,5766,0.3701,0.3934,0.4414,0.2114,0.2404,18752,18752,51165
154527,Wartburg College,Waverly,IA,3,2,32,0.7584,1136,1452,0.4456,0.0096,26250,26250,64359,15796,7194,1,0.6726,0.7571,0.643,0.6554,27000,27000,56201
154536,Wartburg Theological Seminary,Dubuque,IA,4,2,13,NA,NA,NA,NA,NA,NA,NA,NA,3803,6938,1,NA,NA,NA,NA,PS,PS,NA
154545,The Salon Professional Academy-Cedar Falls,Cedar Falls,IA,1,3,13,NA,NA,91,0.3626,0.4158,NA,NA,NA,8782,NA,NA,0.4341,NA,NA,NA,12500,12500,20955
154572,Western Iowa Tech Community College,Sioux City,IA,1,1,13,NA,NA,2647,0.6422,0.2049,5186,5330,14894,3806,6975,0.2321,0.1729,NA,NA,NA,11000,11000,40473
154590,William Penn University,Oskaloosa,IA,3,2,33,0.5188,984,1301,0.4673,0.2208,29750,29750,42874,10611,6394,1,0.8772,0.5816,0.3262,0.3095,22415,22415,48936
154642,Allen County Community College,Iola,KS,2,1,33,NA,NA,810,0.6012,0.1304,4260,4860,14024,2815,6547,0.2321,0.0837,NA,NA,NA,6954,6954,40059
154688,Baker University,Baldwin City,KS,3,2,42,0.9419,NA,1100,0.5264,0.1139,35300,35300,50918,12697,6570,0.2315,0.4434,0.658,0.5779,0.586,25000,25000,63855
154697,Barton County Community College,Great Bend,KS,1,1,41,NA,NA,2455,0.5568,0.3776,3680,4960,15356,3224,6723,0.9677,0.079,NA,NA,NA,9501,9501,40428
154712,Benedictine College,Atchison,KS,3,2,32,0.9812,1252,2272,0.4947,0.0125,36350,36350,52206,14225,8331,1,0.4906,0.8323,0.6158,0.631,24599,24599,53175
154721,Bethany College,Lindsborg,KS,3,2,43,0.56,NA,569,0.3357,0.0314,33000,33000,53738,11011,4596,1,0.7017,0.4253,0.3574,0.3228,23250,23250,49694
154749,Bethel College-North Newton,North Newton,KS,3,2,32,0.935,NA,504,0.494,0.0159,35014,35014,52193,15254,6033,0.5735,0.7058,0.6188,0.4112,0.4217,24000,24000,49898
154800,Butler Community College,El Dorado,KS,2,1,32,NA,NA,5104,0.6313,0.2592,3541,6271,21295,3831,7044,1,0.177,NA,NA,NA,10500,10500,41206
154855,Central Christian College of Kansas,McPherson,KS,3,2,33,0.5271,NA,380,0.4368,0.2746,21000,21000,33327,11194,4534,0.1967,0.6979,0.45,0.2697,0.2485,27000,27000,44468
154907,Cloud County Community College,Concordia,KS,1,1,41,NA,NA,762,0.605,0.1028,3540,4500,17584,4352,5230,0.3654,0.0718,NA,NA,NA,8000,8000,39883
154925,Coffeyville Community College,Coffeyville,KS,1,1,33,NA,NA,850,0.4047,0.1954,3600,4680,11863,6435,6706,0.6429,0.2206,NA,NA,NA,8103,8103,35246
154934,Colby Community College,Colby,KS,1,1,33,NA,NA,838,0.6897,0.2204,4140,5830,13160,3481,6017,0.9388,0.1796,NA,NA,NA,8908,8908,41889
154952,Cowley County Community College,Arkansas City,KS,1,1,32,NA,NA,1543,0.6066,0.2516,4800,6600,13534,2641,5657,1,0.2155,NA,NA,NA,8000,8000,37723
154998,Dodge City Community College,Dodge City,KS,1,1,33,NA,NA,1106,0.4846,0.1639,4650,5850,10189,6244,6371,1,0.1611,NA,NA,NA,8800,8800,45427
155007,Donnelly College,Kansas City,KS,2,2,12,NA,NA,395,0.7924,0.5616,10440,10440,21659,7968,4489,0.5,0.3524,0.5789,0.4583,0.4184,11842,11842,35715
155025,Emporia State University,Emporia,KS,3,1,33,0.9771,1120,2239,0.6405,0.1053,7106,15419,21967,6804,6918,0.913,0.59,0.7685,0.561,0.5524,19500,19500,47601
155052,Flint Hills Technical College,Emporia,KS,1,1,33,NA,NA,352,0.5284,0.0519,6400,6400,20965,7570,5769,1,0.0628,NA,NA,NA,6625,6625,47007
155061,Fort Hays State University,Hays,KS,3,1,33,0.9026,1089,9733,0.6202,0.2392,5923,17741,19909,6443,7997,0.5147,0.243,0.7688,0.477,0.4778,21000,21000,48928
155070,Barclay College,Haviland,KS,3,2,43,0.5098,NA,168,0.4643,0.3804,24590,24590,42890,14167,6275,0.7692,0.5207,0.5238,0.3226,0.4333,27000,27000,36355
155089,Friends University,Wichita,KS,3,2,11,0.5522,1080,1048,0.4981,0.0945,34192,34192,50482,11185,7013,0.3144,0.5788,0.6545,0.4335,0.5245,25000,25000,52113
155098,Fort Scott Community College,Fort Scott,KS,1,1,33,NA,NA,693,0.5123,0.0751,3390,3840,12669,1514,4584,0.4722,0.2445,NA,NA,NA,9500,9500,37213
155104,Garden City Community College,Garden City,KS,1,1,33,NA,NA,1474,0.5529,0.1239,3690,4320,15071,2053,7166,1,0.1066,NA,NA,NA,6500,6500,41704
155140,Haskell Indian Nations University,Lawrence,KS,2,1,13,0.9036,NA,978,0.5613,0.1593,600,600,9581,104,7191,NA,0,NA,0.1795,0.305,PS,PS,37043
155159,Hays Academy of Hair Design,Hays,KS,1,3,33,NA,NA,83,0.9639,0.0541,NA,NA,NA,8481,NA,NA,0.4538,NA,NA,NA,9833,9833,23712
155177,Hesston College,Hesston,KS,2,2,42,NA,NA,372,0.5108,0.1364,32936,32936,47450,12824,5585,0.6038,0.6623,0.7778,0.6061,0.5884,12000,12000,47495
155186,Highland Community College,Highland,KS,1,1,42,NA,NA,1279,0.5496,0.1797,4080,4080,17914,3452,6359,1,0.1489,NA,NA,NA,8277,8277,41291
155195,Hutchinson Community College,Hutchinson,KS,1,1,32,NA,NA,3039,0.617,0.2296,3540,4770,14858,2352,5612,1,0.1224,NA,NA,NA,9773,9773,43470
155201,Independence Community College,Independence,KS,2,1,41,NA,NA,486,0.4156,0.1035,4560,4950,8824,2727,5976,0.5,0.1888,NA,NA,NA,6115,6115,34941
155210,Johnson County Community College,Overland Park,KS,2,1,12,NA,NA,11332,0.5455,0.2466,2424,5688,19785,2938,9107,0.4284,0.0766,NA,NA,NA,8750,8750,45387
155283,Concorde Career College-Kansas City,Kansas City,MO,1,3,11,0.9633,NA,198,0.899,0.5833,NA,NA,NA,17600,7432,0.6548,0.708,NA,0.5286,0.5475,9500,9500,35242
155292,Kansas City Kansas Community College,Kansas City,KS,1,1,12,NA,NA,3319,0.6062,0.2784,3210,6945,19855,1607,7705,0.9875,0.0614,NA,NA,NA,8793,8793,40795
155308,Kansas Christian College,Overland Park,KS,3,2,12,NA,NA,143,0.2308,0.035,11720,11720,20997,8798,2555,0.5,0.6014,0.4545,0.098,0.1744,PS,PS,NA
155317,University of Kansas,Lawrence,KS,3,1,13,0.9348,1190,21217,0.5357,0.0693,12102,30432,26751,13500,11338,0.7787,0.3735,0.8649,0.6881,0.688,21000,21000,61945
155335,Newman University,Wichita,KS,3,2,11,0.7398,NA,851,0.6486,0.0855,35500,35500,46489,10121,6512,1,0.1668,0.6887,0.5281,0.5333,20801,20801,55041
155353,Old Town Barber College,Wichita,KS,1,3,11,NA,NA,97,0.3402,0.4149,NA,NA,NA,6710,NA,NA,0.7603,NA,NA,NA,13000,13000,21295
155399,Kansas State University,Manhattan,KS,3,1,13,0.8169,1151,15142,0.5126,0.0909,11221,28568,27402,11709,10853,0.9014,0.3629,0.8559,0.7108,0.7078,21250,21250,57262
155414,Kansas Wesleyan University,Salina,KS,3,2,33,0.719,NA,956,0.432,0.0467,34630,34630,47437,13389,6316,1,0.7086,0.6008,0.4863,0.4299,23250,23250,51152
155423,Washburn Institute of Technology,Topeka,KS,1,1,12,NA,NA,615,0.4211,0.1415,8880,8880,14251,2346,NA,NA,0.0809,NA,NA,NA,18127,18127,49774
155450,Labette Community College,Parsons,KS,2,1,33,NA,NA,801,0.7353,0.1582,4064,4864,13364,2249,6798,0.2685,0.0839,NA,NA,NA,10500,10500,37818
155487,Manhattan Area Technical College,Manhattan,KS,1,1,13,NA,NA,342,0.462,0.1033,9844,9844,19407,5376,6209,1,0.1157,NA,NA,NA,9500,9500,51864
155496,Manhattan Christian College,Manhattan,KS,3,2,13,1,1020,146,0.5,0.0621,19126,19126,34466,10344,5504,0.36,0.5674,0.7667,0.4429,0.4965,24250,PS,48860
155511,McPherson College,McPherson,KS,3,2,33,0.7676,1058,872,0.3268,0.0152,37310,37310,50611,11551,7375,0.9245,0.6371,0.6515,0.3392,0.4367,25242,25242,52084
155520,MidAmerica Nazarene University,Olathe,KS,3,2,21,0.788,1048,983,0.5168,0.1502,37174,37174,57355,15833,6477,0.1897,0.5232,0.6986,0.5361,0.4935,15000,15000,62972
155566,Neosho County Community College,Chanute,KS,1,1,33,NA,NA,862,0.6323,0.1767,5780,5780,16790,4054,5846,0.4126,0.0811,NA,NA,NA,8500,8500,45966
155593,Fort Hays Tech North Central,Beloit,KS,1,1,43,NA,NA,441,0.3424,0.1243,7350,7350,21454,5469,5451,0.7846,0.2173,NA,NA,NA,10000,10000,46928
155618,Fort Hays State University-Northwest Kansas Technical College,Goodland,KS,1,1,33,NA,NA,315,0.254,0.1297,NA,NA,NA,77,5836,0.4638,0.3316,NA,NA,NA,12000,12000,38616
155627,Ottawa University-Ottawa,Ottawa,KS,3,2,32,0.8296,1000,870,0.3816,0.0374,35880,35880,51856,9852,6778,0.9429,0.7553,0.583,0.279,0.2827,21500,21500,55552
155636,Ottawa University-Kansas City,Overland Park,KS,3,2,12,NA,NA,219,0.8128,0.7212,NA,NA,NA,6871,7181,0.9375,0.6372,NA,NA,NA,21500,21500,55552
155681,Pittsburg State University,Pittsburg,KS,3,1,32,0.8942,1050,4210,0.5069,0.0931,8400,19744,22099,6176,8130,0.6612,0.4148,0.7719,0.5659,0.5709,18969,18969,50579
155715,Pratt Community College,Pratt,KS,1,1,33,NA,NA,579,0.3938,0.1631,4256,4936,19780,1824,6203,0.9211,0.1596,NA,NA,NA,6500,6500,51892
155812,University of Saint Mary,Leavenworth,KS,3,2,31,0.8663,1029,925,0.4497,0.1222,35380,35380,48728,14574,6758,0.4807,0.6946,0.65,0.4776,0.4585,22018,22018,59483
155830,Salina Area Technical College,Salina,KS,1,1,33,NA,NA,330,0.603,0.149,7128,7128,14642,3988,6415,0.6119,0.1241,NA,NA,NA,7000,7000,42175
155858,Seward County Community College,Liberal,KS,1,1,33,NA,NA,1166,0.6081,0.1712,4032,5408,12629,1054,6624,0.4333,0.0487,NA,NA,NA,6500,6500,41445
155900,Southwestern College,Winfield,KS,3,2,32,0.7555,NA,924,0.3366,0.3988,39822,39822,58432,10398,6799,1,0.4855,0.559,0.3568,0.3458,25000,25000,55646
155937,Sterling College,Sterling,KS,3,2,43,0.4817,NA,538,0.4164,0.1147,33700,33700,47185,10786,4904,0.6234,0.4882,0.5035,0.4129,0.3414,24625,24625,45846
155973,Tabor College,Hillsboro,KS,3,2,43,0.6458,NA,494,0.3947,0.0086,36200,36200,50350,14983,6159,0.6604,0.5938,0.5271,0.3374,0.3334,23887,23887,54058
156082,Washburn University,Topeka,KS,3,1,12,NA,NA,4562,0.6613,0.1911,9945,20949,21512,6359,8816,0.6172,0.3103,0.6803,0.5296,0.5278,18127,18127,49774
156107,Wichita State University-Campus of Applied Sciences and Technology,Wichita,KS,1,1,11,NA,NA,2828,0.4866,0.2338,7238,7238,17592,2651,5342,0.2773,0.1675,NA,NA,NA,9500,9500,38679
156125,Wichita State University,Wichita,KS,3,1,11,0.9395,1092,10780,0.562,0.223,9684,19869,21780,8953,9205,0.6419,0.3172,0.693,0.5103,0.5122,20500,20500,51532
156134,Wichita Technical Institute,Wichita,KS,1,3,11,NA,NA,778,0.5373,0.6721,NA,NA,NA,6876,NA,NA,0.5437,NA,NA,NA,13000,13000,34101
156189,Alice Lloyd College,Pippa Passes,KY,3,2,43,0.7523,1015,558,0.5054,0.0253,13960,13960,31200,7573,5404,0.7692,0.4385,0.5657,0.3892,0.3239,19599,19599,40573
156213,Asbury University,Wilmore,KY,3,2,31,0.634,NA,1420,0.6155,0.138,33640,33640,47459,12592,7374,0.4574,0.4078,0.8333,0.6498,0.6499,24028,24028,42368
156222,Asbury Theological Seminary,Wilmore,KY,4,2,31,NA,NA,NA,NA,NA,NA,NA,NA,7149,9023,0.9792,NA,NA,NA,NA,PS,PS,NA
156231,Ashland Community and Technical College,Ashland,KY,1,1,13,NA,NA,1631,0.5996,0.2778,4728,6432,14374,2047,5573,0.9589,0.1782,NA,NA,NA,10950,10950,34504
156286,Bellarmine University,Louisville,KY,3,2,11,0.8611,1210,2161,0.6099,0.0634,48770,48770,61691,17021,8508,0.4876,0.4892,0.7512,0.6436,0.6609,25000,25000,62069
156295,Berea College,Berea,KY,3,2,32,0.1934,1249,1513,0.5902,0.0323,51658,51658,60718,3241,9259,0.8684,0.076,0.7918,0.5822,0.6012,3591,3591,43150
156310,PJ's College of Cosmetology-Bowling Green,Bowling Green,KY,1,3,13,NA,NA,219,0.9817,0.3719,NA,NA,NA,12692,NA,NA,0.5459,NA,NA,NA,7917,7917,20392
156338,Southcentral Kentucky Community and Technical College,Bowling Green,KY,1,1,13,NA,NA,3308,0.5992,0.2079,4728,6432,13993,2709,5606,0.9469,0.0881,NA,NA,NA,10175,10175,34242
156356,Brescia University,Owensboro,KY,3,2,13,0.3524,NA,545,0.5541,0.2323,31550,31550,44328,12336,6182,0.6,0.5191,0.6741,0.5371,0.5099,29430,29430,45500
156365,Campbellsville University,Campbellsville,KY,3,2,32,0.7974,NA,2840,0.6067,0.1156,27998,27998,42603,9658,6787,0.4102,0.1847,0.645,0.4201,0.4431,17156,17156,41583
156392,Bluegrass Community and Technical College,Lexington,KY,1,1,11,NA,NA,8244,0.6026,0.2672,4808,6512,13902,2889,5898,0.9949,0.18,NA,NA,NA,10500,10500,36343
156408,Centre College,Danville,KY,3,2,32,0.5436,1352,1400,0.52,0.0029,52820,52820,67787,19299,9723,0.9241,0.4867,0.875,0.8067,0.8312,27000,27000,66240
156417,Clear Creek Baptist Bible College,Pineville,KY,3,2,42,NA,NA,159,0.1195,0.625,10720,10720,21040,6094,4702,0.6667,0,0.875,0.3846,0.425,PS,PS,41623
156426,Paul Mitchell the School-Lexington,Lexington,KY,1,3,11,NA,NA,189,0.9312,0.4118,NA,NA,NA,10897,NA,NA,0.4704,NA,NA,NA,9833,9833,23207
156471,Galen College of Nursing-Louisville,Louisville,KY,3,3,11,NA,NA,4801,0.8911,0.8449,NA,NA,NA,8381,6905,0.4066,0.3487,0.7959,0.6146,0.6223,24166,24166,61480
156541,University of the Cumberlands,Williamsburg,KY,3,2,33,0.9881,NA,6941,0.6809,0.4129,9875,9875,25567,9714,6548,0.2269,0.6788,0.743,0.5043,0.4843,14911,14911,45036
156620,Eastern Kentucky University,Richmond,KY,3,1,32,0.7761,1149,12318,0.5968,1,10320,21230,23735,6884,7826,0.5596,0.4071,0.7693,0.5004,0.4989,22500,22500,45795
156648,Elizabethtown Community and Technical College,Elizabethtown,KY,1,1,13,NA,NA,4088,0.6213,0.2639,4728,6432,14212,2349,5875,0.9492,0.1065,NA,NA,NA,9055,9055,36143
156727,Frontier Nursing University,Versailles,KY,4,2,41,NA,NA,NA,NA,NA,NA,NA,NA,22153,8428,1,NA,NA,NA,NA,PS,PS,NA
156745,Georgetown College,Georgetown,KY,3,2,31,0.9106,1138,1097,0.4722,0.01,42840,42840,56886,6263,6502,0.5538,0.4825,0.6906,0.4885,0.4815,25200,25200,52074
156754,PJ's College of Cosmetology-Glasgow,Glasgow,KY,1,3,32,NA,NA,44,0.9318,0.4419,NA,NA,NA,15805,NA,NA,0.5781,NA,NA,NA,14042,14042,18537
156790,Hazard Community and Technical College,Hazard,KY,1,1,33,NA,NA,1506,0.6189,0.2968,4728,6432,12520,2211,5745,0.9714,0.0948,NA,NA,NA,10125,10125,29868
156842,Paul Mitchell the School-Louisville,Louisville,KY,1,3,21,NA,NA,233,0.9657,0.2374,NA,NA,NA,10449,NA,NA,0.5029,NA,NA,NA,9833,9833,28449
156851,Henderson Community College,Henderson,KY,1,1,41,NA,NA,880,0.7455,0.2484,4728,6432,13540,2367,5471,1,0.1171,NA,NA,NA,10483,10483,35714
156860,Hopkinsville Community College,Hopkinsville,KY,1,1,32,NA,NA,1630,0.6896,0.3697,4728,6432,14469,2955,5338,1,0.128,NA,NA,NA,10691,10691,36323
156921,Jefferson Community and Technical College,Louisville,KY,1,1,11,NA,NA,7744,0.5963,0.2537,4808,6512,14457,2674,6007,0.963,0.0887,NA,NA,NA,11651,11651,38171
156967,Summit Salon Academy-Lexington,Lexington,KY,1,3,11,0.8125,NA,154,0.987,0.2927,NA,NA,NA,9928,NA,NA,0.6274,NA,NA,NA,7917,7917,24148
157021,American National University-Louisville,Louisville,KY,2,3,33,NA,NA,347,0.9395,0.825,12456,12456,25356,19876,4608,NA,0.8292,NA,0.5,0.5,23618,23618,28188
157030,Kentucky Mountain Bible College,Jackson,KY,3,2,43,1,1080,69,0.3913,0.2299,10360,10360,16603,4688,1050,0.6923,0.2414,0.7,0.6429,0.5517,PS,PS,21256
157058,Kentucky State University,Frankfort,KY,3,1,32,0.9608,870,1309,0.5821,0.0744,9387,13658,21727,14480,7036,0.5568,0.5608,0.6369,0.319,0.2952,25938,25938,36382
157076,Kentucky Wesleyan College,Owensboro,KY,3,2,13,0.716,1044,842,0.4988,0.1001,34673,34673,46203,12700,6353,0.4255,0.6103,0.5256,0.468,0.4932,23250,23250,46747
157085,University of Kentucky,Lexington,KY,3,1,11,0.9294,1215,24763,0.5838,0.0554,13502,34140,34391,13781,11984,0.8239,0.3366,0.8684,0.7142,0.7069,22500,22500,59025
157100,Kentucky Christian University,Grayson,KY,3,2,32,0.6091,1090,429,0.31,0.0494,26625,26625,40168,3949,4770,0.4516,0.6163,0.8608,0.3667,0.352,22250,22250,42375
157207,Lexington Theological Seminary,Lexington,KY,4,2,11,NA,NA,NA,NA,NA,NA,NA,NA,3849,6478,0.1628,NA,NA,NA,NA,PS,PS,NA
157216,Lindsey Wilson University,Columbia,KY,3,2,33,NA,NA,1585,0.5666,0.161,27808,27808,40879,10015,6512,0.6368,0.5014,0.63,0.4406,0.4109,16784,16784,41129
157289,University of Louisville,Louisville,KY,3,1,11,0.7941,1150,14727,0.5645,0.1475,13136,29482,32941,12787,9671,0.5928,0.2813,0.8149,0.6123,0.6096,20500,20500,53899
157298,Louisville Presbyterian Theological Seminary,Louisville,KY,4,2,11,NA,NA,NA,NA,NA,NA,NA,NA,1539,7667,1,NA,NA,NA,NA,NA,NA,NA
157304,Madisonville Community College,Madisonville,KY,1,1,32,NA,NA,1841,0.7012,0.3533,4728,6432,13911,2667,5982,0.9655,0.1004,NA,NA,NA,8450,8450,35733
157331,Maysville Community and Technical College,Maysville,KY,1,1,41,NA,NA,2284,0.6362,0.2435,4728,6432,13222,2083,5634,0.9529,0.1399,NA,NA,NA,11500,11500,32194
157377,Midway University,Midway,KY,3,2,42,0.9514,1122,1262,0.6331,0.1683,27220,27220,48805,12305,7349,0.2611,0.4446,0.6759,0.4069,0.4298,21301,21301,44246
157386,Morehead State University,Morehead,KY,3,1,33,0.7721,NA,4578,0.6088,0.066,10024,14980,21961,3989,7788,0.8041,0.3352,0.6501,0.5219,0.5004,22250,22250,43197
157401,Murray State University,Murray,KY,3,1,32,0.8568,1133,6688,0.6054,0.0875,9900,19836,23485,6583,7855,0.8179,0.3535,0.7565,0.6132,0.6039,20500,20500,44737
157438,Gateway Community and Technical College,Florence,KY,1,1,21,NA,NA,3167,0.5832,0.2637,4728,6432,14075,2764,5563,0.8936,0.1101,NA,NA,NA,10711,10711,36147
157447,Northern Kentucky University,Highland Heights,KY,3,1,21,0.6765,1087,8246,0.5862,0.1645,11088,21912,19725,10042,8693,0.5482,0.3095,0.7551,0.5224,0.5019,23000,23000,50220
157483,West Kentucky Community and Technical College,Paducah,KY,1,1,13,NA,NA,2851,0.6784,0.2956,4728,6432,14084,1871,5543,0.991,0.0943,NA,NA,NA,8986,8986,34891
157535,University of Pikeville,Pikeville,KY,3,2,33,NA,NA,1135,0.5181,0.0426,24850,24850,33420,23927,7086,0.5952,0.6573,0.6873,0.4167,0.4039,20679,20679,48231
157553,Big Sandy Community and Technical College,Prestonsburg,KY,1,1,33,NA,NA,1604,0.6054,0.2551,4728,6432,13047,1378,5720,0.8387,0.1549,NA,NA,NA,9357,9357,32954
157614,Empire Beauty School-Chenoweth,Louisville,KY,1,3,21,NA,NA,100,0.98,0.4217,NA,NA,NA,8809,NA,NA,0.4552,NA,NA,NA,10667,10667,23921
157650,Empire Beauty School-Elizabethtown,Elizabethtown,KY,1,3,13,NA,NA,171,0.9591,0.3734,NA,NA,NA,9947,NA,NA,0.6268,NA,NA,NA,10667,10667,24022
157669,Empire Beauty School-Dixie,Louisville,KY,1,3,11,NA,NA,119,0.9832,0.4625,NA,NA,NA,9397,NA,NA,0.599,NA,NA,NA,10667,10667,24397
157678,Empire Beauty School-Florence,Florence,KY,1,3,21,NA,NA,124,0.9758,0.3145,NA,NA,NA,8853,NA,NA,0.534,NA,NA,NA,13000,13000,23925
157711,Somerset Community College,Somerset,KY,1,1,33,NA,NA,4166,0.6474,0.2997,4728,6432,12959,1272,5726,0.9613,0.2045,NA,NA,NA,12215,12215,30787
157739,Southeast Kentucky Community & Technical College,Cumberland,KY,1,1,43,NA,NA,1721,0.6845,0.2713,4728,6432,12699,2105,5757,0.9853,0.0725,NA,NA,NA,6919,6919,29482
157748,The Southern Baptist Theological Seminary,Louisville,KY,3,2,11,0.5587,1120,848,0.4363,0.1026,11046,11046,NA,8101,8442,1,0,0.7857,0.4025,0.4176,PS,PS,NA
157757,Spalding University,Louisville,KY,3,2,11,0.9945,977,583,0.6106,0.2166,29200,29200,45530,17678,8066,0.5479,0.5899,0.6404,0.5167,0.5436,25250,25250,49438
157793,Sullivan University,Louisville,KY,2,3,11,NA,NA,2026,0.7493,0.7617,15480,15480,31766,27629,7490,0.6043,0.6225,NA,0.7099,0.5626,20000,20000,38008
157809,Thomas More University,Crestview Hills,KY,3,2,21,0.9035,1180,1293,0.4934,0.0428,39800,39800,49452,14193,6727,0.5174,0.5313,0.6675,0.405,0.4033,26236,26236,59384
157818,Transylvania University,Lexington,KY,3,2,11,0.8655,1287,1005,0.5721,0.0039,46870,46870,60993,17622,10145,0.6466,0.4691,0.8705,0.7148,0.7064,27000,27000,54705
157863,Union Commonwealth University,Barbourville,KY,3,2,33,0.6315,980,746,0.3887,0.1194,30946,30946,44322,9275,5687,1,0.6054,0.6378,0.3213,0.3419,24250,24250,42002
157951,Western Kentucky University,Bowling Green,KY,3,1,13,0.9387,971,12155,0.6124,0.0939,11652,27000,24188,6410,8169,0.6739,0.3467,0.7831,0.5556,0.5459,22095,22095,43889
158088,Central Louisiana Technical Community College,Alexandria,LA,1,1,13,NA,NA,1078,0.5909,0.3427,4099,4099,12172,3579,5235,0.6667,0.4492,NA,NA,NA,7000,7000,29558
158246,Ayers Career College,Shreveport,LA,1,3,12,NA,NA,256,0.7461,0.5117,NA,NA,NA,10570,NA,NA,0.9293,NA,NA,NA,9500,9500,29935
158325,Baton Rouge General Medical Center School of Nursing & School of Radiologic Technology,Baton Rouge,LA,1,2,12,NA,NA,135,0.9259,0.6385,NA,NA,NA,9191,NA,NA,0.7846,NA,NA,NA,16750,16750,75071
158431,Bossier Parish Community College,Bossier City,LA,1,1,13,NA,NA,4935,0.6995,0.4278,4283,4283,17111,4005,5953,0.6122,0.4264,NA,NA,NA,17500,17500,34502
158477,Centenary College of Louisiana,Shreveport,LA,3,2,12,0.5574,1144,685,0.5036,0.0145,41200,41200,60620,12112,7808,0.3672,0.6935,0.702,0.5621,0.5806,27000,27000,50330
158538,Cloyd's Beauty School 1 Inc,West Monroe,LA,1,3,22,NA,NA,48,0.9583,0.3469,NA,NA,NA,6183,NA,NA,0,NA,NA,NA,PS,PS,18603
158617,Crescent City Bartending School,New Orleans,LA,1,3,11,NA,NA,570,0.6561,0.7763,NA,NA,NA,7807,NA,NA,0.159,NA,NA,NA,9500,9500,22407
158662,Delgado Community College,New Orleans,LA,1,1,11,NA,NA,11668,0.7074,0.5386,4279,4279,18568,4017,6824,0.4431,0.4506,NA,NA,NA,20198,20198,33305
158778,Delta College West,Lake Charles,LA,1,3,13,NA,NA,78,1,0.2432,NA,NA,NA,6921,NA,NA,0.7778,NA,NA,NA,9573,9573,NA
158787,Denham Springs Beauty School,Denham Springs,LA,1,3,21,NA,NA,89,0.9775,0.2222,NA,NA,NA,8650,NA,NA,0.581,NA,NA,NA,PS,PS,18298
158802,Dillard University,New Orleans,LA,3,2,11,0.4186,1050,1063,0.7234,0.0573,23918,23918,39202,8348,7271,0.963,0.7932,0.7805,0.4328,0.4414,31000,31000,39196
158884,Nunez Community College,Chalmette,LA,1,1,21,NA,NA,1520,0.6329,0.2939,4255,4255,18175,2144,6405,0.51,0.3681,NA,NA,NA,13000,13000,35343
159009,Grambling State University,Grambling,LA,3,1,32,0.4486,943,4164,0.6107,0.1164,7683,16706,25367,5050,6296,0.8813,0.7782,0.6608,0.3616,0.3424,36500,36500,41109
159027,Belbo Beauty Institute,Shreveport,LA,1,3,12,NA,NA,84,1,0.5138,NA,NA,NA,10922,NA,NA,0.6354,NA,NA,NA,9500,9500,16792
159197,ITI Technical College,Baton Rouge,LA,2,3,21,NA,NA,555,0.1405,0.3762,11711,11711,25749,13493,4856,0.3521,0.7758,NA,NA,NA,15006,15006,68342
159328,John Jay Beauty College,Kenner,LA,1,3,21,NA,NA,81,0.963,0.2404,NA,NA,NA,8000,NA,NA,0,NA,NA,NA,PS,PS,17985
159373,Louisiana State University Health Sciences Center-New Orleans,New Orleans,LA,3,1,11,NA,NA,862,0.8677,0.2527,NA,NA,NA,20622,9656,0.72,0.548,NA,NA,NA,19500,19500,78495
159382,Louisiana State University at Alexandria,Alexandria,LA,3,1,41,0.9208,1022,5632,0.7305,0.4368,7050,14650,15550,5821,7220,0.604,0.364,0.6952,0.3422,0.3486,19000,19000,42205
159391,Louisiana State University and Agricultural & Mechanical College,Baton Rouge,LA,3,1,12,0.7333,1285,30594,0.5663,0.0496,11954,28631,34705,12816,11474,0.8825,0.299,0.8474,0.6881,0.6979,20500,20500,61251
159407,Louisiana State University-Eunice,Eunice,LA,2,1,32,NA,NA,2826,0.7838,0.2131,4730,10094,17346,3717,6105,0.6321,0.329,NA,NA,NA,14250,14250,36498
159416,Louisiana State University-Shreveport,Shreveport,LA,3,1,12,0.5055,1090,2153,0.5643,0.272,7518,7518,19461,10177,9562,0.7,0.2932,0.8315,0.3754,0.3543,22500,22500,47477
159513,Aveda Arts & Sciences Institute-Baton Rouge,Baton Rouge,LA,1,3,21,NA,NA,175,0.9886,0.2132,NA,NA,NA,10998,NA,NA,0.5445,NA,NA,NA,9833,9833,25903
159522,Aveda Arts & Sciences Institute-Lafayette,Lafayette,LA,1,3,12,NA,NA,144,0.9861,0.1642,NA,NA,NA,12079,NA,NA,0.6213,NA,NA,NA,7916,7916,23904
159568,Louisiana Christian University,Pineville,LA,3,2,23,0.7719,NA,672,0.4077,0.0648,20266,20266,33791,9552,6137,0.6064,0.5866,0.5243,0.4387,0.4247,21875,21875,51700
159601,Opelousas School of Cosmetology,Opelousas,LA,1,3,32,NA,NA,37,0.973,0.4,NA,NA,NA,6297,NA,NA,0.5217,NA,NA,NA,PS,PS,26459
159647,Louisiana Tech University,Ruston,LA,3,1,32,0.864,1191,8312,0.4362,0.027,10125,16866,24280,8344,9177,0.6605,0.2726,0.822,0.6382,0.6093,22135,22135,52279
159656,Loyola University New Orleans,New Orleans,LA,3,2,11,0.9305,NA,2812,0.6433,0.069,49440,49440,64157,18345,8990,0.6272,0.5314,0.8006,0.5903,0.6332,26000,26000,52927
159717,McNeese State University,Lake Charles,LA,3,1,13,0.7827,1087,5005,0.6166,0.1293,8489,9989,22810,5994,7591,1,0.3212,0.6844,0.4704,0.4947,23000,23000,46453
159939,University of New Orleans,New Orleans,LA,3,1,11,0.7431,1052,4638,0.4834,0.1653,9172,14008,23431,6959,9208,0.626,0.2763,0.6679,0.3799,0.4018,18750,18750,47872
159948,New Orleans Baptist Theological Seminary,New Orleans,LA,3,2,11,NA,NA,865,0.3699,0.7714,12468,12468,21660,8367,6759,1,0,0.92,0.7391,0.5065,PS,PS,NA
159966,Nicholls State University,Thibodaux,LA,3,1,13,0.908,1090,4737,0.6105,0.1046,8149,9242,23481,5464,6998,1,0.3826,0.766,0.538,0.5403,22675,22675,45454
159993,University of Louisiana at Monroe,Monroe,LA,3,1,13,0.8475,1116,5022,0.6438,0.0997,9190,21290,24932,6944,7719,0.741,0.3469,0.7275,0.542,0.5236,21500,21500,46769
160010,Northwest Louisiana Technical Community College,Minden,LA,1,1,41,NA,NA,866,0.3788,0.3515,4109,4109,16807,2511,4820,0.4868,0,NA,NA,NA,PS,PS,32503
160038,Northwestern State University of Louisiana,Natchitoches,LA,3,1,33,0.9254,1088,5519,0.7144,0.222,8864,19652,25431,5328,7129,0.6613,0.3512,0.7087,0.432,0.4387,25000,25000,47021
160065,University of Holy Cross,New Orleans,LA,3,2,11,0.7366,NA,471,0.8471,0.2469,16576,16576,27541,16363,7708,0.3904,0.3391,0.7097,0.4857,0.4234,26995,26995,49316
160074,Franciscan Missionaries of Our Lady University,Baton Rouge,LA,3,2,12,0.987,NA,821,0.8685,0.3434,18310,18310,28490,15281,8122,1,0.4872,0.6393,0.4545,0.4859,27672,27672,59419
160126,Celebrity Stylist Beauty School,Monroe,LA,1,3,13,NA,NA,51,0.9804,0.6889,NA,NA,NA,6000,NA,NA,0.5821,NA,NA,NA,9500,PS,22002
160199,Pineville Beauty School,Pineville,LA,1,3,23,NA,NA,45,0.9556,0.2222,NA,NA,NA,3427,NA,NA,0,NA,NA,NA,PS,PS,19411
160320,Aveda Arts & Sciences Institute-Covington,Covington,LA,1,3,13,NA,NA,2078,0.9706,0.2624,NA,NA,NA,12835,NA,NA,0.4945,NA,NA,NA,7917,7917,30334
160409,Saint Joseph Seminary College,St. Benedict,LA,3,2,41,NA,NA,93,0,0.2121,28025,28025,49944,44276,5877,1,0.0303,0.7143,0.4783,0.4474,PS,PS,38366
160472,LaSalle Tech,Houma,LA,1,3,13,NA,NA,193,0.9637,0.4088,NA,NA,NA,15187,NA,NA,0.795,NA,NA,NA,6333,6333,20975
160481,Fletcher Technical Community College,Schriever,LA,1,1,41,NA,NA,2136,0.7294,0.4151,4219,4219,17452,2671,6031,0.4387,0.2865,NA,NA,NA,10064,10064,32189
160524,Remington College-Lafayette Campus,Lafayette,LA,1,2,12,NA,NA,230,0.6522,0.5951,16312,16312,35661,9630,4780,NA,0.5304,NA,NA,NA,13271,13271,31349
160579,SOWELA Technical Community College,Lake Charles,LA,1,1,13,NA,NA,2966,0.5162,0.2955,4305,4305,15578,2849,6051,0.6353,0,NA,NA,NA,PS,PS,32303
160612,Southeastern Louisiana University,Hammond,LA,3,1,13,0.9931,1090,9514,0.6148,0.0704,8373,20851,23604,6011,7315,0.8023,0.3242,0.7253,0.4541,0.451,22113,22113,46482
160621,Southern University and A & M College,Baton Rouge,LA,3,1,12,0.3512,942,5519,0.6735,0.0833,9922,17272,26341,8335,7735,0.9908,0.7178,0.6031,0.2709,0.2774,29251,29251,43371
160630,Southern University at New Orleans,New Orleans,LA,3,1,11,0.789,944,1055,0.7081,0.3271,8054,16954,23905,3784,6898,1,0.3909,0.52,0.1311,0.1557,31000,31000,34042
160649,Southern University at Shreveport,Shreveport,LA,2,1,12,NA,NA,1910,0.7717,0.3175,4958,4958,17017,1337,6085,0.6226,0.5833,NA,NA,NA,18500,18500,33099
160658,University of Louisiana at Lafayette,Lafayette,LA,3,1,12,0.8701,1219,12428,0.5878,0.1068,10418,24146,24884,9125,8889,0.7057,0.4372,0.7428,0.5263,0.523,22902,22902,47089
160667,Northshore Technical Community College,Lacombe,LA,1,1,41,NA,NA,2505,0.5601,0.1361,4299,4299,17553,2225,5446,0.6614,0.162,NA,NA,NA,12000,12000,29734
160755,Tulane University of Louisiana,New Orleans,LA,3,2,11,0.1398,1448,7767,0.6198,0.0442,68678,68678,87004,39228,13243,0.6867,0.209,0.9255,0.8614,0.8753,20500,20500,63268
160904,Xavier University of Louisiana,New Orleans,LA,3,2,11,0.6904,1080,2628,0.7534,0.0162,28733,28733,40434,11341,9918,0.793,0.5623,0.7168,0.4855,0.493,24053,24053,52184
160959,College of the Atlantic,Bar Harbor,ME,3,2,43,0.7017,1370,353,0.7224,0.0639,47997,47997,58266,45228,9002,1,0.5306,0.85,0.6829,0.6879,25050,25050,40264
160977,Bates College,Lewiston,ME,3,2,13,0.1332,1468,1760,0.5182,0.0011,66590,66590,83532,57360,11886,0.9522,0.138,0.9129,0.8969,0.9012,14275,14275,69498
160995,Beal University,Bangor,ME,2,3,13,NA,NA,484,0.7665,0.7949,NA,NA,NA,16296,5909,NA,0.65,0.25,0.36,0.3517,19500,19500,35639
161004,Bowdoin College,Brunswick,ME,3,2,31,0.0713,1520,1873,0.5206,0.0059,67832,67832,85100,36653,14216,0.8893,0.0838,0.9683,0.9528,0.9544,18500,18500,82735
161022,Maine College of Health Professions,Lewiston,ME,2,2,13,0.7143,NA,239,0.9163,0.6667,20952,20952,26827,17196,6102,0.7273,0.8991,NA,0.6667,PS,15250,15250,79840
161077,Central Maine Community College,Auburn,ME,2,1,13,NA,NA,2952,0.5766,0.2082,4140,7020,15063,1128,6682,0.2824,0.1434,NA,NA,NA,12000,12000,42448
161086,Colby College,Waterville,ME,3,2,33,0.0709,1501,2407,0.5118,0.0009,69600,69600,85420,36765,13207,0.931,0.0854,0.9365,0.8879,0.8949,19157,19157,80490
161138,Eastern Maine Community College,Bangor,ME,2,1,13,NA,NA,1840,0.5016,0.2446,4156,7036,16791,1443,7591,0.4236,0.1425,NA,NA,NA,11293,11293,41704
161192,Kennebec Valley Community College,Fairfield,ME,2,1,33,NA,NA,1597,0.7076,0.2906,4156,7036,12149,2461,7078,0.3968,0.1298,NA,NA,NA,13255,13255,36035
161208,The Landing School,Arundel,ME,1,2,41,NA,NA,32,0.0625,0.6977,29060,29060,42868,33514,7189,NA,0.3256,NA,NA,NA,PS,PS,65849
161217,University of Maine at Augusta,Augusta,ME,3,1,32,NA,NA,2659,0.6713,0.4656,8888,22178,19052,5853,8060,0.4103,0.2598,0.6,0.2698,0.254,22734,22734,40342
161226,University of Maine at Farmington,Farmington,ME,3,1,43,0.9672,1130,1140,0.6447,0.0791,11308,23878,25822,7241,8643,0.681,0.39,0.7277,0.5154,0.5218,24499,24499,44433
161235,University of Maine at Fort Kent,Fort Kent,ME,3,1,43,0.9792,NA,599,0.7295,0.2704,9420,14880,18703,6563,8219,0.52,0.1754,0.8929,0.3944,0.3963,20160,20160,51077
161253,University of Maine,Orono,ME,3,1,23,0.9664,NA,8496,0.4785,0.0994,13326,36756,27328,11856,11425,0.6971,0.4201,0.8336,0.5494,0.5569,25000,25000,48653
161299,Maine Maritime Academy,Castine,ME,3,1,42,0.5414,1166,942,0.1996,0.0495,15158,31102,31046,17345,NA,0.7745,0.5816,0.8166,0.5818,0.5987,27000,27000,89964
161341,University of Maine at Presque Isle,Presque Isle,ME,3,1,41,0.9987,NA,1913,0.5698,0.4182,9402,14862,19113,4157,7782,0.481,0.2314,0.5842,0.5155,0.4476,16000,16000,40956
161457,University of New England,Biddeford,ME,3,2,22,0.9163,NA,2135,0.6806,0.2423,44210,44210,63245,27262,9669,0.5419,0.4093,0.7942,0.6835,0.6454,25250,25250,55921
161484,Northern Maine Community College,Presque Isle,ME,2,1,33,NA,NA,638,0.5219,0.272,4156,7036,15918,254,7297,0.7843,0.1205,NA,NA,NA,10825,10825,43348
161493,Empire Beauty School-Maine,Bangor,ME,1,3,13,NA,NA,117,0.9744,0.2797,NA,NA,NA,8928,NA,NA,0.5705,NA,NA,NA,13000,13000,23925
161509,Maine College of Art & Design,Portland,ME,3,2,13,0.7606,NA,415,0.7807,0.0616,42942,42942,60128,23568,7529,0.3191,0.6949,0.7167,0.5155,0.5,27000,27000,40778
161518,Saint Joseph's College of Maine,Standish,ME,3,2,41,0.8351,1040,964,0.6317,0.2362,44420,44420,59782,12004,6294,1,0.5958,0.7457,0.6574,0.6704,27000,27000,59045
161527,Spa Tech Institute-Westbrook,Westbrook,ME,1,3,22,NA,NA,263,0.8935,0.4713,NA,NA,NA,13285,NA,NA,0.4365,NA,NA,NA,6333,6333,27803
161545,Southern Maine Community College,South Portland,ME,2,1,13,NA,NA,5675,0.5702,0.2283,4156,7036,18531,2564,7954,0.2525,0.1181,NA,NA,NA,10331,10331,41661
161554,University of Southern Maine,Portland,ME,3,1,13,0.7923,1116,4222,0.5867,0.1978,11284,27944,23717,8672,10420,0.3985,0.3473,0.7394,0.4035,0.4329,19060,19060,49958
161563,Thomas College,Waterville,ME,3,2,33,0.963,NA,647,0.4637,0.0101,31824,31824,47198,6834,7625,0.5065,0.3283,0.7749,0.5369,0.5258,24250,24250,44991
161572,Unity Environmental University,New Gloucester,ME,3,2,42,NA,NA,6483,0.7671,0.5834,12640,12640,21931,10890,5415,0.047,0.858,0.3611,0.2867,0.4407,25000,25000,37852
161581,Washington County Community College,Calais,ME,1,1,43,NA,NA,443,0.5666,0.3927,4156,7036,13731,2900,7026,0.3966,0.0745,NA,NA,NA,PS,PS,34407
161688,Allegany College of Maryland,Cumberland,MD,2,1,33,NA,NA,1831,0.7433,0.3081,4938,12618,16170,3984,6480,0.6503,0.2983,NA,NA,NA,13702,13702,38476
161767,Anne Arundel Community College,Arnold,MD,2,1,21,NA,NA,8997,0.631,0.3132,4322,11522,19841,4230,9232,0.2204,0.0798,NA,NA,NA,8250,8250,46219
161800,Award Beauty School,Hagerstown,MD,1,3,13,NA,NA,94,0.6702,0.4697,NA,NA,NA,11466,NA,NA,0.4138,NA,NA,NA,13000,13000,18172
161855,Baltimore Studio of Hair Design,Baltimore,MD,1,3,11,NA,NA,34,1,0.3333,NA,NA,NA,11017,NA,NA,0.9756,NA,NA,NA,8463,PS,20080
161864,Baltimore City Community College,Baltimore,MD,2,1,11,NA,NA,3700,0.7086,0.538,3314,7394,22790,3450,9797,0.3636,0,NA,NA,NA,PS,PS,36025
161873,University of Baltimore,Baltimore,MD,3,1,11,0.7874,940,1133,0.6019,0.6249,9992,23984,26406,14323,13975,0.5638,0.38,0.6,0.3816,0.4317,23250,23250,61335
162007,Bowie State University,Bowie,MD,3,1,21,0.7241,NA,5043,0.6024,0.1615,9218,19938,25220,5099,11118,0.455,0.4404,0.6819,0.382,0.3817,22985,22985,54537
162061,Capitol Technology University,Laurel,MD,3,2,21,0.7435,NA,315,0.181,0.1992,27592,27592,42471,24125,5625,1,0.4701,0.7681,0.4268,0.4437,20264,20264,85035
162104,Cecil College,North East,MD,2,1,41,NA,NA,1363,0.6434,0.2515,5640,10830,14700,5174,7720,0.2781,0.0851,NA,NA,NA,9536,9536,43952
162122,College of Southern Maryland,La Plata,MD,1,1,41,NA,NA,4512,0.611,0.2474,4200,10050,13681,5678,9323,1,0.4635,NA,NA,NA,8500,8500,44435
162168,Chesapeake College,Wye Mills,MD,2,1,42,NA,NA,1320,0.6598,0.1879,4274,8768,10751,5281,8279,0.3273,0,NA,NA,NA,PS,PS,36301
162210,Washington Adventist University,Takoma Park,MD,3,2,21,0.4618,980,452,0.5553,0.2463,26604,26604,34309,15021,6208,0.2612,0.4479,0.6408,0.2865,0.3297,30500,30500,64249
162283,Coppin State University,Baltimore,MD,3,1,11,0.4583,975,1844,0.7446,0.2873,7100,14024,23748,0,10091,0.5556,0.3619,0.6622,0.2622,0.2591,25000,25000,46490
162335,Del-Mar-Va Beauty Academy,Salisbury,MD,1,3,13,NA,NA,32,1,0.4186,NA,NA,NA,7888,NA,NA,0.5082,NA,NA,NA,16500,16500,25426
162371,North American Trade Schools,Baltimore,MD,1,3,21,NA,NA,534,0.0524,0.896,NA,NA,NA,12335,NA,NA,0.4933,NA,NA,NA,7338,7338,39756
162557,Frederick Community College,Frederick,MD,2,1,13,NA,NA,4203,0.5551,0.2032,3849,10042,14798,4955,7936,0.2537,0.0765,NA,NA,NA,8150,8150,46449
162584,Frostburg State University,Frostburg,MD,3,1,33,0.8918,NA,2909,0.5421,0.0981,10220,25814,27056,5191,9386,0.7129,0.3768,0.6928,0.4966,0.509,21105,21105,55493
162609,Garrett College,McHenry,MD,2,1,42,NA,NA,411,0.4355,0.0799,4144,12040,14342,4506,7597,1,0.3138,NA,NA,NA,10750,10750,35823
162654,Goucher College,Baltimore,MD,3,2,13,0.7771,1248,964,0.639,0.0228,53350,53350,70544,14874,8359,0.5628,0.5298,0.786,0.5734,0.5866,26000,26000,53023
162690,Hagerstown Community College,Hagerstown,MD,2,1,22,NA,NA,2948,0.637,0.169,4320,8190,12747,4248,7590,0.2585,0.1383,NA,NA,NA,11000,11000,41615
162706,Harford Community College,Bel Air,MD,2,1,41,NA,NA,3696,0.6009,0.2279,4032,8832,13821,4429,7787,0.3447,0.0979,NA,NA,NA,9812,9812,44608
162760,Hood College,Frederick,MD,3,2,13,0.7777,NA,1194,0.6549,0.0562,47700,47700,61219,15043,8361,0.4104,0.6782,0.6799,0.569,0.5607,25000,25000,57089
162779,Howard Community College,Columbia,MD,2,1,12,NA,NA,6649,0.5843,0.2737,4080,9624,16774,4983,8959,0.2661,0.0739,NA,NA,NA,10500,10500,49020
162830,Aveda Institute-Maryland,Bel Air,MD,1,3,22,NA,NA,77,1,0.2738,NA,NA,NA,17013,NA,NA,0.4634,NA,NA,NA,6333,6333,21250
162928,Johns Hopkins University,Baltimore,MD,3,2,11,0.0644,1553,5693,0.5494,0.0504,65230,65230,85947,29675,18971,0.9434,0.0931,0.9809,0.9378,0.9421,10250,10250,87555
163028,Lincoln College of Technology-Columbia,Columbia,MD,1,3,12,NA,NA,1258,0.1097,0.3312,NA,NA,NA,13939,5268,0.7523,0.717,NA,NA,NA,11250,11250,38683
163046,Loyola University Maryland,Baltimore,MD,3,2,11,0.7549,1290,3869,0.5609,0.0055,57150,57150,74055,19436,9706,0.9971,0.5247,0.8711,0.7919,0.7983,27000,27000,82652
163204,University of Maryland Global Campus,Adelphi,MD,3,1,21,NA,NA,49664,0.4554,0.658,8136,12336,25400,7892,9948,0.0422,0.1747,0.5538,0.3333,0.3146,21000,21000,65287
163259,University of Maryland Baltimore,Baltimore,MD,3,1,11,NA,NA,958,0.8299,0.4049,NA,NA,NA,20237,14577,0.3915,0.2045,NA,NA,NA,15000,15000,88174
163268,University of Maryland-Baltimore County,Baltimore,MD,3,1,21,0.7243,1323,10701,0.4559,0.1031,13256,31275,28576,11298,13145,0.6651,0.2829,0.8505,0.7001,0.7028,19500,19500,69960
163286,University of Maryland-College Park,College Park,MD,3,1,21,0.4479,1473,30760,0.4931,0.0481,11809,41186,29299,15148,17205,0.8258,0.2152,0.962,0.8859,0.8861,19000,19000,82860
163295,Maryland Institute College of Art,Baltimore,MD,3,2,11,0.7679,1258,1189,0.7628,0.0861,56800,56800,76860,31047,9574,0.1669,0.4124,0.8339,0.7224,0.7178,26500,26500,45212
163338,University of Maryland Eastern Shore,Princess Anne,MD,3,1,31,0.9641,NA,2391,0.542,0.0828,9076,20122,25941,5106,10872,0.7199,0.5213,0.6179,0.3533,0.3497,27000,27000,47697
163347,Fortis Institute-Towson,Towson,MD,1,3,13,NA,NA,354,0.9096,0.3727,NA,NA,NA,7888,NA,NA,0.6834,NA,NA,NA,12547,12547,36368
163408,Montgomery Beauty School,Silver Spring,MD,1,3,21,NA,NA,101,0.7426,0.6029,NA,NA,NA,20185,NA,NA,0.5862,NA,NA,NA,11845,11845,18726
163426,Montgomery College,Rockville,MD,2,1,13,NA,NA,13773,0.51,0.226,5394,14250,15298,4398,9386,0.3086,0.0606,NA,NA,NA,10415,10415,50159
163453,Morgan State University,Baltimore,MD,3,1,11,0.8223,971,9019,0.6136,0.0984,8229,19124,25413,7512,11634,0.5952,0.654,0.7334,0.4087,0.4122,27250,27250,50698
163462,Mount St. Mary's University,Emmitsburg,MD,3,2,42,0.7381,1176,1768,0.5028,0.0566,48630,48630,63731,14949,7399,1,0.5109,0.7077,0.6539,0.6179,25391,25391,64072
163532,Ner Israel Rabbinical College,Pikesville,MD,3,2,21,0.6566,NA,280,0,0.0856,10600,10600,26750,5768,7711,1,0,0.8049,0.2353,0.3467,PS,PS,66330
163541,Hair Academy,New Carrollton,MD,1,3,21,NA,NA,229,0.6943,0.4979,NA,NA,NA,11000,NA,NA,0.3101,NA,NA,NA,13000,13000,20953
163578,Notre Dame of Maryland University,Baltimore,MD,3,2,11,0.8216,NA,709,0.787,0.3469,43360,43360,59320,14322,7645,0.4444,0.4927,0.7277,0.5,0.5079,22666,22666,65344
163657,Prince George's Community College,Largo,MD,2,1,21,NA,NA,8815,0.6328,0.2829,4034,8762,15544,3887,8345,0.3634,0.125,NA,NA,NA,10500,10500,47548
163815,Maryland Beauty Academy of Essex,Baltimore,MD,1,3,21,NA,NA,35,0.9429,0.4444,NA,NA,NA,5318,NA,NA,0.6042,NA,NA,NA,8500,8500,20445
163851,Salisbury University,Salisbury,MD,3,1,23,0.8747,1252,6057,0.5651,0.071,11084,22174,28310,6922,10679,0.6841,0.3904,0.7766,0.6815,0.6779,21000,21000,61515
163912,St. Mary's College of Maryland,St. Mary's City,MD,3,1,41,0.6863,1261,1603,0.5989,0.019,15298,31374,31865,11513,9044,0.702,0.4274,0.8575,0.6995,0.6904,21000,21000,60110
163976,St. John's College,Annapolis,MD,3,2,21,0.5524,1372,471,0.4926,0.0348,40684,40684,55540,14740,8919,1,0.4611,0.8271,0.7143,0.6929,27000,27000,51584
164076,Towson University,Towson,MD,3,1,13,0.8197,1095,16136,0.5864,0.0951,11728,29820,28535,6899,9975,0.5713,0.4163,0.8277,0.6946,0.6858,18718,18718,64390
164155,United States Naval Academy,Annapolis,MD,3,1,21,0.0927,1307,4474,0.2959,0.0112,NA,NA,NA,0,14161,0.9951,NA,0.9732,0.9294,0.9239,NA,NA,NA
164173,Stevenson University,Owings Mills,MD,3,2,21,0.7891,NA,3102,0.6099,0.0935,40560,40560,58394,13047,8822,0.2958,0.6978,0.7879,0.6849,0.6739,26000,26000,62079
164216,Washington College,Chestertown,MD,3,2,32,0.5689,1280,891,0.5612,0.0218,55326,55326,73314,17234,6768,0.8,0.4716,0.8391,0.6537,0.7012,26956,26956,65518
164270,McDaniel College,Westminster,MD,3,2,31,0.7793,NA,1617,0.5584,0.0198,52081,52081,65294,14080,8473,0.2524,0.5838,0.7602,0.6329,0.6353,25000,25000,60663
164313,Wor-Wic Community College,Salisbury,MD,2,1,41,NA,NA,2169,0.6971,0.3369,3840,8400,15190,3635,7366,0.5,0.1593,NA,NA,NA,7828,7828,36748
164368,Hult International Business School,Cambridge,MA,3,2,12,0.6048,NA,618,0.3981,0.0303,57160,57160,79075,28204,11791,0.3519,0.085,0.8025,0.6667,0.6633,PS,PS,NA
164447,American International College,Springfield,MA,3,2,12,0.9957,NA,1017,0.4553,0.0744,44230,44230,59270,11306,7628,0.2209,0.6728,0.5673,0.4591,0.4402,27000,27000,53124
164465,Amherst College,Amherst,MA,3,2,13,0.0901,1533,1911,0.5495,0.011,70480,70480,87640,32753,15606,0.9673,0.0838,0.9734,0.939,0.9367,13740,13740,77644
164492,Anna Maria College,Paxton,MA,3,2,41,0.503,NA,906,0.3687,0.1849,44571,44571,61888,12494,7264,0.3049,0.6541,0.6032,0.4623,0.4356,25000,25000,46651
164535,Assabet Valley Regional Technical School,Marlborough,MA,1,1,21,0.8548,NA,47,0.766,0.6667,NA,NA,NA,16597,NA,NA,0.625,NA,NA,NA,9500,9500,NA
164562,Assumption University,Worcester,MA,3,2,12,0.8298,NA,1669,0.5446,0.0083,51356,51356,65551,16189,9808,0.5112,0.8365,0.8392,0.7523,0.7493,27000,27000,74895
164580,Babson College,Wellesley,MA,3,2,21,0.1709,1457,2728,0.4399,0.0033,57152,57152,80192,36243,20620,1,0.2707,0.9457,0.9312,0.9274,20000,20000,123938
164614,Boston Baptist College,Boston,MA,3,2,11,0.9091,NA,19,0.3158,0.3939,14304,14304,23370,16577,1556,NA,0.4242,0.3333,0.1429,0.4412,PS,PS,34159
164632,Bay Path University,Longmeadow,MA,3,2,21,0.852,1120,1108,0.9991,0.5141,38302,38302,47308,14475,9202,0.1041,0.7825,0.728,0.4394,0.5072,24901,24901,55383
164739,Bentley University,Waltham,MA,3,2,13,0.4505,1352,4474,0.3938,0.0048,61000,61000,79548,33527,15847,0.6667,0.4317,0.9268,0.8679,0.875,25023,25023,120959
164748,Berklee College of Music,Boston,MA,3,2,11,0.4353,NA,7468,0.4503,0.1705,52040,52040,72700,32931,10837,0.3449,0.3392,0.8857,0.6731,0.6682,25000,25000,33647
164775,Berkshire Community College,Pittsfield,MA,2,1,41,NA,NA,1358,0.6723,0.3422,6164,11468,18062,5080,8355,0.2825,0.3041,NA,NA,NA,12053,12053,38832
164872,Boston Architectural College,Boston,MA,1,2,11,NA,NA,280,0.6143,0.5229,27470,27470,40343,21705,7127,0.1123,0.4477,0.75,0.3158,0.3555,37250,37250,62123
164915,Boston Graduate School of Psychoanalysis Inc,Brookline,MA,4,2,21,NA,NA,NA,NA,NA,NA,NA,NA,23242,4225,NA,NA,NA,NA,NA,PS,PS,NA
164924,Boston College,Chestnut Hill,MA,3,2,13,0.1643,1507,10085,0.5224,0.0204,70702,70702,89493,41698,18131,0.6087,0.2996,0.9602,0.9083,0.9091,19000,19000,103937
164988,Boston University,Boston,MA,3,2,11,0.1111,1480,18248,0.5813,0.0294,68102,68102,86285,36360,16623,0.6986,0.2292,0.9472,0.8866,0.8931,23250,23250,83238
165015,Brandeis University,Waltham,MA,3,2,13,0.405,1462,3618,0.571,0.0038,68080,68080,86448,28132,14570,0.7434,0.2822,0.8702,0.8603,0.8607,25648,25648,77231
165024,Bridgewater State University,Bridgewater,MA,3,1,21,0.8781,1180,7829,0.5726,0.1328,11808,17948,26160,7977,11130,1,0.7498,0.7512,0.5341,0.5401,24286,24286,57466
165033,Bristol Community College,Fall River,MA,2,1,21,NA,NA,6083,0.6687,0.4111,5832,10776,12168,4345,7517,1,0.2516,NA,NA,NA,8243,8243,38663
165060,Signature Healthcare Brockton Hospital School of Nursing,Brockton,MA,1,2,21,0.3415,NA,146,0.8767,0.6579,NA,NA,NA,30378,NA,NA,0.7627,NA,NA,NA,20000,20000,88084
165112,Bunker Hill Community College,Boston,MA,2,1,11,NA,NA,8612,0.5928,0.3964,6168,11112,14899,5663,9041,0.2514,0.094,NA,NA,NA,10500,10500,47618
165167,Cambridge College,Boston,MA,3,2,11,NA,NA,532,0.8064,0.7601,18378,18378,34072,9281,8333,0.0043,0.3933,1,0.1111,PS,21791,21791,45998
165194,Cape Cod Community College,West Barnstable,MA,2,1,13,NA,NA,2911,0.6462,0.4274,6000,10944,15053,4289,8019,0.28,0.0975,NA,NA,NA,12000,12000,43670
165255,Catherine Hinds Institute of Esthetics,Woburn,MA,1,3,21,NA,NA,174,0.9828,0.7914,NA,NA,NA,23821,NA,NA,0.4588,NA,NA,NA,6233,6233,NA
165264,Laboure College of Healthcare,Milton,MA,2,2,21,0.5,NA,525,0.8705,0.8745,30618,30618,36863,28038,7275,0.2447,0.6778,NA,1,PS,25250,25250,62200
165334,Clark University,Worcester,MA,3,2,12,0.3954,1370,2214,0.5655,0.0097,58867,58867,68432,23937,12471,1,0.5775,0.8617,0.7694,0.7703,26759,26759,62381
165495,Conway School of Landscape Design,Northampton,MA,4,2,13,NA,NA,NA,NA,NA,NA,NA,NA,26862,6056,NA,NA,NA,NA,NA,NA,NA,NA
165529,Curry College,Milton,MA,3,2,21,0.8765,1125,1780,0.573,0.1216,47970,47970,64020,19223,11385,0.363,0.709,0.6616,0.5112,0.4966,25000,25000,54400
165574,Dean College,Franklin,MA,3,2,21,0.7371,NA,1089,0.5078,0.0521,46526,46526,64889,23827,7401,0.2348,0.715,0.6835,0.5359,0.4845,25000,25000,38109
165608,Diman Regional Technical Institute,Fall River,MA,1,1,21,0.3923,NA,17,0.8824,0.5179,NA,NA,NA,14751,NA,NA,0.6429,NA,NA,NA,10015,PS,NA
165635,National Aviation Academy of New England,Concord,MA,1,3,21,NA,NA,241,0.1079,0.419,NA,NA,NA,18717,NA,NA,0.8941,NA,NA,NA,21198,21198,59009
165662,Emerson College,Boston,MA,3,2,11,0.5131,1358,3870,0.6574,0.0115,57056,57056,80399,33447,11853,0.3214,0.4295,0.8736,0.7711,0.782,23000,23000,62832
165671,Emmanuel College,Boston,MA,3,2,11,0.7565,1250,1854,0.7643,0.0258,48550,48550,65252,16203,10788,0.5192,0.6092,0.7858,0.6751,0.6676,27000,27000,68245
165699,Endicott College,Beverly,MA,3,2,21,0.7121,1274,3125,0.6589,0.0305,40650,40650,59328,22211,11416,0.2453,0.627,0.8436,0.7556,0.755,27000,27000,58336
165750,Rob Roy Academy-Fall River,Fall River,MA,1,3,21,NA,NA,97,0.6701,0.449,NA,NA,NA,15234,NA,NA,0.7188,NA,NA,NA,6333,6333,32113
165802,Fisher College,Boston,MA,3,2,11,0.7068,NA,1167,0.5236,0.3461,35689,35689,53921,12665,7855,0.28,0.6113,0.5459,0.2775,0.2811,25000,25000,49669
165820,Fitchburg State University,Fitchburg,MA,3,1,22,0.8693,1150,2752,0.5265,0.1976,11346,17426,25555,6810,10973,0.4947,0.4676,0.6947,0.5512,0.5389,24239,24239,53874
165866,Framingham State University,Framingham,MA,3,1,13,0.8361,1180,2566,0.5421,0.1285,11920,18000,27413,7090,11240,0.6034,0.5083,0.7099,0.478,0.4867,25000,25000,52349
165884,Benjamin Franklin Cummings Institute of Technology,Boston,MA,1,2,11,NA,NA,483,0.1056,0.3328,18906,18906,30406,11356,8025,0.4648,0.3678,0.5,0.4577,0.4642,12000,12000,57556
165936,Gordon College,Wenham,MA,3,2,41,0.6923,1265,1278,0.5751,0.0201,30700,30700,42446,13799,7927,0.5155,0.5259,0.8442,0.6854,0.6809,26250,26250,52119
165945,Gordon-Conwell Theological Seminary,South Hamilton,MA,4,2,21,NA,NA,NA,NA,NA,NA,NA,NA,12537,6381,0.9667,NA,NA,NA,NA,PS,PS,NA
165981,Greenfield Community College,Greenfield,MA,2,1,32,NA,NA,1395,0.633,0.4378,5810,11930,14762,4748,8613,0.3268,0.0693,NA,NA,NA,8307,8307,37132
166018,Hampshire College,Amherst,MA,3,2,41,0.7528,NA,839,0.6246,0.0474,58896,58896,74195,11936,10085,0.8103,0.6165,0.7838,0.5426,0.5585,26893,26893,46938
166027,Harvard University,Cambridge,MA,3,2,12,0.0365,1553,7601,0.5377,0.1655,61676,61676,85540,37705,25048,0.8676,0.0444,0.983,0.9758,0.9745,14000,14000,101817
166045,Hebrew College,Newton,MA,4,2,13,NA,NA,0,0,NA,NA,NA,NA,23191,8988,0.2778,NA,NA,NA,NA,PS,PS,NA
166054,Hellenic College-Holy Cross Greek Orthodox School of Theology,Brookline,MA,3,2,21,0.7963,NA,64,0.2188,0.1875,22490,22490,41282,18410,7542,0.4063,0.3788,0.7143,0.4444,0.5468,21500,PS,51724
166124,College of the Holy Cross,Worcester,MA,3,2,12,0.1761,1353,3106,0.5399,0.002,64500,64500,80334,37601,12363,0.893,0.3768,0.9478,0.8733,0.8843,27000,27000,90543
166133,Holyoke Community College,Holyoke,MA,2,1,41,NA,NA,3591,0.6644,0.3732,5988,10932,15043,3713,8625,0.4074,0.2434,NA,NA,NA,8250,8250,37277
166391,Lasell University,Newton,MA,3,2,13,0.8122,1100,1226,0.6468,0.0456,27040,27040,42434,16612,8850,0.3208,0.7168,0.7038,0.5864,0.5581,26000,26000,49705
166407,Lawrence Memorial Hospital School of Nursing,Medford,MA,2,2,21,NA,NA,174,0.9195,0.7436,31038,31038,NA,29693,9262,0.5,0.7744,NA,NA,NA,20000,20000,101466
166452,Lesley University,Cambridge,MA,3,2,12,0.9687,NA,1122,0.7077,0.1863,34256,34256,51538,25346,8813,0.2746,0.5387,0.7228,0.5802,0.5989,21000,21000,51173
166489,Longy School of Music of Bard College,Cambridge,MA,1,2,12,NA,NA,10,0.4,0.1176,55275,55275,72450,25783,5720,0.0698,0.1176,0.8571,0.7778,0.5454,24254,24254,46543
166498,Lowell Academy Hairstyling Institute,Lowell,MA,1,3,21,NA,NA,66,0.9848,0.1695,NA,NA,NA,9924,NA,NA,0.6383,NA,NA,NA,7994,7994,NA
166513,University of Massachusetts-Lowell,Lowell,MA,3,1,21,0.8304,1285,11434,0.4235,0.1847,16966,36264,30786,11874,14275,0.604,0.5302,0.8399,0.6482,0.6741,23704,23704,64874
166629,University of Massachusetts-Amherst,Amherst,MA,3,1,13,0.5973,1423,23671,0.5227,0.0474,17772,40449,34549,14910,14663,0.8123,0.4662,0.9191,0.8326,0.8321,22763,22763,71631
166638,University of Massachusetts-Boston,Boston,MA,3,1,11,0.8378,1194,11512,0.5545,0.1589,15908,38125,30544,13796,12724,0.5988,0.506,0.7041,0.4941,0.5017,21974,21974,65865
166647,Massachusetts Bay Community College,Wellesley Hills,MA,2,1,21,NA,NA,3837,0.5739,0.4065,5856,10800,14185,5555,8717,0.2591,0.0961,NA,NA,NA,6500,6500,52654
166656,Massachusetts College of Pharmacy and Health Sciences,Boston,MA,3,2,11,0.8521,1269,3451,0.7717,0.1657,40530,40530,65022,21864,11769,0.3299,0.6658,0.7396,0.6202,0.6271,25000,25000,125557
166674,Massachusetts College of Art and Design,Boston,MA,3,1,11,0.7627,NA,1831,0.7531,0.1114,15400,43400,34239,15086,10690,0.9921,0.5117,0.891,0.6887,0.6904,25755,25755,43582
166683,Massachusetts Institute of Technology,Cambridge,MA,3,2,12,0.0455,1560,4535,0.4816,0.0087,62396,62396,82730,33887,24177,0.9898,0.0669,0.9908,0.9641,0.9624,14768,14768,143372
166692,Massachusetts Maritime Academy,Buzzards Bay,MA,3,1,21,0.947,NA,1395,0.1462,0.0275,11420,23722,31367,17260,10073,0.5346,0.8072,0.868,0.7406,0.7656,25000,25000,82392
166708,University of Massachusetts Chan Medical School,Worcester,MA,4,1,12,NA,NA,NA,NA,NA,NA,NA,NA,29227,11904,0.2959,NA,NA,NA,NA,PS,PS,NA
166717,William James College,Newton,MA,3,2,13,NA,NA,39,0.8462,0.8611,NA,NA,NA,31526,9598,0.6275,0.6667,NA,NA,NA,PS,PS,NA
166805,Massachusetts School of Barbering,Quincy,MA,1,3,21,NA,NA,44,0.2955,0.5625,NA,NA,NA,16757,NA,NA,0.6509,NA,NA,NA,8294,8294,NA
166823,Massasoit Community College,Brockton,MA,2,1,21,NA,NA,4235,0.609,0.3456,5376,10320,14904,5496,7871,0.2,0.0583,NA,NA,NA,10000,10000,46111
166850,Merrimack College,North Andover,MA,3,2,21,0.7002,NA,3916,0.536,0.0214,53962,53962,70038,19285,12316,0.4365,0.5999,0.7927,0.7005,0.7095,27000,27000,75584
166869,MGH Institute of Health Professions,Boston,MA,3,2,11,NA,NA,164,0.9085,0.5177,NA,NA,NA,35479,10516,0.7662,0.2315,NA,NA,NA,24961,24961,87130
166887,Middlesex Community College,Bedford,MA,2,1,21,NA,NA,5412,0.6264,0.2438,6048,12120,10342,4520,8618,0.2481,0.0529,NA,NA,NA,7291,7291,50651
166911,Montserrat College of Art,Beverly,MA,3,2,21,NA,NA,226,0.7212,0.0543,40690,40690,58616,18394,6551,0.4667,0.7538,0.9091,0.5347,0.5729,27000,27000,33022
166939,Mount Holyoke College,South Hadley,MA,3,2,21,0.3603,1463,2169,1,0.0235,67018,67018,84926,27607,13140,0.9122,0.4351,0.8859,0.8439,0.8469,22902,22902,58418
166957,Mount Wachusett Community College,Gardner,MA,2,1,22,NA,NA,3059,0.6662,0.3795,6160,11080,15487,3659,8488,1,0.1692,NA,NA,NA,10252,10252,41118
167039,Rob Roy Academy-New Bedford,New Bedford,MA,1,3,22,NA,NA,15,1,0.2667,NA,NA,NA,14696,NA,NA,0.3333,NA,NA,NA,PS,PS,NA
167057,The New England Conservatory of Music,Boston,MA,3,2,11,0.411,NA,393,0.4478,0.028,60750,60750,81277,49472,7937,0.3037,0.2341,0.8842,0.7339,0.7558,27000,27000,34483
167093,New England College of Optometry,Boston,MA,3,2,11,NA,NA,NA,NA,NA,NA,NA,NA,42427,11078,0.375,NA,NA,NA,NA,NA,NA,NA
167215,New England Law-Boston,Boston,MA,4,2,11,NA,NA,NA,NA,NA,NA,NA,NA,24250,12017,0.2013,NA,NA,NA,NA,PS,PS,NA
167260,Nichols College,Dudley,MA,3,2,21,0.8084,1140,1163,0.3414,0.0616,42705,42705,58310,17022,9714,0.3525,0.6866,0.7246,0.6261,0.6314,27000,27000,58063
167288,Massachusetts College of Liberal Arts,North Adams,MA,3,1,31,0.8974,NA,713,0.554,0.1268,12436,21381,26026,6533,10457,0.6378,0.6077,0.7566,0.5564,0.5221,23750,23750,48102
167297,North Bennet Street School,Boston,MA,1,2,11,NA,NA,155,0.3677,0.7086,NA,NA,NA,19910,NA,NA,0.3333,NA,NA,NA,9500,9500,43993
167312,North Shore Community College,Danvers,MA,2,1,21,NA,NA,4393,0.6469,0.3744,5352,10920,15896,4595,8822,1,0.1043,NA,NA,NA,9000,9000,45391
167358,Northeastern University,Boston,MA,3,2,11,0.0522,1497,17326,0.5657,0.0074,66162,66162,84641,49166,16218,0.7023,0.2732,0.969,0.9054,0.9046,24250,24250,92538
167376,Northern Essex Community College,Haverhill,MA,2,1,21,NA,NA,3685,0.6358,0.296,6732,12516,13201,4134,8318,0.5305,0.0967,NA,NA,NA,9000,9000,42862
167394,College of Our Lady of the Elms,Chicopee,MA,3,2,21,0.8526,NA,949,0.7292,0.2553,43325,43325,54027,17396,7693,0.3229,0.7052,0.7602,0.6809,0.6624,25000,25000,51540
167525,Quincy College,Quincy,MA,2,1,21,NA,NA,2300,0.6096,0.5109,8938,8938,22528,6308,9390,0.8537,0.2167,0.6,0.1509,0.1604,13874,13874,52506
167534,Quinsigamond Community College,Worcester,MA,2,1,12,NA,NA,6447,0.6208,0.3631,6262,11206,15921,3375,8938,0.2818,0.2991,NA,NA,NA,16575,16575,45949
167598,Regis College,Weston,MA,3,2,21,0.6978,NA,956,0.7835,0.1861,49680,49680,65546,22161,9009,0.3529,0.6546,0.7895,0.7217,0.7072,25500,25500,52873
167631,Roxbury Community College,Roxbury Crossing,MA,2,1,11,NA,NA,1977,0.6788,0.5283,6024,11328,16621,2818,8397,0.2683,0,NA,NA,NA,PS,PS,38773
167677,Saint John's Seminary,Brighton,MA,3,2,11,NA,NA,7,0,0.625,NA,NA,NA,22110,6108,0.6875,0,NA,NA,NA,PS,PS,NA
167729,Salem State University,Salem,MA,3,1,21,0.9588,NA,4291,0.636,0.1306,12338,19531,28291,9727,10694,1,0.491,0.7525,0.4977,0.5236,25000,25000,56662
167783,Simmons University,Boston,MA,3,2,11,0.6998,1316,1670,1,0.1182,46874,46874,63460,21707,8463,0.3026,0.6341,0.8481,0.7234,0.7179,24840,24840,63494
167792,Simon's Rock at Bard College,Barrytown,NY,2,2,42,0.9589,NA,225,0.5644,0.0288,68780,68780,85262,22688,8318,0.6618,0.3301,0.7745,0.6828,0.607,24254,24254,46543
167835,Smith College,Northampton,MA,3,2,13,0.21,1500,2544,0.9996,0.0208,65178,65178,86030,29438,13076,0.8697,0.1409,0.943,0.8905,0.8936,17550,17550,64027
167871,Southeastern Technical Institute,South Easton,MA,1,1,21,0.7057,NA,260,0.5885,0.4306,NA,NA,NA,1273,NA,NA,0.397,NA,NA,NA,8846,8846,NA
167899,Springfield College,Springfield,MA,3,2,12,0.7189,1275,1751,0.4849,0.0104,45174,45174,60729,17705,8245,1,0.7212,0.8067,0.7419,0.7056,26250,26250,48036
167905,Springfield Technical Community College,Springfield,MA,2,1,12,NA,NA,4759,0.639,0.4034,5904,11112,14971,4374,7978,0.498,0.2206,NA,NA,NA,6570,6570,36966
167987,University of Massachusetts-Dartmouth,North Dartmouth,MA,3,1,22,0.9064,1182,5221,0.5214,0.1369,15612,32567,33485,11124,12795,0.6792,0.6433,0.636,0.5207,0.5057,25000,25000,68804
167996,Stonehill College,Easton,MA,3,2,21,0.6628,NA,2528,0.5427,0.0052,57490,57490,72714,20255,10720,0.5819,0.6242,0.8396,0.76,0.7844,25000,25000,77745
168005,Suffolk University,Boston,MA,3,2,11,0.8233,1216,4268,0.6432,0.037,47550,47550,65281,26185,12891,0.5615,0.5477,0.7543,0.6088,0.604,26889,26889,67506
168032,Rob Roy Academy-Taunton,Taunton,MA,1,3,21,NA,NA,23,1,0.5238,NA,NA,NA,12244,NA,NA,0.6471,NA,NA,NA,PS,PS,NA
168148,Tufts University,Medford,MA,3,2,21,0.1149,1513,7061,0.5654,0.0115,70704,70704,88300,41418,14205,0.6422,0.1886,0.955,0.9351,0.9342,16250,16250,83214
168218,Wellesley College,Wellesley,MA,3,2,21,0.1405,1520,2300,0.9987,0.007,67176,67176,86290,25700,14120,0.8005,0.1613,0.965,0.9153,0.9137,10000,10000,84803
168227,Wentworth Institute of Technology,Boston,MA,3,2,11,0.9121,1229,3747,0.2647,0.0391,42884,42884,61096,21204,11150,0.4752,0.5468,0.8376,0.6824,0.6843,25028,25028,82721
168254,Western New England University,Springfield,MA,3,2,12,0.8348,1192,2603,0.4357,0.0259,47820,47820,60262,21847,10676,0.6068,0.7794,0.7397,0.6398,0.6393,25500,25500,73157
168263,Westfield State University,Westfield,MA,3,1,21,0.8141,NA,3615,0.553,0.122,12179,18259,27649,9085,11555,0.5867,0.5055,0.739,0.5441,0.5464,22457,22457,57346
168281,Wheaton College (Massachusetts),Norton,MA,3,2,21,0.6773,1308,1773,0.6543,0.0051,63960,63960,79311,18356,8150,0.7394,0.7754,0.8218,0.7282,0.7427,26000,26000,67725
168342,Williams College,Williamstown,MA,3,2,31,0.0825,1533,2076,0.5246,0.0099,68560,68560,84860,33998,15317,0.8771,0.0483,0.9685,0.9361,0.9509,12761,12761,88665
168421,Worcester Polytechnic Institute,Worcester,MA,3,2,12,0.6016,NA,5447,0.3255,0.007,60965,60965,78679,28974,13376,0.8285,0.5173,0.9366,0.8971,0.8911,27000,27000,103470
168430,Worcester State University,Worcester,MA,3,1,12,0.8799,1150,3930,0.6043,0.1234,11786,17866,22874,8042,10308,0.4659,0.4421,0.7814,0.6145,0.5845,19500,19500,60624
168528,Adrian College,Adrian,MI,3,2,32,0.7253,1034,1604,0.4258,0.0143,41684,41684,56003,13710,6614,0.4438,0.7074,0.6542,0.4842,0.5185,27000,27000,55504
168546,Albion College,Albion,MI,3,2,32,0.807,NA,1300,0.5323,0.0081,56950,56950,69986,11309,7469,0.8824,0.6366,0.708,0.6159,0.5913,27000,27000,58799
168555,Hillsdale Beauty College,Hillsdale,MI,1,3,32,NA,NA,26,1,0.1563,NA,NA,NA,11947,NA,NA,0.6042,NA,NA,NA,9377,PS,17793
168573,Northwestern Technological Institute,Southfield,MI,1,3,13,NA,NA,746,0.0295,0.4543,NA,NA,NA,14832,NA,NA,0.5971,NA,NA,NA,9500,9500,41237
168591,Alma College,Alma,MI,3,2,32,0.5703,NA,1148,0.5253,0.0154,49552,49552,63650,12911,7879,0.6232,0.566,0.8497,0.6287,0.633,27000,27000,54742
168607,Alpena Community College,Alpena,MI,2,1,33,NA,NA,732,0.5137,0.1399,5250,8010,12246,6400,9860,0.5176,0.0987,0.5,0.515,0.5088,9024,9024,36442
168740,Andrews University,Berrien Springs,MI,3,2,31,0.8185,1150,1224,0.518,0.1113,35056,35056,45218,17040,7256,0.6677,0.306,0.8321,0.7153,0.6882,26000,26000,53187
168786,Aquinas College,Grand Rapids,MI,3,2,12,0.8988,1025,1083,0.5245,0.0521,40218,40218,51652,13759,6660,0.5068,0.6882,0.7831,0.6536,0.6398,23000,23000,49584
168847,Baker College,Owosso,MI,3,2,32,0.8187,1080,3026,0.7865,0.4681,13000,13000,24526,11424,6382,0.1843,0.4507,0.661,0.3583,0.3349,25000,25000,35833
168883,Bay de Noc Community College,Escanaba,MI,2,1,33,NA,NA,1223,0.6492,0.2249,5712,10528,19020,7269,7091,1,0.1811,NA,NA,NA,12618,12618,35090
168892,Bayshire Academy of Beauty Craft Inc,Bay City,MI,1,3,13,NA,NA,97,0.9794,0.5769,NA,NA,NA,10125,NA,NA,0,NA,NA,NA,PS,PS,24471
169080,Calvin University,Grand Rapids,MI,3,2,12,0.7091,1233,3193,0.4995,0.0668,39350,39350,54222,13856,9559,1,0.3344,0.8676,0.7406,0.7576,23250,23250,58375
169099,Calvin Theological Seminary,Grand Rapids,MI,4,2,12,NA,NA,NA,NA,NA,NA,NA,NA,1866,8917,0.8,NA,NA,NA,NA,PS,PS,NA
169187,Carnegie Institute,Troy,MI,1,3,13,NA,NA,93,0.8495,0.7282,15645,15645,21852,13778,NA,NA,0.7573,NA,NA,NA,9336,9336,38244
169220,Michigan School of Psychology,Farmington Hills,MI,4,2,13,NA,NA,NA,NA,NA,NA,NA,NA,23294,9163,0.4242,NA,NA,NA,NA,PS,PS,NA
169248,Central Michigan University,Mount Pleasant,MI,3,1,32,0.8982,1091,10035,0.6164,0.1374,14760,14760,30681,13220,10682,0.7527,0.6872,0.7536,0.5872,0.6037,27000,27000,55874
169275,Mott Community College,Flint,MI,2,1,13,NA,NA,5251,0.6206,0.3806,6845,11460,15460,4729,8644,1,0.2544,NA,NA,NA,13000,13000,32538
169284,Empire Beauty School-Michigan,Grand Rapids,MI,1,3,21,NA,NA,259,0.8958,0.3053,NA,NA,NA,7166,NA,NA,0.488,NA,NA,NA,10667,10667,22377
169327,Cleary University,Howell,MI,3,2,22,0.6754,NA,738,0.393,0.4809,26102,26102,39718,14579,4499,0.0441,0.5358,0.6585,0.4146,0.4054,19500,19500,54186
169363,Concordia University Ann Arbor,Ann Arbor,MI,3,2,12,0.6925,NA,702,0.5014,0.0297,35410,35410,51853,14539,6511,1,0.6073,0.4464,0.4764,0.4869,25750,25750,56075
169424,Cranbrook Academy of Art,Bloomfield Hills,MI,4,2,21,NA,NA,NA,NA,NA,NA,NA,NA,18924,10131,0.8462,NA,NA,NA,NA,PS,PS,NA
169442,College for Creative Studies,Detroit,MI,3,2,11,0.9194,NA,1230,0.6805,0.0994,53350,53350,66014,27038,10972,1,0.5247,0.8217,0.7061,0.7012,26000,26000,44860
169479,Davenport University,Grand Rapids,MI,3,2,21,0.9784,NA,3134,0.5635,0.3248,24466,24466,37319,17664,7047,0.293,0.4577,0.8205,0.5659,0.532,26000,26000,45099
169503,David Pressley School of Cosmetology,Royal Oak,MI,1,3,21,NA,NA,225,0.9867,0.3232,NA,NA,NA,10879,NA,NA,0.4917,NA,NA,NA,6333,6333,22973
169521,Delta College,University Center,MI,2,1,41,NA,NA,6573,0.6391,0.3526,4820,7880,13541,4691,10038,1,0.1123,NA,NA,NA,10978,10978,37781
169576,Detroit Business Institute-Downriver,Detroit,MI,1,3,21,1,NA,124,0.9435,0.8298,NA,NA,NA,12514,NA,NA,0.7754,NA,NA,NA,PS,PS,26702
169655,Universal Technical Institute-Canton,Canton,MI,1,3,21,NA,NA,1417,0.0748,0.3812,17943,17943,29172,13265,5554,0.8485,0.3508,NA,NA,NA,12801,12801,62575
169716,University of Detroit Mercy,Detroit,MI,3,2,11,0.7542,1134,2438,0.6411,0.0567,32946,32946,42211,26229,10733,1,0.2595,0.8349,0.672,0.6764,23250,23250,71030
169761,Dorsey College,Madison Heights,MI,1,3,21,NA,NA,643,0.6874,0.6252,16990,16990,34227,19017,5217,0.2982,0.7861,NA,NA,NA,13000,13000,29392
169798,Eastern Michigan University,Ypsilanti,MI,3,1,21,0.7964,1066,10055,0.5868,0.1895,16240,16240,29640,14994,10472,0.9856,0.429,0.6875,0.4644,0.4593,25000,25000,51793
169813,Creative Hair School of Cosmetology,Flint,MI,1,3,21,NA,NA,38,0.9737,0.6667,NA,NA,NA,8142,NA,NA,0.5921,NA,NA,NA,15406,PS,NA
169910,Ferris State University,Big Rapids,MI,3,1,33,0.9139,1012,8106,0.5424,0.149,14778,14778,27048,12662,10752,0.7097,0.4336,0.7762,0.4687,0.4736,21000,21000,54735
169974,Glen Oaks Community College,Centreville,MI,2,1,42,NA,NA,600,0.6167,0.2016,4176,6624,17124,3659,9067,0.6765,0.0955,NA,NA,NA,10794,10794,37540
169983,Kettering University,Flint,MI,3,2,13,0.7867,1251,1205,0.2025,0.0341,48470,48470,61250,21055,9222,1,0.4527,0.943,0.708,0.7067,27000,27000,94823
169992,Gogebic Community College,Ironwood,MI,2,1,33,NA,NA,511,0.6419,0.1979,4800,7530,14456,3226,8135,1,0.1726,NA,NA,NA,10925,10925,40950
170000,Grace Christian University,Wyoming,MI,3,2,13,0.9916,NA,716,0.5405,0.4467,18690,18690,26166,6700,5647,1,0.5432,0.6522,0.5104,0.464,24375,24375,41663
170037,Cornerstone University,Grand Rapids,MI,3,2,12,0.7777,NA,1298,0.5863,0.1406,23000,23000,42043,13957,7119,1,0.5229,0.7828,0.6187,0.6172,25000,25000,47314
170055,Grand Rapids Community College,Grand Rapids,MI,2,1,12,NA,NA,10698,0.5561,0.3121,4179,12219,15658,5045,9586,0.4281,0.1415,NA,NA,NA,9000,9000,38377
170082,Grand Valley State University,Allendale,MI,3,1,31,0.8302,1074,18854,0.6041,0.0712,15140,21548,28367,13236,10156,0.6562,0.5013,0.7632,0.6701,0.6781,24500,24500,56118
170091,Great Lakes Christian College,Lansing,MI,3,2,21,NA,NA,197,0.3909,0.1029,19520,19520,30311,4491,4828,0.2727,0.5086,0.4894,0.36,0.3077,18779,PS,31053
170240,Henry Ford College,Dearborn,MI,1,1,12,NA,NA,8643,0.5706,0.2394,3568,7816,11784,3147,11423,1,0.1704,NA,0.1723,0.1381,14250,14250,34795
170286,Hillsdale College,Hillsdale,MI,3,2,32,0.2072,1415,1573,0.5092,0.0142,33189,33189,NA,9761,8424,1,0,0.9656,0.8971,0.8716,NA,NA,NA
170301,Hope College,Holland,MI,3,2,13,0.7924,1249,3288,0.6019,0.0217,41970,41970,55646,17816,8709,0.6866,0.4418,0.8837,0.7995,0.8109,26800,26800,58427
170444,Jackson College,Jackson,MI,1,1,41,NA,NA,3422,0.6373,0.2905,7350,10200,18708,3817,7052,1,0.1672,NA,0.159,0.1664,13875,13875,36898
170532,Kalamazoo College,Kalamazoo,MI,3,2,13,0.7532,1280,1149,0.5527,0.0033,61050,61050,74208,16229,8916,0.848,0.4498,0.8455,0.7598,0.7897,26077,26077,65590
170541,Kalamazoo Valley Community College,Kalamazoo,MI,2,1,22,NA,NA,4997,0.5501,0.3255,4144,9094,11386,4985,11727,0.2398,0.1701,NA,NA,NA,9699,9699,38618
170550,Kellogg Community College,Battle Creek,MI,2,1,13,NA,NA,2971,0.7152,0.3704,4118,8282,12420,7225,9854,0.2144,0.2456,NA,NA,NA,17000,17000,38329
170587,Kirtland Community College,Grayling,MI,2,1,42,NA,NA,1023,0.654,0.37,5190,9870,15990,6174,6271,0.6875,0.2714,NA,NA,NA,13067,13067,35831
170611,Michigan College of Beauty-Monroe,Monroe,MI,1,3,23,NA,NA,70,0.9857,0.42,NA,NA,NA,11105,NA,NA,0.7151,NA,NA,NA,6333,6333,22766
170620,Lake Michigan College,Benton Harbor,MI,2,1,41,NA,NA,2105,0.6195,0.2342,5445,7755,15917,4009,9026,1,0.1288,NA,NA,NA,9000,9000,34466
170639,Lake Superior State University,Sault Ste Marie,MI,3,1,33,NA,NA,1325,0.5426,0.1222,14890,14890,27154,8646,8000,0.9175,0.3703,0.788,0.5098,0.5376,23250,23250,49045
170657,Lansing Community College,Lansing,MI,2,1,12,NA,NA,8207,0.5455,0.2993,4100,11300,13013,4633,8885,0.3276,0.1731,NA,NA,NA,12700,12700,39206
170675,Lawrence Technological University,Southfield,MI,3,2,13,0.559,NA,1668,0.3387,0.0515,44760,44760,58166,29592,9215,0.3654,0.346,0.7836,0.6058,0.6155,27000,27000,69151
170736,M J Murphy Beauty College of Mount Pleasant,Mount Pleasant,MI,1,3,32,NA,NA,50,1,0.1143,NA,NA,NA,10520,NA,NA,0.6981,NA,NA,NA,PS,PS,20720
170790,Macomb Community College,Warren,MI,2,1,12,NA,NA,13876,0.561,0.3207,3660,8370,11912,3515,11296,0.237,0.0887,NA,NA,NA,6000,6000,41596
170806,Madonna University,Livonia,MI,3,2,13,0.6339,980,1632,0.6422,0.1833,28440,28440,41038,17230,7541,0.3744,0.5454,0.7154,0.6,0.5897,23000,23000,59058
170967,Rochester Christian University,Rochester Hills,MI,3,2,21,0.9765,NA,792,0.6035,0.1818,29196,29196,41787,12396,6476,0.9487,0.4991,0.5957,0.4412,0.4266,24475,24475,48707
170976,University of Michigan-Ann Arbor,Ann Arbor,MI,3,1,12,0.1564,1465,34177,0.539,0.0163,17736,60946,34654,29214,13384,0.8168,0.237,0.9747,0.932,0.9321,19500,19500,83648
171100,Michigan State University,East Lansing,MI,3,1,13,0.848,1269,40922,0.5165,0.0183,16458,43842,32198,19590,13468,0.8591,0.3363,0.9005,0.8072,0.8143,23250,23250,67253
171128,Michigan Technological University,Houghton,MI,3,1,33,0.9243,1258,5955,0.2903,0.0299,19123,42988,34152,17406,11858,0.8658,0.4555,0.8882,0.6806,0.684,24990,24990,78198
171137,University of Michigan-Dearborn,Dearborn,MI,3,1,12,0.5561,1115,5952,0.4805,0.1352,15640,32896,24040,13372,11247,0.6877,0.3634,0.8249,0.5798,0.5726,22500,22500,59649
171146,University of Michigan-Flint,Flint,MI,3,1,13,0.7046,1102,4411,0.6364,0.3185,14704,28320,20915,12719,10504,0.5723,0.4288,0.7778,0.4031,0.4246,25000,25000,53230
171155,Mid Michigan College,Harrison,MI,2,1,41,NA,NA,2098,0.6373,0.2168,6132,10864,17703,4069,9427,1,0.2327,NA,NA,NA,13750,13750,37319
171225,Monroe County Community College,Monroe,MI,2,1,41,NA,NA,1435,0.6321,0.2604,4759,8267,10465,4987,10322,0.4286,0.1552,NA,NA,NA,12296,12296,41646
171234,Montcalm Community College,Sidney,MI,2,1,42,NA,NA,1122,0.6248,0.327,4662,10362,12702,5585,9116,0.6122,0.1191,NA,NA,NA,16500,16500,35499
171304,Muskegon Community College,Muskegon,MI,2,1,13,NA,NA,2760,0.6051,0.27,7250,16010,12178,3185,12073,1,0.0566,NA,NA,NA,9125,9125,36549
171395,North Central Michigan College,Petoskey,MI,2,1,33,NA,NA,942,0.621,0.2123,5430,10590,19219,3820,10825,1,0.0805,NA,NA,NA,14000,14000,36594
171456,Northern Michigan University,Marquette,MI,3,1,33,0.8402,NA,6556,0.6074,0.1399,14277,19773,27841,12459,9306,0.7103,0.4552,0.7796,0.5214,0.5152,21474,21474,47107
171483,Northwestern Michigan College,Traverse City,MI,2,1,13,NA,NA,2813,0.5027,0.2775,5860,13476,13753,10681,10057,0.4252,0.2139,0.8438,0.2484,0.2486,12500,12500,38167
171492,Northwood University,Midland,MI,3,2,13,0.6451,NA,1974,0.3744,0.3384,34400,34400,48780,14382,8840,0.22,0.448,0.7862,0.6332,0.6219,20842,20842,63075
171535,Oakland Community College,Auburn Hills,MI,2,1,21,NA,NA,12748,0.5562,0.3805,3020,5560,12353,2663,8471,1,0.1588,NA,NA,NA,9105,9105,37395
171571,Oakland University,Rochester Hills,MI,3,1,21,0.8784,1120,12351,0.5719,0.1493,15262,23188,25182,14316,10527,0.5415,0.3739,0.7794,0.5756,0.5727,22750,22750,58612
171599,The University of Olivet,Olivet,MI,3,2,42,0.8325,NA,892,0.426,0.0426,34068,34068,47069,11679,6387,1,0.7825,0.6138,0.3527,0.362,27000,27000,47907
171775,Port Huron Cosmetology College,Waterford,MI,1,3,21,NA,NA,37,1,0.5962,NA,NA,NA,11235,NA,NA,0.2609,NA,NA,NA,PS,PS,22980
171881,Kuyper College,Grand Rapids,MI,3,2,21,0.691,NA,145,0.3103,0.1111,27660,27660,38366,13360,5553,0.2927,0.4706,0.5897,0.5,0.5192,21389,21389,41066
171988,Ross Medical Education Center-Lansing,Lansing,MI,1,3,21,NA,NA,135,0.9333,0.4271,NA,NA,NA,8334,NA,NA,0.6888,NA,NA,NA,9500,9500,30072
171997,Ross Medical Education Center-Warren,Warren,MI,1,3,12,NA,NA,237,0.9451,0.366,NA,NA,NA,7439,NA,NA,0.5799,NA,NA,NA,9500,9500,30481
172015,Ross Medical Education Center-Flint,Flint,MI,1,3,21,NA,NA,116,0.9741,0.4368,NA,NA,NA,7724,NA,NA,0.6101,NA,NA,NA,9500,9500,30060
172033,Sacred Heart Major Seminary,Detroit,MI,1,2,11,1,NA,178,0.427,0.8883,24120,24120,41915,13642,7389,0.6087,0.016,1,0.6667,PS,PS,PS,49295
172051,Saginaw Valley State University,University Center,MI,3,1,22,0.7207,1052,5989,0.6348,0.1111,12930,30450,24936,9543,9515,0.4235,0.5039,0.7757,0.4825,0.5068,25000,25000,51955
172200,Schoolcraft Community College District,Livonia,MI,2,1,13,NA,NA,7511,0.587,0.3336,4736,8142,12048,5793,11755,0.2704,0.0752,NA,0.1836,0.1667,10500,10500,42722
172264,Siena Heights University,Adrian,MI,3,2,32,0.689,954,1495,0.5445,0.3038,30778,30778,44449,8258,6749,1,0.6779,0.7,0.3862,0.4464,18750,18750,57529
172291,St Clair County Community College,Port Huron,MI,2,1,23,NA,NA,2138,0.6408,0.2196,5212,12150,14391,7280,9955,0.3925,0.1114,NA,NA,NA,11750,11750,40177
172307,Southwestern Michigan College,Dowagiac,MI,2,1,41,NA,NA,1431,0.6157,0.2099,6417,8394,15589,4536,7880,0.3214,0.1623,NA,NA,NA,10959,10959,37303
172334,Spring Arbor University,Spring Arbor,MI,3,2,41,0.5152,1170,1010,0.6475,0.1833,34014,34014,44703,12845,6316,0.2727,0.5536,0.7707,0.6354,0.6139,26375,26375,51732
172422,Michigan Career and Technical Institute,Plainwell,MI,1,1,42,NA,NA,118,0.2203,0.0508,8549,12409,NA,113,NA,NA,0,NA,NA,NA,PS,PS,29376
172477,Thomas M Cooley Law School,Lansing,MI,4,2,12,NA,NA,NA,NA,NA,NA,NA,NA,31071,12684,0.4667,NA,NA,NA,NA,PS,PS,63450
172495,Twin City Beauty College,Saint Joseph,MI,1,3,23,NA,NA,274,0.9818,0.171,NA,NA,NA,13604,NA,NA,0.459,NA,NA,NA,9320,9320,23043
172608,Walsh College,Troy,MI,3,2,13,NA,NA,445,0.4787,0.5505,NA,NA,NA,29526,11435,0.1495,0.4921,NA,NA,NA,16217,16217,72081
172617,Washtenaw Community College,Ann Arbor,MI,1,1,21,NA,NA,7816,0.5479,0.3774,2736,6504,11826,3776,8835,0.2819,0.1586,NA,NA,NA,13310,13310,39449
172635,Wayne County Community College District,Detroit,MI,2,1,11,NA,NA,7423,0.6399,0.4082,3112,4067,15401,2403,9455,0.1345,0.0773,NA,NA,NA,12062,12062,29079
172644,Wayne State University,Detroit,MI,3,1,11,0.8116,1156,15587,0.5875,0.152,15190,32037,27350,11259,12166,0.5813,0.3779,0.8265,0.5844,0.5754,21250,21250,53493
172671,West Shore Community College,Scottville,MI,2,1,42,NA,NA,782,0.679,0.2704,4470,8820,10637,3817,9473,0.65,0.0379,NA,NA,NA,9089,9089,36115
172680,Paul Mitchell the School-Grand Rapids,Kentwood,MI,1,3,13,NA,NA,86,0.9767,0.1667,NA,NA,NA,12865,NA,NA,0.5714,NA,NA,NA,9833,9833,NA
172699,Western Michigan University,Kalamazoo,MI,3,1,13,0.846,NA,12568,0.5161,0.0943,15252,19034,29237,14849,10830,0.6315,0.471,0.8112,0.5757,0.5767,26188,26188,53562
172705,Western Theological Seminary,Holland,MI,4,2,13,NA,NA,NA,NA,NA,NA,NA,NA,6864,8996,0.9583,NA,NA,NA,NA,PS,PS,NA
172866,Academy College,Bloomington,MN,3,3,13,NA,NA,56,0.1429,0.7373,18680,18680,33874,45683,2708,1,0.4857,0,0.36,0.4839,29500,PS,48300
172918,Alexandria Technical & Community College,Alexandria,MN,2,1,33,NA,NA,1533,0.4344,0.1794,6236,6236,18698,4580,9453,0.5469,0.1777,NA,NA,NA,12000,12000,49393
172954,Anoka Technical College,Anoka,MN,1,1,21,NA,NA,1684,0.5386,0.4484,6267,6267,22247,3643,9433,0.5638,0.2733,NA,NA,NA,11000,11000,47746
172963,Anoka-Ramsey Community College,Coon Rapids,MN,2,1,21,NA,NA,4201,0.6096,0.1434,5682,5682,21068,3997,9471,0.5257,0.1357,NA,NA,NA,13500,13500,48342
173045,Augsburg University,Minneapolis,MN,3,2,11,0.8198,NA,2494,0.5481,0.0851,45452,45452,62303,15895,8416,0.5163,0.766,0.7233,0.5167,0.5206,25347,25347,58829
173063,Riverland Community College,Austin,MN,1,1,32,NA,NA,2003,0.5242,0.2375,6298,6298,14442,3630,9379,0.5,0.1376,NA,NA,NA,12000,12000,45247
173115,Northwest Technical College,Bemidji,MN,1,1,33,NA,NA,751,0.7257,0.4606,6254,6254,16905,3563,8992,0.4259,0.3307,NA,NA,NA,15000,15000,42930
173124,Bemidji State University,Bemidji,MN,3,1,33,0.5598,1090,3139,0.6101,0.2776,10237,10237,22744,5385,10427,0.6531,0.4217,0.7267,0.4787,0.5065,19750,19750,53755
173142,Bethany Lutheran College,Mankato,MN,3,2,13,0.3897,1150,669,0.5172,0.0294,31360,31360,41013,12569,7253,0.5059,0.4376,0.7196,0.5486,0.5691,23000,23000,46110
173160,Bethel University,Saint Paul,MN,3,2,21,0.878,1249,1871,0.551,0.0962,44226,44226,58569,17786,8331,0.3559,0.4386,0.8571,0.7138,0.7326,21500,21500,63764
173203,Central Lakes College-Brainerd,Brainerd,MN,2,1,33,NA,NA,1614,0.5384,0.1225,6249,6249,19543,3565,9626,0.562,0.1196,NA,NA,NA,11000,11000,42162
173258,Carleton College,Northfield,MN,3,2,32,0.2041,1517,2086,0.5034,0.0019,68892,68892,84893,35721,13960,0.8733,0.434,0.9647,0.896,0.9039,16750,16750,75525
173300,Concordia College at Moorhead,Moorhead,MN,3,2,22,0.6265,1190,1829,0.5314,0.0328,31170,31170,45942,13947,7714,0.7236,0.5309,0.8356,0.6107,0.6632,26847,26847,59317
173328,Concordia University-Saint Paul,Saint Paul,MN,3,2,11,0.7887,NA,3018,0.6746,0.309,25600,25600,37239,13525,7654,0.2245,0.5248,0.6739,0.459,0.5235,17832,17832,59871
173416,Dakota County Technical College,Rosemount,MN,2,1,41,NA,NA,2168,0.4317,0.2953,6679,6679,18552,5266,9498,0.3861,0.2521,NA,NA,NA,11000,11000,51938
173452,Martin Luther College,New Ulm,MN,3,2,32,0.8717,1090,725,0.5366,0.1952,18120,18120,29250,14079,5088,0.7959,0.6797,0.8467,0.715,0.7147,20177,20177,47491
173461,Lake Superior College,Duluth,MN,2,1,13,NA,NA,2471,0.5386,0.2134,5785,5785,19723,6234,9141,0.4088,0.2142,NA,NA,NA,12775,12775,46449
173559,Minnesota State Community and Technical College,Fergus Falls,MN,2,1,41,NA,NA,2942,0.6118,0.1932,5908,5908,17194,3902,9393,0.5764,0.2309,NA,NA,NA,12000,12000,45591
173638,Minnesota West Community and Technical College,Granite Falls,MN,1,1,43,NA,NA,1762,0.4279,0.3316,6491,6491,17408,4537,9212,0.5625,0.1274,NA,NA,NA,10987,10987,45285
173647,Gustavus Adolphus College,Saint Peter,MN,3,2,31,0.6099,1290,1878,0.5309,0.0082,56076,56076,67613,17717,8374,0.9274,0.54,0.8798,0.7665,0.7627,26774,26774,65607
173665,Hamline University,Saint Paul,MN,3,2,11,0.8763,1160,1776,0.6396,0.0503,50004,50004,58110,19396,8221,0.4878,0.5795,0.7823,0.6045,0.5908,23770,23770,61106
173683,Hazelden Betty Ford Graduate School,Center City,MN,4,2,41,NA,NA,NA,NA,NA,NA,NA,NA,15528,7908,1,NA,NA,NA,NA,PS,PS,NA
173708,Hennepin Technical College,Brooklyn Park,MN,1,1,21,NA,NA,3157,0.3605,0.3786,5940,5940,16032,4436,9242,0.4524,0.1956,NA,NA,NA,11433,11433,49460
173735,Minnesota North College,Hibbing,MN,2,1,33,NA,NA,2013,0.4918,0.1669,6022,6022,16346,4797,9327,0.5227,0.2937,NA,NA,NA,12000,12000,45570
173744,Aveda Arts & Sciences Institute Minneapolis,Minneapolis,MN,1,3,11,NA,NA,623,0.9615,0.3076,NA,NA,NA,13940,NA,NA,0.3933,NA,NA,NA,6333,6333,34659
173799,Inver Hills Community College,Inver Grove Heights,MN,2,1,21,NA,NA,2193,0.6179,0.2266,6146,6146,17103,4107,9445,0.5263,0.1483,NA,NA,NA,13965,13965,49898
173896,Luther Seminary,Saint Paul,MN,4,2,11,NA,NA,NA,NA,NA,NA,NA,NA,2040,7297,1,NA,NA,NA,NA,PS,PS,NA
173902,Macalester College,Saint Paul,MN,3,2,11,0.2852,1440,2131,0.5659,0.0023,68104,68104,82991,26836,11951,0.8417,0.3557,0.9228,0.871,0.8864,23000,23000,63878
173911,South Central College,North Mankato,MN,2,1,23,NA,NA,1946,0.6095,0.2624,6146,6146,15401,4936,9318,0.4768,0.1961,NA,NA,NA,12000,12000,45068
173920,Minnesota State University-Mankato,Mankato,MN,3,1,13,0.8844,1150,11703,0.547,0.109,9572,18942,23995,8676,11257,0.7244,0.4038,0.8025,0.5395,0.5403,21106,21106,56922
173957,Mayo Clinic College of Medicine and Science,Rochester,MN,1,2,12,0.3901,NA,309,0.7896,0.3547,3257,3257,NA,8518,NA,NA,0.1085,NA,NA,NA,10500,10500,79652
174020,Metropolitan State University,Saint Paul,MN,3,1,11,0.9871,1020,5616,0.5689,0.5439,9840,9840,25172,5200,11336,0.3532,0.3107,0.6754,0.4357,0.4159,17100,17100,64705
174066,University of Minnesota-Twin Cities,Minneapolis,MN,3,1,11,0.7975,1362,31855,0.5399,0.0531,17214,38362,30061,14846,13662,0.8064,0.283,0.9112,0.8528,0.8504,19500,19500,69020
174075,University of Minnesota-Crookston,Crookston,MN,3,1,32,0.8786,NA,1729,0.5778,0.2756,13288,13288,26068,5580,9241,1,0.2617,0.8,0.4976,0.4974,20500,20500,58056
174127,Minneapolis College of Art and Design,Minneapolis,MN,3,2,11,0.4848,1161,705,0.6993,0.0644,45484,45484,59972,20652,8513,0.2782,0.7468,0.7456,0.5116,0.5902,27000,27000,40873
174136,Minneapolis Community and Technical College,Minneapolis,MN,1,1,11,NA,NA,5268,0.5744,0.3781,6161,6161,19683,3035,9551,0.411,0.1976,NA,NA,NA,17954,17954,40086
174154,Herzing University-Minneapolis,St. Louis Park,MN,3,2,13,0.9375,NA,740,0.8932,0.5989,13450,13450,26163,13774,7450,0.1271,0.7901,0.6957,0.4667,0.6094,21500,21500,36909
174233,University of Minnesota-Duluth,Duluth,MN,3,1,13,0.8875,1251,7336,0.4881,0.0291,14610,20130,27680,9117,9267,0.8494,0.4391,0.8114,0.6472,0.6458,22024,22024,62616
174251,University of Minnesota-Morris,Morris,MN,3,1,33,0.7493,1150,936,0.5203,0.0412,14526,16710,27039,4211,8211,0.939,0.3627,0.739,0.625,0.6222,18995,18995,50919
174321,Model College of Hair Design,Saint Cloud,MN,1,3,13,NA,NA,199,0.995,0.1944,NA,NA,NA,7134,NA,NA,0.4883,NA,NA,NA,7139,7139,25410
174358,Minnesota State University Moorhead,Moorhead,MN,3,1,22,0.5876,1090,3072,0.6299,0.1843,10428,10428,25197,6603,10729,0.6633,0.4846,0.7496,0.5732,0.5595,20000,20000,50527
174376,North Hennepin Community College,Brooklyn Park,MN,2,1,21,NA,NA,3451,0.6062,0.236,5061,5061,17470,3684,9530,0.4943,0.1465,NA,NA,NA,14750,14750,51142
174428,Normandale Community College,Bloomington,MN,2,1,13,NA,NA,7044,0.5653,0.1613,6329,6329,18694,3794,9648,0.4873,0.112,NA,NA,NA,12000,12000,50207
174437,North Central University,Minneapolis,MN,3,2,11,0.9898,NA,709,0.5458,0.0983,32220,32220,44475,15743,6701,0.1406,0.5862,0.8221,0.6634,0.6499,23200,23200,45064
174473,Northland Community and Technical College,Thief River Falls,MN,2,1,33,NA,NA,1554,0.5637,0.3101,6289,6289,19638,4358,9246,0.5403,0.2313,NA,NA,NA,12000,12000,44425
174491,University of Northwestern-St Paul,Saint Paul,MN,3,2,21,0.9347,1173,1442,0.5583,0.0347,37920,37920,51325,15891,6608,1,0.2714,0.8287,0.6813,0.6825,21325,21325,50755
174507,Northwestern Health Sciences University,Bloomington,MN,2,2,13,NA,NA,271,0.7786,0.571,12015,12015,39863,20680,7686,0.5517,0.3723,NA,0,PS,7500,7500,48666
174525,Oak Hills Christian College,Bemidji,MN,3,2,41,NA,NA,75,0.3867,0.2564,19440,19440,33958,10235,4138,0.625,0.6838,0.45,0.2273,0.2708,20980,20980,35983
174570,Pine Technical & Community College,Pine City,MN,1,1,43,NA,NA,574,0.5331,0.1228,4738,4738,18479,3609,9023,0.4098,0.0889,NA,NA,NA,14392,14392,41232
174738,Rochester Community and Technical College,Rochester,MN,2,1,12,NA,NA,3365,0.6196,0.2567,6389,6389,19639,4239,9809,0.4601,0.1937,NA,NA,NA,14743,14743,45287
174747,College of Saint Benedict,Saint Joseph,MN,3,2,22,0.9152,1151,1370,1,0.0078,55756,55756,68453,20407,9135,0.8855,0.622,0.8628,0.7712,0.8033,26944,26944,63260
174756,St Cloud Technical and Community College,Saint Cloud,MN,2,1,13,NA,NA,3113,0.6161,0.2614,6124,6124,14325,3731,9489,0.467,0.2303,NA,NA,NA,12000,12000,46874
174783,Saint Cloud State University,Saint Cloud,MN,3,1,13,0.948,1092,5088,0.5377,0.1325,10245,10245,21116,7230,11863,0.6422,0.2351,0.7065,0.4032,0.4389,21058,21058,55813
174792,Saint Johns University,Collegeville,MN,3,2,41,0.9062,1183,1395,0,0.0047,55816,55816,68521,20168,8973,0.8271,0.5476,0.8575,0.7538,0.7555,27000,27000,76786
174817,Saint Mary's University of Minnesota,Winona,MN,3,2,32,0.9278,NA,1073,0.5536,0.1263,45080,45080,57380,15455,7511,0.2722,0.4591,0.7463,0.6601,0.6683,21500,21500,58170
174844,St Olaf College,Northfield,MN,3,2,32,0.4832,1380,3093,0.5842,0.0049,59760,59760,71843,17758,9218,0.7551,0.4196,0.9223,0.84,0.8375,26000,26000,65543
174862,Crown College,Saint Bonifacius,MN,3,2,41,0.2278,NA,796,0.4837,0.108,31410,31410,46598,12361,5375,0.1732,0.388,0.6984,0.4539,0.5409,22500,22500,48057
174899,The College of Saint Scholastica,Duluth,MN,3,2,13,0.9296,1120,1765,0.6516,0.1915,41778,41778,55103,14346,7589,0.5097,0.5328,0.8184,0.7053,0.664,20000,20000,65934
174914,University of St Thomas,Saint Paul,MN,3,2,11,0.8536,1296,6245,0.4983,0.0256,54398,54398,66116,19970,11771,0.4897,0.4401,0.8845,0.7638,0.7582,23250,23250,73739
174978,Empire Beauty School-Bloomington,Bloomington,MN,1,3,13,NA,NA,128,0.9688,0.4076,NA,NA,NA,10259,NA,NA,0.5444,NA,NA,NA,10231,10231,23589
175005,St Catherine University,Saint Paul,MN,3,2,11,0.9185,1147,2473,0.9579,0.3126,51454,51454,60476,19900,7616,0.5307,0.5886,0.8034,0.6125,0.6317,24181,24181,59282
175014,Rasmussen University-Minnesota,St. Cloud,MN,1,3,13,NA,NA,8617,0.8541,0.8007,11490,11490,25221,16375,6523,0.0948,0.6938,1,0.5349,0.5334,20899,20899,39080
175041,Saint Paul College,Saint Paul,MN,1,1,11,NA,NA,3813,0.5959,0.3274,6326,6326,18261,3484,9364,0.5327,0.1686,NA,NA,NA,10925,10925,38399
175078,Southwest Minnesota State University,Marshall,MN,3,1,33,0.6218,1050,2315,0.6713,0.0909,10361,10361,24757,3871,10672,0.518,0.1541,0.7371,0.451,0.4459,20500,20500,51342
175120,Summit Academy Opportunities Industrialization Center,Minneapolis,MN,1,2,11,NA,NA,360,0.2917,0.5,NA,NA,NA,7,NA,NA,0,NA,NA,NA,PS,PS,22606
175139,United Theological Seminary of the Twin Cities,St. Paul,MN,4,2,11,NA,NA,NA,NA,NA,NA,NA,NA,10421,6175,1,NA,NA,NA,NA,NA,NA,NA
175227,Dunwoody College of Technology,Minneapolis,MN,2,2,11,0.9887,1120,1533,0.2127,0.3041,27836,27836,36587,23847,7599,0.5238,0.5471,0.7619,0.6606,0.6453,16000,16000,61511
175236,Ridgewater College,Willmar,MN,2,1,33,NA,NA,2162,0.6203,0.242,6121,6121,15694,4790,9379,0.5962,0.2525,NA,NA,NA,12000,12000,43827
175263,Minnesota State College Southeast,Winona,MN,1,1,32,NA,NA,1388,0.5756,0.2901,6432,6432,21397,4882,9284,0.449,0.2218,NA,NA,NA,12971,12971,43613
175272,Winona State University,Winona,MN,3,1,32,0.7549,NA,5144,0.6866,0.0974,10576,17308,23683,6851,10946,0.6917,0.4865,0.7904,0.5694,0.5895,21500,21500,58532
175281,Mitchell Hamline School of Law,Saint Paul,MN,4,2,11,NA,NA,NA,NA,NA,NA,NA,NA,25767,9992,0.9375,NA,NA,NA,NA,PS,PS,NA
175315,Century College,White Bear Lake,MN,1,1,21,NA,NA,6280,0.5739,0.2559,6214,6214,15983,3681,9554,0.4375,0.1765,NA,NA,NA,14250,14250,46424
175342,Alcorn State University,Alcorn State,MS,3,1,43,0.4533,904,2363,0.6661,0.1049,8785,8785,23751,3713,7235,0.6063,0.6669,0.7665,0.5736,0.512,27000,27000,36421
175421,Belhaven University,Jackson,MS,3,2,12,0.4975,1124,1471,0.6343,0.3065,30250,30250,39793,11350,5643,0.1618,0.6788,0.6781,0.4854,0.4988,26333,26333,46440
175430,Blue Mountain Christian University,Blue Mountain,MS,3,2,42,0.8895,1090,498,0.492,0.0414,20180,20180,33197,6021,6439,0.7544,0.5011,0.6792,0.5476,0.5299,18534,18534,40421
175494,Chris Beauty College,Gulfport,MS,1,3,13,NA,NA,73,0.7534,0.3619,NA,NA,NA,2553,NA,NA,0,NA,NA,NA,PS,PS,18468
175519,Coahoma Community College,Clarksdale,MS,1,1,41,NA,NA,1144,0.5944,0.2146,3490,3490,9444,241,5798,0.6517,0,NA,NA,NA,PS,PS,24289
175573,Copiah-Lincoln Community College,Wesson,MS,2,1,42,NA,NA,1922,0.589,0.1207,4000,5000,12490,649,5273,1,0.0966,NA,NA,NA,7435,7435,31241
175616,Delta State University,Cleveland,MS,3,1,33,1,1050,1620,0.5302,0.1645,8605,8605,22445,9283,7517,0.5571,0.4435,0.6667,0.4806,0.4742,20390,20390,41991
175643,East Central Community College,Decatur,MS,2,1,43,NA,NA,1520,0.6013,0.0947,4160,6260,13255,1165,4684,0.4867,0.0629,NA,NA,NA,5500,5500,32421
175652,East Mississippi Community College,Scooba,MS,2,1,43,NA,NA,2838,0.5747,0.1774,4095,7445,11353,2688,6132,0.3115,0.1661,NA,NA,NA,9006,9006,33772
175698,Fosters Cosmetology College,Ripley,MS,1,3,43,NA,NA,23,0.3913,0.1364,NA,NA,NA,15725,NA,NA,0.6333,NA,NA,NA,PS,PS,NA
175722,Academy of Hair Design-Grenada,Grenada,MS,1,3,41,NA,NA,21,0.9524,0.303,NA,NA,NA,10874,NA,NA,0.6667,NA,NA,NA,6786,6786,22284
175786,Hinds Community College,Raymond,MS,2,1,42,NA,NA,6397,0.6089,0.246,4250,7300,11036,1651,5481,0.5275,0.3345,NA,NA,NA,9371,9371,30774
175810,Holmes Community College,Goodman,MS,2,1,43,NA,NA,3958,0.6913,0.2537,3710,6610,12875,1531,6654,1,0.1188,NA,NA,NA,9274,9274,32922
175829,Itawamba Community College,Fulton,MS,2,1,43,NA,NA,4167,0.6395,0.1339,3420,5820,12079,987,7005,0.4621,0.1055,NA,NA,NA,7631,7631,32912
175856,Jackson State University,Jackson,MS,3,1,12,0.9315,965,4600,0.6317,0.1883,8965,11965,32415,8213,7988,0.5953,0.8222,0.6235,0.5091,0.4098,30470,30470,39060
175883,Jones County Junior College,Ellisville,MS,2,1,32,NA,NA,3535,0.6303,0.1298,4806,6806,13670,988,6292,0.7853,0.0799,NA,NA,NA,6291,6291,33377
175935,Meridian Community College,Meridian,MS,2,1,33,NA,NA,2156,0.6985,0.2688,4078,6478,14334,2085,5787,0.6914,0.1072,NA,NA,NA,5521,5521,31002
175980,Millsaps College,Jackson,MS,3,2,12,0.4312,1181,549,0.4536,0.0172,44680,44680,60061,12901,8256,0.79,0.5911,0.5802,0.5714,0.5633,27000,27000,53848
176008,Mississippi Delta Community College,Moorhead,MS,2,1,42,NA,NA,1413,0.6207,0.1684,3540,3540,11379,1337,5989,0.6894,0,NA,NA,NA,PS,PS,28421
176017,University of Mississippi,University,MS,3,1,33,0.9658,1184,21473,0.5723,0.042,9772,28600,28660,14368,10330,0.8555,0.3717,0.8721,0.7174,0.7006,20000,20000,50994
176035,Mississippi University for Women,Columbus,MS,3,1,33,0.9031,1090,1605,0.7988,0.216,8492,8492,22225,5844,6855,0.6828,0.407,0.6731,0.4677,0.4194,15000,15000,46128
176044,Mississippi Valley State University,Itta Bena,MS,3,1,42,0.9238,870,1439,0.5038,0.1382,7692,7692,21154,727,6733,0.6234,0.4938,0.6975,0.2676,0.2431,28413,28413,31919
176053,Mississippi Christian University,Clinton,MS,3,2,21,0.2911,1090,2518,0.5766,0.0588,23500,23500,41214,9435,7995,0.5234,0.3544,0.7776,0.5934,0.6115,22500,22500,47485
176062,Hatfield's Mississippi College of Beauty Culture,Laurel,MS,1,3,32,NA,NA,57,1,0.2157,NA,NA,NA,10876,NA,NA,0.48,NA,NA,NA,6500,PS,13849
176071,Mississippi Gulf Coast Community College,Perkinston,MS,2,1,42,NA,NA,6353,0.6205,0.2253,4250,7850,12978,2583,5700,0.8278,0.1721,NA,NA,NA,10000,10000,33017
176080,Mississippi State University,Mississippi State,MS,3,1,33,0.7764,1219,18397,0.5081,0.0754,10202,27637,29267,10417,10100,0.8323,0.3869,0.825,0.6667,0.6482,22142,22142,51513
176169,Northeast Mississippi Community College,Booneville,MS,2,1,33,NA,NA,2698,0.6227,0.136,4470,7710,15873,1634,6057,0.8411,0.1459,NA,NA,NA,9722,9722,34081
176178,Northwest Mississippi Community College,Senatobia,MS,2,1,32,NA,NA,5452,0.622,0.1275,3740,3740,13857,1819,6221,0.536,0.1218,NA,NA,NA,6500,6500,36396
176239,Pearl River Community College,Poplarville,MS,2,1,43,NA,NA,4903,0.6804,0.2085,3700,6100,14832,1284,6935,1,0.2806,NA,NA,NA,9750,9750,33019
176318,Rust College,Holly Springs,MS,3,2,32,0.4867,NA,467,0.5225,0.2098,13265,13265,23107,11581,5096,0.8571,0.6961,0.8438,0.1179,0.1731,26159,26159,32275
176336,Southeastern Baptist College,Laurel,MS,2,2,32,1,NA,93,0.2366,0.1159,7425,7425,13325,4492,NA,NA,0,0.65,0.8,0.8286,PS,PS,26946
176354,Southwest Mississippi Community College,Summit,MS,2,1,41,NA,NA,1474,0.5916,0.2009,4080,6780,11644,1613,6334,1,0,NA,NA,NA,PS,PS,33227
176372,University of Southern Mississippi,Hattiesburg,MS,3,1,13,0.9912,1190,10075,0.6247,0.1796,9998,11998,26566,7127,8697,1,0.4775,0.7209,0.4906,0.498,22500,22500,44140
176406,Tougaloo College,Tougaloo,MS,3,2,12,0.5985,NA,639,0.5806,0.0693,12407,12407,24239,7930,4012,0.9535,0.602,0.832,0.3311,0.3266,30046,30046,34724
176433,Vaughn Beauty College,Aberdeen,MS,1,3,42,NA,NA,63,0.9841,0.4,NA,NA,NA,6242,NA,NA,0.1505,NA,NA,NA,PS,PS,NA
176451,Wesley Biblical Seminary,Ridgeland,MS,3,2,21,NA,NA,24,0.375,0.5556,7500,7500,NA,10192,6597,NA,NA,NA,NA,NA,PS,PS,NA
176479,William Carey University,Hattiesburg,MS,3,2,13,0.6029,1122,2201,0.6942,0.2329,15480,15480,29651,17000,8123,0.5729,0.2486,0.7794,0.5978,0.5058,20832,20832,43087
176600,Aquinas Institute of Theology,Saint Louis,MO,4,2,11,NA,NA,NA,NA,NA,NA,NA,NA,17364,4551,0.2759,NA,NA,NA,NA,PS,PS,NA
176628,Avila University,Kansas City,MO,3,2,11,0.878,972,1312,0.6433,0.1747,42000,42000,50096,10618,6779,0.2273,0.6087,0.7053,0.5238,0.4729,25000,25000,52773
176664,Mission University,Springfield,MO,3,2,12,NA,NA,381,0.3622,0.1988,16950,16950,28448,10835,4474,0.4516,0.6784,0.5941,0.4444,0.4143,26168,26168,38641
176716,House of Heavilin Beauty College-Blue Springs,Blue Springs,MO,1,3,21,NA,NA,109,0.9908,0.3917,NA,NA,NA,12233,NA,NA,0.4265,NA,NA,NA,7917,7917,24840
176770,Cox College,Springfield,MO,2,2,12,1,NA,540,0.8519,0.4505,14822,14822,NA,16304,8024,0.9804,0.5761,0,1,PS,20000,20000,56867
176789,Calvary University,Kansas City,MO,3,2,11,0.7174,1050,154,0.5519,0.1919,14094,14094,23938,8471,4019,0.4773,0.2374,0.5455,0.5217,0.5238,20839,20839,45421
176798,Cape Girardeau Career and Technology Center,Cape Girardeau,MO,1,1,13,NA,NA,159,0.566,0.4481,NA,NA,NA,2508,NA,NA,0.2372,NA,NA,NA,8750,8750,44369
176910,Central Christian College of the Bible,Moberly,MO,3,2,32,NA,NA,154,0.3117,0.3182,12200,12200,24748,7021,4557,1,0.4091,0.6875,0.2195,0.3177,17500,17500,34675
176947,Central Methodist University-College of Liberal Arts and Sciences,Fayette,MO,3,2,42,0.5687,1048,1040,0.5125,0.0295,28260,28260,43635,17068,6712,1,0.611,0.6184,0.5123,0.5182,17619,17619,48991
176965,University of Central Missouri,Warrensburg,MO,3,1,32,0.638,1050,5648,0.5266,0.127,10050,18600,22947,9055,9188,1,0.3238,0.7363,0.5408,0.5159,21000,21000,49560
176983,Grand River Technical School,Chillicothe,MO,1,1,33,0.8837,NA,65,0.2154,0.2051,NA,NA,NA,9932,NA,NA,0,NA,NA,NA,PS,PS,40665
177038,Cleveland University-Kansas City,Overland Park,KS,3,2,12,0.6923,NA,95,0.6737,0.4138,14400,14400,40764,29072,5918,0.507,0.9302,0.5,1,PS,12500,12500,52304
177065,Columbia College,Columbia,MO,3,2,12,NA,NA,4950,0.5945,0.6512,25826,25826,37207,9437,8205,1,0.4099,0.7509,0.4219,0.4382,23879,23879,45378
177083,Conception Seminary College,Conception,MO,3,2,43,0.3182,NA,40,0,0.3659,26206,26206,42698,24640,5187,NA,0.0244,0.75,0.5,0.4038,PS,PS,50430
177092,Concordia Seminary,Saint Louis,MO,4,2,21,NA,NA,NA,NA,NA,NA,NA,NA,12339,9412,1,NA,NA,NA,NA,PS,PS,NA
177117,Cottey College,Nevada,MO,3,2,33,0.6918,NA,254,1,0.0451,27562,27562,39269,8506,5576,0.8333,0.6053,0.6724,0.5625,0.5866,19043,19043,35422
177126,Covenant Theological Seminary,Saint Louis,MO,4,2,21,NA,NA,NA,NA,NA,NA,NA,NA,8497,6693,1,NA,NA,NA,NA,PS,PS,NA
177135,Crowder College,Neosho,MO,2,1,32,NA,NA,2570,0.6428,0.1775,6180,8280,16291,4933,5609,0.3382,0.0981,NA,NA,NA,9000,9000,35987
177144,Culver-Stockton College,Canton,MO,3,2,43,0.991,NA,807,0.4523,0.029,30875,30875,44112,9950,6246,0.6528,0.7161,0.672,0.3916,0.4482,26000,26000,46092
177214,Drury University,Springfield,MO,3,2,12,0.5758,1218,1383,0.5148,0.0336,36745,36745,48846,11770,7506,1,0.4963,0.7917,0.618,0.6386,20979,20979,40694
177250,East Central College,Union,MO,2,1,32,NA,NA,1639,0.6333,0.1691,4272,7680,19386,3514,7348,0.3516,0.0773,NA,NA,NA,9500,9500,36916
177278,Eden Theological Seminary,Webster Groves,MO,4,2,21,NA,NA,NA,NA,NA,NA,NA,NA,12601,7562,1,NA,NA,NA,NA,PS,PS,NA
177302,Pinnacle Career Institute,Kansas City,MO,1,3,11,NA,NA,619,0.1018,0.8012,NA,NA,NA,17082,5726,0.7778,0.7298,NA,NA,NA,11605,11605,34213
177339,Evangel University,Springfield,MO,3,2,12,0.7161,1188,1229,0.5012,0.0154,28548,28548,39956,10688,5330,0.2921,0.7428,0.7636,0.6503,0.6491,24736,24736,46573
177436,Four Rivers Career Center,Washington,MO,1,1,32,NA,NA,30,0.8,0.75,18345,18345,37936,2380,NA,NA,0.9615,NA,NA,NA,10623,10623,48199
177472,Ozarks Technical Community College,Springfield,MO,2,1,12,NA,NA,8165,0.5822,0.2397,4512,7200,13188,3651,6512,0.288,0.1798,1,0.3254,0.3221,10453,10453,36455
177542,Hannibal-LaGrange University,Hannibal,MO,3,2,33,0.7263,1090,410,0.5049,0.3159,26880,26880,40839,9408,2888,0.4394,0.4802,0.7833,0.5039,0.4696,18599,18599,42643
177551,Harris-Stowe State University,Saint Louis,MO,3,1,11,NA,NA,960,0.6708,0.1503,7008,11640,21493,3568,5463,1,0.6093,0.684,0.2756,0.2751,25930,25930,31088
177588,House of Heavilin Beauty College-Kansas City,Kansas City,MO,1,3,11,NA,NA,55,0.9636,0.4167,NA,NA,NA,9839,NA,NA,0.5313,NA,NA,NA,13102,PS,17269
177603,Summit Salon Academy Kansas City,Independence,MO,1,3,21,NA,NA,157,0.9873,0.3148,NA,NA,NA,13087,NA,NA,0.7111,NA,NA,NA,11938,11938,24811
177676,Jefferson College,Hillsboro,MO,2,1,41,NA,NA,2552,0.5956,0.1613,5250,8850,13572,4164,7816,1,0.0785,NA,NA,NA,9285,9285,40782
177685,Paul Mitchell the School-Missouri Columbia,Columbia,MO,1,3,12,NA,NA,107,0.8505,0.2819,NA,NA,NA,9620,NA,NA,0.5378,NA,NA,NA,9500,9500,27715
177719,Barnes-Jewish College Goldfarb School of Nursing,Saint Louis,MO,3,2,11,NA,NA,446,0.8834,0.4977,NA,NA,NA,20421,8154,0.3228,0.6737,NA,NA,NA,16750,16750,84393
177746,Kansas City Art Institute,Kansas City,MO,3,2,11,0.5476,NA,812,0.782,0.0532,44550,44550,57410,19670,7886,0.4552,0.6946,0.7833,0.5797,0.6181,27000,27000,37032
177816,Kenrick Glennon Seminary,Saint Louis,MO,4,2,21,NA,NA,NA,NA,NA,NA,NA,NA,20430,6671,0.7097,NA,NA,NA,NA,PS,PS,NA
177834,A T Still University of Health Sciences,Kirksville,MO,4,2,33,NA,NA,NA,NA,NA,NA,NA,NA,46652,10582,0.3169,NA,NA,NA,NA,PS,PS,NA
177931,Lex La-Ray Technical Center,Lexington,MO,1,1,42,0.6667,NA,25,1,0.5455,NA,NA,NA,9100,NA,NA,0.4091,NA,NA,NA,PS,PS,52142
177940,Lincoln University,Jefferson City,MO,3,1,13,NA,NA,1392,0.579,0.1248,9796,17692,23704,2069,5626,0.7243,0.4382,0.5986,0.2085,0.2153,28875,28875,39463
177968,Lindenwood University,Saint Charles,MO,3,2,13,0.5684,1190,4624,0.6032,0.1822,21600,21600,35436,14672,8990,1,0.4898,0.6563,0.4933,0.498,26000,26000,53278
177977,State Technical College of Missouri,Linn,MO,2,1,42,NA,NA,2123,0.1696,0.0624,8160,14610,19026,6971,6910,1,0.3692,NA,NA,NA,10986,10986,55901
177986,Logan University,Chesterfield,MO,3,2,21,0.6429,NA,229,0.7074,0.5331,9000,9000,26928,21972,7004,0.3899,0.7022,0.5,0.2222,PS,10250,10250,55838
177995,Metropolitan Community College-Kansas City,Kansas City,MO,2,1,11,NA,NA,10649,0.6032,0.2511,3630,9600,14665,1353,8472,1,0.0409,NA,NA,NA,10073,10073,40796
178059,Maryville University of Saint Louis,Saint Louis,MO,3,2,21,0.9508,NA,5658,0.6706,0.371,27166,27166,41959,13686,9445,0.1439,0.5267,0.8467,0.6622,0.6874,22000,22000,62105
178077,Missouri College of Cosmetology and Esthetics,Jefferson City,MO,1,3,13,NA,NA,97,0.9588,0.125,NA,NA,NA,9948,NA,NA,0.507,NA,NA,NA,7671,7671,26738
178183,Midwest Institute,Earth City,MO,1,3,21,0.8718,NA,177,0.9209,0.404,NA,NA,NA,16520,4542,NA,0.5042,NA,NA,NA,9500,9500,30414
178208,Midwestern Baptist Theological Seminary,Kansas City,MO,3,2,11,0.964,NA,747,0.2892,0.5155,10120,10120,29080,7220,7596,0.2212,0.2409,0.8148,0.4828,0.5932,15675,15675,50535
178217,Mineral Area College,Park Hills,MO,2,1,32,NA,NA,1592,0.6043,0.149,5660,8570,18497,3539,6105,0.4656,0.1021,NA,NA,NA,10500,10500,35352
178244,Missouri Baptist University,Saint Louis,MO,3,2,21,0.686,910,1488,0.5511,0.0679,34612,34612,49257,11206,6803,1,0.1892,0.6534,0.4758,0.479,22500,22500,46660
178341,Missouri Southern State University,Joplin,MO,3,1,13,0.9703,1065,3019,0.6045,0.1913,8960,17080,19568,3890,6706,0.5309,0.3326,0.6278,0.4158,0.3987,19174,19174,42620
178369,Missouri Valley College,Marshall,MO,3,2,33,0.6918,974,1443,0.4137,0.0687,23700,23700,37899,9068,5466,0.4769,0.4198,0.5297,0.2244,0.2332,25950,25950,43221
178387,Missouri Western State University,Saint Joseph,MO,3,1,13,NA,NA,2219,0.5935,0.0932,10306,20866,21595,7133,7902,0.6157,0.2794,0.5379,0.3854,0.3914,19968,19968,42647
178396,University of Missouri-Columbia,Columbia,MO,3,1,12,0.7847,1247,23929,0.5502,0.0335,14837,36056,31713,13182,11563,0.7882,0.3528,0.9268,0.7494,0.7552,20500,20500,63403
178402,University of Missouri-Kansas City,Kansas City,MO,3,1,11,0.7218,1204,6817,0.6006,0.1034,12587,30227,25320,14881,11063,0.6473,0.2391,0.7536,0.5546,0.5568,18750,18750,59637
178411,Missouri University of Science and Technology,Rolla,MO,3,1,33,0.7255,1317,5521,0.2295,0.0405,14984,33248,29231,11110,12726,0.8254,0.4,0.8656,0.6437,0.6397,23250,23250,82957
178420,University of Missouri-St Louis,Saint Louis,MO,3,1,21,0.6267,1199,5024,0.5478,0.1515,14112,35112,31199,10112,10112,0.5353,0.1925,0.7361,0.5664,0.5676,20000,20000,53037
178448,Moberly Area Community College,Moberly,MO,2,1,32,NA,NA,3100,0.6319,0.1309,4110,8640,14134,3365,5858,0.4,0.0548,NA,NA,NA,10658,10658,37537
178518,Nazarene Theological Seminary,Kansas City,MO,4,2,11,NA,NA,NA,NA,NA,NA,NA,NA,9319,5903,1,NA,NA,NA,NA,NA,NA,NA
178527,Neosho Beauty and Barber College,Neosho,MO,1,3,32,NA,NA,47,0.9149,0.2419,NA,NA,NA,5062,NA,NA,0.4157,NA,NA,NA,9500,PS,18280
178615,Truman State University,Kirksville,MO,3,1,33,0.8377,1320,2513,0.5997,0.0342,9838,18566,25115,5741,7584,0.8587,0.2744,0.8474,0.6853,0.6845,21000,21000,56280
178624,Northwest Missouri State University,Maryville,MO,3,1,33,0.8609,1119,4378,0.6083,0.0889,10611,17324,24945,7560,8101,0.7969,0.4153,0.7392,0.5423,0.5576,21500,21500,47885
178679,Ozark Christian College,Joplin,MO,3,2,13,0.9361,NA,602,0.4684,0.0896,16000,16000,28485,10476,5805,0.5373,0.5407,0.8345,0.6364,0.6554,16772,16772,41297
178697,College of the Ozarks,Point Lookout,MO,3,2,32,0.1199,1118,1444,0.5533,0.0112,22320,22320,33734,4990,8409,0.7018,0,0.9023,0.6369,0.6241,PS,PS,41592
178721,Park University,Parkville,MO,3,2,21,NA,NA,4555,0.4435,0.6124,17500,17500,29427,12982,7060,0.1254,0.3099,0.5762,0.3843,0.34,21685,21685,56309
178767,Stevens-The Institute of Business & Arts,Saint Louis,MO,3,3,11,1,NA,89,0.8315,0.6316,14332,14332,24808,11791,5726,NA,0.8,NA,0.1429,PS,27000,27000,29058
178891,Ranken Technical College,Saint Louis,MO,1,2,11,NA,NA,1780,0.086,0.2866,18008,18008,29450,12314,6114,0.5912,0.5949,1,0.5313,0.52,12000,12000,55955
178989,Research College of Nursing,Kansas City,MO,3,3,11,NA,NA,177,0.8531,0.506,NA,NA,NA,20177,7772,1,0.3896,NA,NA,NA,13930,13930,85910
179043,Rockhurst University,Kansas City,MO,3,2,11,0.6959,1120,1580,0.6278,0.0905,44966,44966,59898,16268,8007,0.5018,0.3506,0.7912,0.7456,0.7509,18250,18250,67102
179159,Saint Louis University,Saint Louis,MO,3,2,11,0.7504,1317,7267,0.5919,0.0681,55760,55760,71932,21389,11423,0.634,0.2966,0.8784,0.7953,0.7965,25000,25000,70783
179195,Salem College of Hairstyling,Rolla,MO,1,3,33,NA,NA,31,1,0.375,NA,NA,NA,6030,NA,NA,0,NA,NA,NA,PS,PS,18275
179265,University of Health Sciences and Pharmacy in St. Louis,Saint Louis,MO,3,2,11,0.8984,1131,337,0.5875,0.0291,32550,32550,54802,30804,10471,0.6863,0.68,0.6923,0.6168,0.6854,17755,17755,137047
179308,Saint Louis Community College,Bridgeton,MO,2,1,21,NA,NA,11788,0.6873,0.3289,3660,6990,14560,2070,8233,0.3391,0.0457,NA,0.2132,0.1941,6725,6725,35325
179317,Saint Paul School of Theology,Leawood,KS,4,2,21,NA,NA,NA,NA,NA,NA,NA,NA,13307,6257,1,NA,NA,NA,NA,PS,PS,NA
179326,Southwest Baptist University,Bolivar,MO,3,2,32,0.6839,1088,1341,0.6212,0.1652,30566,30566,40301,13909,6072,0.3917,0.5034,0.6482,0.5532,0.5322,20957,20957,43112
179344,Missouri State University-West Plains,West Plains,MO,2,1,33,NA,NA,965,0.6694,0.1402,5936,8106,16592,1559,6425,1,0.0857,NA,NA,NA,10000,10000,36922
179511,St Louis College of Health Careers-St Louis,Saint Louis,MO,1,3,11,NA,NA,153,0.9477,0.5648,NA,NA,NA,37930,NA,NA,0.7241,NA,NA,NA,11750,11750,32217
179539,State Fair Community College,Sedalia,MO,2,1,33,NA,NA,2694,0.6719,0.1548,4176,7416,14719,4936,5845,0.326,0.1129,NA,NA,NA,10500,10500,35562
179548,Stephens College,Columbia,MO,3,2,12,0.7722,NA,391,0.9616,0.1102,28300,28300,46643,14711,7780,1,0.6174,0.7838,0.4274,0.4471,27000,27000,43071
179557,Southeast Missouri State University,Cape Girardeau,MO,3,1,13,0.7352,950,6373,0.5887,0.1027,9903,9903,25177,6874,8551,0.6822,0.3295,0.7576,0.5793,0.5673,21500,21500,44030
179566,Missouri State University-Springfield,Springfield,MO,3,1,12,0.9053,1122,13313,0.6135,0.0908,9502,18770,25048,7923,9014,0.6712,0.2892,0.7725,0.5791,0.5761,21992,21992,49827
179645,Three Rivers College,Poplar Bluff,MO,2,1,33,NA,NA,1844,0.7001,0.2565,4950,6180,18637,1199,5003,1,0.1264,NA,NA,NA,10000,10000,32442
179715,North Central Missouri College,Trenton,MO,2,1,33,NA,NA,1286,0.7644,0.1749,5370,8820,18498,3531,6095,1,0.1673,NA,NA,NA,10500,10500,40837
179812,Kansas City University,Kansas City,MO,4,2,11,NA,NA,NA,NA,NA,NA,NA,NA,55039,11620,0.6111,NA,NA,NA,NA,PS,PS,NA
179867,Washington University in St Louis,St. Louis,MO,3,2,21,0.1206,1530,7857,0.5449,0.0795,65790,65790,88488,28816,16945,0.7253,0.1176,0.9495,0.9426,0.9435,17500,17500,86182
179894,Webster University,Saint Louis,MO,3,2,21,0.8623,1102,2304,0.572,0.2069,31750,31750,51188,16667,9218,1,0.4581,0.6866,0.6439,0.6268,23000,23000,50876
179946,Westminster College,Fulton,MO,3,2,32,0.792,1118,638,0.4122,0.0388,35214,35214,51532,11282,7642,0.6883,0.9123,0.7097,0.5549,0.5648,27000,27000,52199
179955,William Jewell College,Liberty,MO,3,2,21,0.3836,1095,924,0.4957,0.0288,20610,20610,35785,8180,7488,1,0.4804,0.738,0.6766,0.6439,24498,24498,59268
179964,William Woods University,Fulton,MO,3,2,32,0.7096,NA,1300,0.6054,0.2975,30340,30340,49094,8186,5707,0.3497,0.4941,0.5797,0.4681,0.5197,21983,21983,42401
179991,Academy of Cosmetology Inc,Bozeman,MT,1,3,13,NA,NA,39,1,0.2286,NA,NA,NA,12541,NA,NA,0.5918,NA,NA,NA,PS,PS,NA
180054,Blackfeet Community College,Browning,MT,2,2,43,NA,NA,286,0.6888,0.4078,3610,3610,11405,3485,5432,0.5,0,0.75,0.623,0.3717,PS,PS,22953
180081,Highlands College of Montana Tech,Butte,MT,1,1,33,NA,NA,342,0.4123,0.0472,4130,10950,18476,4746,9373,0.7561,0.2089,NA,NA,NA,18750,18750,54329
180090,Crevier's Academy of Cosmetology Arts,Kalispell,MT,1,3,33,NA,NA,79,0.9873,0.3065,NA,NA,NA,5632,NA,NA,0.4775,NA,NA,NA,PS,PS,14047
180106,Carroll College,Helena,MT,3,2,13,0.7093,1200,1092,0.5861,0.049,41484,41484,55626,14352,7620,0.6746,0.4482,0.8205,0.6929,0.677,25757,25757,61772
180151,Dawson Community College,Glendive,MT,2,1,33,NA,NA,189,0.5238,0.064,5010,9810,16105,4127,6398,0.75,0.1773,NA,NA,NA,9450,9450,41951
180160,Chief Dull Knife College,Lame Deer,MT,2,1,43,NA,NA,183,0.6557,0.5372,1960,1960,17734,2320,7107,1,0,NA,NA,NA,PS,PS,20073
180179,Montana State University Billings,Billings,MT,3,1,12,NA,NA,2626,0.6455,0.3049,7280,22897,20054,5877,7728,0.6309,0.2831,0.5556,0.3004,0.2912,18209,18209,44296
180197,Flathead Valley Community College,Kalispell,MT,2,1,33,NA,NA,1202,0.5874,0.2595,4912,11659,14882,5533,6543,1,0.0992,NA,NA,NA,10500,10500,38520
180203,Aaniiih Nakoda College,Harlem,MT,2,1,43,NA,NA,106,0.5566,0.391,3080,3080,14974,3011,4887,1,0,NA,0.3421,0.3333,PS,PS,30528
180212,Fort Peck Community College,Poplar,MT,2,1,43,NA,NA,282,0.6454,0.5768,2250,2250,10164,1093,6134,0.5313,0,NA,NA,NA,PS,PS,14747
180249,Great Falls College Montana State University,Great Falls,MT,2,1,13,NA,NA,894,0.7327,0.3422,4028,12911,16664,2676,6864,0.4082,0.2982,NA,NA,NA,PS,PS,38034
180258,University of Providence,Great Falls,MT,3,2,13,0.5028,980,528,0.5966,0.2989,30448,30448,43477,11348,6450,0.5,0.4822,0.7216,0.2794,0.3553,18750,18750,48296
180276,Helena College University of Montana,Helena,MT,2,1,13,NA,NA,585,0.6188,0.2054,4146,11318,15819,3053,5927,0.4186,0.1737,NA,NA,NA,14580,14580,40738
180328,Little Big Horn College,Crow Agency,MT,2,1,43,NA,NA,253,0.6877,0.4788,3200,3200,11635,4011,5170,1,0,NA,NA,NA,PS,PS,21152
180373,Miles Community College,Miles City,MT,2,1,33,NA,NA,332,0.6928,0.2403,5818,10626,17452,4789,6300,0.4375,0.2269,NA,NA,NA,11500,11500,42862
180416,Montana Technological University,Butte,MT,3,1,33,0.9105,1126,1480,0.3723,0.1268,8340,26150,22786,6294,8585,0.766,0.3923,0.7674,0.5824,0.5815,18750,18750,54329
180461,Montana State University,Bozeman,MT,3,1,13,0.8214,1183,14451,0.465,0.0783,8460,33287,25905,13923,9762,0.5754,0.3141,0.7852,0.5708,0.5722,22500,22500,53263
180489,The University of Montana,Missoula,MT,3,1,13,0.9586,1190,7488,0.5737,0.1964,8552,33671,23570,11808,9310,0.6865,0.4107,0.7477,0.4796,0.4662,22400,22400,44511
180522,Montana State University-Northern,Havre,MT,3,1,33,NA,NA,761,0.4021,0.2159,6982,21875,16578,5355,6179,1,0.2929,0.6386,0.4111,0.4177,18500,18500,49505
180595,Rocky Mountain College,Billings,MT,3,2,12,0.6961,1083,840,0.4536,0.0605,35582,35582,46093,19635,6957,0.9351,0.5466,0.6905,0.4841,0.4759,26000,26000,49036
180647,Salish Kootenai College,Pablo,MT,2,1,42,NA,NA,580,0.681,0.6226,4311,11583,13047,1269,5893,0.5702,0.1604,0.8235,0.2762,0.3198,12923,12923,32725
180692,The University of Montana-Western,Dillon,MT,3,1,33,0.9978,NA,1198,0.6377,0.2229,6670,20130,21403,7190,7879,1,0.3444,0.7857,0.5125,0.5029,21000,21000,43229
180814,Bellevue University,Bellevue,NE,3,2,21,NA,NA,10220,0.5324,0.781,9903,9903,23531,13368,6710,0.1207,0.2311,0.5793,0.3295,0.3934,20000,20000,61289
180832,Clarkson College,Omaha,NE,3,2,11,0.7818,NA,622,0.8376,0.4519,16104,16104,24670,16202,6775,0.8219,0.8108,0.6087,0.4667,0.6727,23716,23716,64876
180878,Bryan College of Health Sciences,Lincoln,NE,3,2,11,0.6737,NA,553,0.9295,0.1574,20640,20640,32845,19630,9196,0.557,0.6361,0.7111,0.7,0.7257,24985,24985,70845
180902,Central Community College,Grand Island,NE,1,1,13,NA,NA,3353,0.5914,0.2215,3360,4800,14128,1709,7281,0.5571,0.0874,NA,NA,NA,7992,7992,39429
180948,Chadron State College,Chadron,NE,3,1,33,NA,NA,1540,0.6526,0.2056,8290,8290,21132,5206,8175,0.5479,0.4958,0.6317,0.5041,0.4402,18875,18875,47002
180957,College of Hair Design-Downtown,Lincoln,NE,1,3,11,NA,NA,53,0.2264,0.3194,NA,NA,NA,15280,NA,NA,0.4857,NA,NA,NA,12000,12000,28376
180984,Concordia University-Nebraska,Seward,NE,3,2,32,0.8572,NA,1283,0.5105,0.0044,40640,40640,53292,9839,6919,1,0.2635,0.7953,0.6489,0.6449,25750,25750,52415
181002,Creighton University,Omaha,NE,3,2,11,0.7975,1321,4348,0.5793,0.0382,48856,48856,63423,30326,10809,0.6879,0.4195,0.9415,0.8336,0.8196,25000,25000,73911
181020,Doane University,Crete,NE,3,2,32,0.9801,NA,978,0.4519,0.1,43985,43985,57836,15775,7775,0.4079,0.6625,0.7925,0.5714,0.5645,25000,25000,53316
181127,Hastings College,Hastings,NE,3,2,32,0.7165,1320,891,0.4871,0.0111,37770,37770,51422,10618,7146,1,0.6131,0.6563,0.4885,0.5123,27000,27000,51303
181145,CHI Health School of Radiologic Technology,Omaha,NE,3,2,11,NA,NA,29,0.931,0.28,NA,NA,NA,9400,6667,NA,0.48,NA,NA,NA,PS,PS,48110
181190,Joseph's College Cosmetology,Lincoln,NE,1,3,11,NA,NA,92,0.913,0.2857,NA,NA,NA,8593,NA,NA,0.5401,NA,NA,NA,12000,12000,23032
181215,University of Nebraska at Kearney,Kearney,NE,3,1,32,0.8949,1118,4088,0.6169,0.1226,8676,15284,25808,6277,8350,0.6623,0.3539,0.7996,0.5774,0.5872,19500,19500,50105
181297,Nebraska Methodist College of Nursing & Allied Health,Omaha,NE,3,2,11,0.7341,NA,781,0.9014,0.3152,17885,17885,32835,16198,6681,0.9315,0.6476,0.8571,0.5952,0.6296,23417,23417,65071
181303,Metropolitan Community College Area,Omaha,NE,2,1,11,NA,NA,8775,0.5292,0.2282,3375,4950,11667,1641,8914,0.2939,0.0693,NA,NA,NA,8217,8217,38773
181312,Mid-Plains Community College,North Platte,NE,2,1,41,NA,NA,937,0.5848,0.1733,3600,4530,13197,2469,7781,0.251,0.1079,NA,NA,NA,9995,9995,40059
181330,Midland University,Fremont,NE,3,2,32,0.6612,1086,1159,0.4374,0.0548,42050,42050,55719,12255,6937,1,0.6167,0.6926,0.4212,0.4266,26134,26134,52163
181394,University of Nebraska at Omaha,Omaha,NE,3,1,11,0.8698,1120,11488,0.5554,0.1731,8718,23206,21120,7824,9293,0.5583,0.2629,0.7787,0.4708,0.4728,19000,19000,53909
181419,Nebraska Indian Community College,Macy,NE,2,1,42,NA,NA,327,0.7278,0.4423,4080,4080,32757,1993,4861,0.3288,0,NA,0.2222,PS,PS,PS,31458
181428,University of Nebraska Medical Center,Omaha,NE,3,1,11,NA,NA,938,0.8795,0.2196,NA,NA,NA,20508,9884,0.8336,0.466,NA,NA,NA,15000,15000,76833
181446,Nebraska Wesleyan University,Lincoln,NE,3,2,11,0.7982,1189,1453,0.543,0.0438,43572,43572,53569,11246,6745,0.6205,0.5434,0.75,0.6612,0.6738,26970,26970,56405
181464,University of Nebraska-Lincoln,Lincoln,NE,3,1,11,0.8749,1191,19178,0.4977,0.0338,10434,28584,26697,10276,12658,0.8528,0.3255,0.8599,0.6697,0.6641,21000,21000,56887
181491,Northeast Community College,Norfolk,NE,2,1,33,NA,NA,2387,0.5463,0.2307,3840,5130,14437,1997,5745,0.5126,0.1264,NA,NA,NA,11000,11000,42634
181534,Peru State College,Peru,NE,3,1,43,NA,NA,1092,0.5449,0.2245,8640,8640,22240,4036,8181,1,0.4442,0.6445,0.3761,0.3767,21875,21875,47071
181543,Summit Christian College,Gering,NE,2,2,33,0.4167,NA,21,0.5714,0.3913,8278,8278,NA,5096,4036,NA,0,1,0.25,PS,PS,PS,NA
181604,College of Saint Mary,Omaha,NE,3,2,11,0.4465,1150,445,1,0.2261,24510,24510,35971,15204,7807,0.5969,0.4959,0.7978,0.605,0.6,24250,24250,54338
181640,Southeast Community College Area,Lincoln,NE,1,1,11,NA,NA,6773,0.5123,0.1883,3690,4320,13186,2840,6792,0.4972,0.1349,NA,NA,NA,11000,11000,43405
181738,Union Adventist University,Lincoln,NE,3,2,11,1,NA,471,0.5817,0.0802,29334,29334,42099,19021,6684,0.9855,0.6084,0.8354,0.5226,0.4904,27000,27000,55045
181765,Nebraska College of Technical Agriculture,Curtis,NE,2,1,43,NA,NA,196,0.6429,0.0386,5926,5926,19998,3309,9574,0.6471,0.3487,NA,NA,NA,21000,21000,56887
181783,Wayne State College,Wayne,NE,3,1,32,NA,NA,3010,0.5678,0.0724,8216,8216,22565,4699,8347,0.498,0.3238,0.7239,0.5215,0.5377,19000,19000,47075
181817,Western Nebraska Community College,Scottsbluff,NE,2,1,33,NA,NA,893,0.6114,0.2215,3840,4410,13939,1840,6555,1,0.0769,NA,NA,NA,9000,9000,38729
181853,York University,York,NE,3,2,33,0.5188,1022,428,0.472,0.0926,23000,23000,34268,7223,5879,0.5088,0.6411,0.687,0.5221,0.4426,21500,21500,44130
181880,Academy of Hair Design-Las Vegas,Las Vegas,NV,1,3,11,NA,NA,183,0.9126,0.3991,NA,NA,NA,15855,NA,NA,0.7365,NA,NA,NA,6333,6333,24391
182005,College of Southern Nevada,Las Vegas,NV,2,1,11,NA,NA,27252,0.5735,0.3535,4358,13024,13665,2369,10747,1,0.0998,NA,0.1914,0.1858,8000,8000,38087
182148,Las Vegas College,Las Vegas,NV,2,3,21,NA,NA,536,0.8601,0.7174,17495,17495,34126,12265,6698,0.4364,0.6771,NA,NA,0.5652,8279,8279,31398
182281,University of Nevada-Las Vegas,Las Vegas,NV,3,1,12,0.9617,1094,24622,0.5588,0.1788,9748,27411,19638,8443,13197,0.9919,0.255,0.7922,0.5051,0.5031,19450,19450,55037
182290,University of Nevada-Reno,Reno,NV,3,1,11,0.7371,1132,15599,0.5407,0.0822,9578,27720,25786,8173,13293,0.9799,0.2395,0.7966,0.6124,0.6184,18922,18922,60614
182306,Great Basin College,Elko,NV,1,1,33,NA,NA,1900,0.6632,0.3869,3923,13883,12947,3566,9575,0.9872,0.0497,0.5882,0.4086,0.4589,15750,15750,39289
182500,Truckee Meadows Community College,Reno,NV,1,1,11,NA,NA,7681,0.5454,0.2995,3352,12018,15247,3002,10272,0.9941,0.0261,NA,0.3214,0.3036,11000,11000,44573
182564,Western Nevada College,Carson City,NV,2,1,13,NA,NA,1910,0.5953,0.2638,4168,12834,20248,2356,9883,1,0.0282,NA,0.41,0.388,10500,10500,41987
182634,Colby-Sawyer College,New London,NH,3,2,43,0.8008,NA,771,0.6926,0.1475,19125,19125,38527,9645,7194,1,0.6571,0.7674,0.5745,0.5968,27000,27000,46474
182670,Dartmouth College,Hanover,NH,3,2,33,0.054,1534,4541,0.4823,0.0065,68268,68268,87793,34702,19770,0.8127,0.1203,0.9842,0.9554,0.9575,17500,17500,97434
182704,Empire Beauty School-Laconia,Laconia,NH,1,3,32,NA,NA,92,0.9565,0.2317,NA,NA,NA,28939,NA,NA,0.5259,NA,NA,NA,7942,7942,33546
182722,Empire Beauty School-Somersworth,Somersworth,NH,1,3,23,NA,NA,184,0.9293,0.506,NA,NA,NA,11662,NA,NA,0.383,NA,NA,NA,6333,6333,NA
182795,Franklin Pierce University,Rindge,NH,3,2,42,0.9347,1175,992,0.4748,0.0728,46442,46442,64185,18557,8428,1,0.7032,0.7434,0.5351,0.4978,27000,27000,53353
182829,University of New Hampshire-Franklin Pierce School of Law,Concord,NH,4,1,31,NA,NA,NA,NA,NA,NA,NA,NA,23034,12776,0.3038,NA,NA,NA,NA,26814,26814,66479
182892,Keene Beauty Academy,Keene,NH,1,3,32,NA,NA,50,1,0.2043,NA,NA,NA,17166,NA,NA,0.5745,NA,NA,NA,9833,PS,NA
182980,New England College,Henniker,NH,3,2,42,0.9213,NA,1022,0.5714,0.1907,41938,41938,59350,12177,7656,0.1355,0.715,0.6128,0.3451,0.3264,26000,26000,42092
183026,Southern New Hampshire University,Manchester,NH,3,2,22,0.9951,NA,163164,0.632,0.7462,17200,17200,40918,11017,9805,1,0.5821,0.6112,0.4283,0.4375,21082,21082,50318
183044,University of New Hampshire-Main Campus,Durham,NH,3,1,31,0.8816,1218,11261,0.5579,0.0182,19202,39852,35537,13414,12271,0.7356,0.5663,0.8727,0.7607,0.7626,26814,26814,66479
183062,Keene State College,Keene,NH,3,1,32,0.9033,NA,2699,0.5128,0.0353,14784,26840,29993,9132,10286,0.498,0.6656,0.7868,0.6006,0.5926,25749,25749,54368
183071,University of New Hampshire at Manchester,Manchester,NH,3,1,12,0.8087,1100,443,0.4334,0.2605,15838,36418,20020,12994,9178,0.265,0.4313,0.8529,0.5,0.5613,26814,26814,66479
183080,Plymouth State University,Plymouth,NH,3,1,33,0.8754,NA,3153,0.4818,0.0228,14626,25566,29644,9842,9340,0.5502,0.6912,0.6845,0.5203,0.4971,26000,26000,57304
183099,NHTI-Concord's Community College,Concord,NH,2,1,31,NA,NA,2154,0.6713,0.3517,7200,15450,23726,7124,8034,0.155,0.3509,NA,NA,NA,14650,14650,48943
183105,White Mountains Community College,Berlin,NH,1,1,33,NA,NA,450,0.66,0.4311,7050,15300,21739,6847,7058,0.2838,0.3169,NA,NA,NA,11000,11000,35037
183114,River Valley Community College,Claremont,NH,2,1,41,NA,NA,608,0.8174,0.6113,6940,15190,23244,6173,6787,0.2842,0.4169,NA,NA,NA,16226,16226,44700
183123,Lakes Region Community College,Laconia,NH,2,1,32,NA,NA,482,0.4876,0.2691,6720,14970,21494,6002,6628,0.3333,0.2748,NA,NA,NA,18525,PS,51182
183132,Manchester Community College,Manchester,NH,2,1,12,NA,NA,1587,0.5035,0.3494,7090,15340,20703,6405,7752,0.196,0.2599,NA,NA,NA,15060,15060,49063
183141,Nashua Community College,Nashua,NH,2,1,13,NA,NA,1135,0.5665,0.3376,7140,15390,29014,6538,7601,0.1294,0.2036,NA,NA,NA,11000,11000,46164
183150,Great Bay Community College,Portsmouth,NH,2,1,23,NA,NA,1259,0.5957,0.3424,7200,15450,21963,6720,7738,0.2214,0.2347,NA,NA,NA,13828,13828,42397
183202,Paul Mitchell the School-Portsmouth,Portsmouth,NH,1,3,23,NA,NA,73,0.9726,0.1311,NA,NA,NA,11210,NA,NA,0.55,NA,NA,NA,9833,9833,NA
183211,Rivier University,Nashua,NH,3,2,13,0.8259,1070,1231,0.7287,0.2494,39488,39488,53499,15807,8174,0.3077,0.6974,0.7571,0.5167,0.5516,26956,26956,52248
183239,Saint Anselm College,Manchester,NH,3,2,22,0.7805,1201,2087,0.5942,0.0029,48920,48920,67213,17939,9792,0.6581,0.6852,0.8813,0.8003,0.8153,27000,27000,73371
183248,St Joseph School of Nursing,Nashua,NH,2,2,13,NA,NA,93,0.7634,0.7083,23438,23438,NA,7750,8148,1,0.5288,NA,NA,NA,16550,16550,NA
183257,University of New Hampshire College of Professional Studies Online,Manchester,NH,3,1,12,NA,NA,1157,0.7373,0.7555,7724,9284,15451,8488,9964,0.2667,0.3309,0.625,0.2955,0.221,26814,26814,66479
183275,Thomas More College of Liberal Arts,Merrimack,NH,3,2,22,NA,NA,97,0.5361,0.0737,30400,30400,42082,12843,5762,1,0.8218,0.88,0.625,0.6216,25000,PS,53565
183488,Eastwick College-Hackensack,Hackensack,NJ,2,3,21,NA,NA,1171,0.8984,0.5847,18075,18075,33359,15652,5762,0.1096,0.5526,NA,0.4254,0.4316,13264,13264,39762
183600,Assumption College for Sisters,Denville,NJ,2,2,21,NA,NA,30,1,0.9714,6000,6000,NA,1700,NA,NA,0,NA,NA,NA,NA,NA,NA
183655,Atlantic Cape Community College,Mays Landing,NJ,2,1,41,NA,NA,3755,0.6394,0.3148,6068,9068,15597,3195,7575,1,0.0761,NA,NA,NA,9500,9500,34241
183725,Fortis Institute-Wayne,Wayne,NJ,1,3,21,NA,NA,502,0.3924,0.3391,NA,NA,NA,11403,NA,NA,0.7176,NA,NA,NA,9500,9500,36920
183743,Bergen Community College,Paramus,NJ,2,1,21,NA,NA,10557,0.5404,0.2569,4913,9294,17184,4910,8602,0.2722,0.1853,NA,NA,NA,12000,12000,46624
183789,Berkeley College-Woodland Park,Woodland Park,NJ,3,3,21,NA,NA,1778,0.7683,0.5963,29800,29800,44691,19909,7262,1,0.6816,0.5455,0.4371,0.4427,23251,23251,40251
183804,Beth Medrash Govoha,Lakewood,NJ,3,2,13,NA,NA,4027,0,0.4335,NA,NA,NA,3582,9162,0.1364,0,NA,NA,NA,PS,PS,47544
183822,Bloomfield College of Montclair State University,Bloomfield,NJ,3,1,21,0.6974,NA,781,0.5723,0.1471,15912,26022,42035,5668,9925,1,0.8858,0.5944,0.3811,0.345,22000,22000,61415
183859,Brookdale Community College,Lincroft,NJ,2,1,21,NA,NA,7901,0.5311,0.1841,6270,10140,18143,4184,9234,1,0.0718,NA,NA,NA,12000,12000,44379
183877,Rowan College at Burlington County,Mount Laurel,NJ,2,1,21,NA,NA,6267,0.6084,0.2963,6990,9510,12243,3814,8200,1,0.0825,NA,NA,NA,10500,10500,44745
183910,Caldwell University,Caldwell,NJ,3,2,21,0.7134,1260,1575,0.5771,0.0504,40848,40848,54073,17043,8318,1,0.6409,0.7726,0.5749,0.5801,25000,25000,53843
183938,Camden County College,Blackwood,NJ,2,1,21,NA,NA,6636,0.607,0.3699,4320,4416,12535,2594,8226,1,0.0912,NA,NA,NA,11851,11851,41212
183974,Centenary University,Hackettstown,NJ,3,2,21,0.8308,NA,910,0.6,0.0957,37732,37732,52362,18147,7533,1,0.633,0.7784,0.5605,0.5631,23163,23163,53726
183983,Adult and Continuing Education-BCTS,Hackensack,NJ,1,1,21,NA,NA,106,0.0094,0.2778,NA,NA,NA,7393,NA,NA,0.2968,NA,NA,NA,3608,3608,49739
184056,Lincoln Technical Institute-Iselin,Iselin,NJ,1,3,21,NA,NA,638,0.7931,0.5017,NA,NA,NA,12748,NA,NA,0.822,NA,NA,NA,10521,10521,31914
184092,American Institute-Clifton,CLIFTON,NJ,1,3,21,NA,NA,778,0.7918,0.4599,NA,NA,NA,10660,NA,NA,0.8971,NA,NA,NA,11979,11979,28710
184180,County College of Morris,Randolph,NJ,2,1,21,NA,NA,5360,0.4951,0.2065,6210,14310,15033,6037,8918,0.2913,0.142,NA,NA,NA,9000,9000,50243
184205,Rowan College of South Jersey-Cumberland Campus,Vineland,NJ,2,1,13,NA,NA,2074,0.6678,0.2624,5160,6000,16069,2909,6605,1,0.1744,NA,NA,NA,12000,12000,41751
184348,Drew University,Madison,NJ,3,2,21,0.6783,1227,1533,0.5558,0.0376,47100,47100,65301,15366,9405,1,0.4458,0.8837,0.7048,0.7139,25288,25288,63646
184427,Lincoln Technical Institute-South Plainfield,South Plainfield,NJ,1,3,21,NA,NA,335,0.0627,0.3364,NA,NA,NA,15122,NA,NA,0.7183,NA,NA,NA,11730,11730,46396
184481,Essex County College,Newark,NJ,2,1,11,NA,NA,5855,0.6039,0.3224,5415,9523,12506,5261,7315,1,0,NA,NA,NA,PS,PS,37230
184506,Empire Beauty School-Union,Union,NJ,1,3,21,NA,NA,103,0.9029,0.4248,NA,NA,NA,10422,NA,NA,0.6011,NA,NA,NA,13000,13000,23925
184603,Fairleigh Dickinson University-Metropolitan Campus,Teaneck,NJ,3,2,21,0.9071,NA,2627,0.501,0.1035,38004,38004,50305,18823,9579,0.3035,0.2079,0.7698,0.5332,0.58,25000,25000,57273
184612,Felician University,Lodi,NJ,3,2,21,NA,NA,1774,0.7018,0.1849,39300,39300,50316,15779,7884,0.444,0.5504,0.7571,0.4722,0.4849,25000,25000,57602
184694,Fairleigh Dickinson University-Florham Campus,Madison,NJ,3,2,21,0.9519,NA,1990,0.5322,0.0336,38004,38004,54204,27314,9429,0.4148,0.5463,0.7821,0.6662,0.6972,25000,25000,57273
184746,Hohokus School of Trade and Technical Sciences,Paterson,NJ,1,3,21,NA,NA,146,0.0479,0.3657,NA,NA,NA,21331,NA,NA,0.6335,NA,NA,NA,7600,7600,43917
184773,Georgian Court University,Lakewood,NJ,3,2,13,0.7884,NA,1195,0.6904,0.1306,37260,37260,50671,19442,8457,0.3744,0.4865,0.7611,0.5357,0.5423,21816,21816,53096
184782,Rowan University,Glassboro,NJ,3,1,21,0.7766,1212,15841,0.4953,0.1118,16574,26932,35842,13954,10856,0.5256,0.4337,0.8234,0.6736,0.678,20500,20500,59988
184791,Rowan College of South Jersey-Gloucester Campus,Sewell,NJ,2,1,21,NA,NA,4234,0.5928,0.1891,5160,6000,16151,4525,7054,1,0.5058,NA,NA,NA,12000,12000,41751
184816,Empire Beauty School-Cherry Hill,Cherry Hill,NJ,1,3,21,NA,NA,139,0.8633,0.424,NA,NA,NA,11430,NA,NA,0.586,NA,NA,NA,10667,10667,24397
184959,Eastwick College-Ramsey,Ramsey,NJ,2,3,21,NA,NA,1203,0.8761,0.6781,18057,18057,32704,15083,6546,0.1074,0.6932,NA,0.7547,0.72,16084,16084,51725
184968,Holy Name Medical Center-Sister Claire Tynan School of Nursing,Englewood Cliffs,NJ,1,2,21,0.2,NA,178,0.8764,0.7072,23914,23914,NA,23523,NA,NA,0.6772,NA,NA,NA,20000,20000,87408
184995,Hudson County Community College,Jersey City,NJ,2,1,11,NA,NA,6626,0.6105,0.359,5384,9248,15469,871,7588,1,0.0293,NA,NA,NA,10500,10500,34333
185129,New Jersey City University,Jersey City,NJ,3,1,11,0.9838,NA,3681,0.552,0.2226,14460,14460,28255,9286,12966,1,0.2834,0.6482,0.3389,0.363,18500,18500,52745
185262,Kean University,Union,NJ,3,1,21,0.759,1040,11433,0.6067,0.1933,14299,22446,26949,8333,10488,0.2533,0.4113,0.7607,0.4657,0.4499,23250,23250,57237
185396,Lincoln Technical Institute-Union,Union,NJ,1,3,21,NA,NA,1785,0.037,0.2658,NA,NA,NA,13656,NA,NA,0.7287,NA,NA,NA,11730,11730,46396
185466,Rizzieri Aveda School for Beauty and Wellness,Voorhees,NJ,1,3,21,NA,NA,346,0.9769,0.3465,NA,NA,NA,18428,NA,NA,0.4443,NA,NA,NA,5500,5500,29601
185509,Mercer County Community College,West Windsor,NJ,2,1,41,NA,NA,5404,0.5337,0.2756,5310,9174,12545,6682,9001,1,0.1315,NA,NA,NA,10500,10500,43264
185536,Middlesex College,Edison,NJ,2,1,21,NA,NA,8469,0.5459,0.1784,4764,7356,10054,2996,10244,1,0.0399,NA,NA,NA,9750,9750,46861
185572,Monmouth University,West Long Branch,NJ,3,2,21,0.8902,1223,3684,0.6333,0.0239,46552,46552,62904,24413,10388,1,0.6072,0.7986,0.719,0.7111,27000,27000,67991
185590,Montclair State University,Montclair,NJ,3,1,21,0.8789,1070,18376,0.5854,0.0837,15912,26022,28305,9878,12540,0.3426,0.4051,0.7789,0.6466,0.6446,22000,22000,61415
185679,JFK Muhlenberg Harold B. and Dorothy A. Snyder Schools,Plainfield,NJ,1,2,21,0.5857,NA,188,0.6596,0.7028,24916,31336,47124,28399,NA,NA,0.7465,NA,NA,NA,21000,21000,73894
185721,Eastwick College-Nutley,Nutley,NJ,2,3,21,NA,NA,618,0.835,0.4934,15848,15848,26454,12320,5955,0.1,0.7193,NA,NA,NA,11775,11775,42827
185758,New Brunswick Theological Seminary,New Brunswick,NJ,4,2,13,NA,NA,NA,NA,NA,NA,NA,NA,13300,6618,0.7857,NA,NA,NA,NA,PS,PS,NA
185767,Robert Fiance Beauty Schools-West New York,West New York,NJ,1,3,21,NA,NA,271,0.8376,0.3231,NA,NA,NA,15947,NA,NA,0.4571,NA,NA,NA,6701,6701,18123
185828,New Jersey Institute of Technology,Newark,NJ,3,1,11,0.6507,1337,9019,0.2835,0.1156,19974,37664,32859,15228,13884,0.5795,0.3118,0.8954,0.7276,0.7292,21000,21000,84276
185873,Ocean County College,Toms River,NJ,2,1,21,NA,NA,5424,0.5819,0.201,4906,6970,18207,4267,7182,1,0.0602,NA,NA,NA,11150,11150,45210
185970,P B Cosmetology Education Center,Gloucester,NJ,1,3,21,NA,NA,120,0.9583,0.3009,NA,NA,NA,14056,NA,NA,0.5056,NA,NA,NA,7667,7667,26800
186016,Parisian Beauty School,Hackensack,NJ,1,3,21,NA,NA,441,0.932,0.3836,NA,NA,NA,17420,NA,NA,0.5965,NA,NA,NA,7667,7667,27767
186034,Passaic County Community College,Paterson,NJ,2,1,21,NA,NA,4260,0.6192,0.3129,6300,10560,13754,1977,8769,1,0.1065,NA,NA,NA,7536,7536,36972
186052,Pennco Tech-Blackwood,Blackwood,NJ,1,3,21,NA,NA,875,0.1554,0.2942,NA,NA,NA,18342,NA,NA,0.6315,NA,NA,NA,8331,8331,42013
186122,Princeton Theological Seminary,Princeton,NJ,4,2,13,NA,NA,NA,NA,NA,NA,NA,NA,5634,11245,0.66,NA,NA,NA,NA,PS,PS,NA
186131,Princeton University,Princeton,NJ,3,2,13,0.0462,1553,5709,0.5038,0.0146,62688,62688,84040,15203,25354,0.867,0.0197,0.9835,0.9761,0.9735,10320,10320,110066
186186,Rabbinical College of America,Morristown,NJ,3,2,21,0.9515,NA,181,0,0.0102,10650,10650,27300,8138,6825,0.9259,0,0.7547,0.2222,0.2017,PS,PS,34990
186201,Ramapo College of New Jersey,Mahwah,NJ,3,1,21,0.7064,1211,4898,0.5841,0.093,16777,27708,29483,10924,12502,1,0.376,0.8361,0.6981,0.7082,21000,21000,67541
186274,Robert Fiance Beauty Schools,Boynton Beach,FL,1,3,21,NA,NA,310,0.8742,0.4811,NA,NA,NA,18795,NA,NA,0.4293,NA,NA,NA,7062,7062,27359
186283,Rider University,Lawrenceville,NJ,3,2,21,0.7864,1227,3106,0.5631,0.0712,41120,41120,55967,18690,11615,0.4647,0.5829,0.7836,0.6133,0.6237,26130,26130,62208
186371,Rutgers University-Camden,Camden,NJ,3,1,13,0.6629,1178,3753,0.5995,0.2399,17764,37276,35178,17542,14127,0.5008,0.4702,0.8,0.6667,0.6656,21500,21500,74479
186380,Rutgers University-New Brunswick,New Brunswick,NJ,3,1,13,0.5815,1410,37751,0.5012,0.0485,17929,37441,36993,15036,14593,0.5255,0.3479,0.9302,0.8363,0.8429,21500,21500,74479
186399,Rutgers University-Newark,Newark,NJ,3,1,11,0.7136,NA,7709,0.5267,0.1708,17250,36762,35654,24108,16467,0.5881,0.3183,0.8382,0.6375,0.6568,21500,21500,74479
186405,Capital Health School of Radiologic Technology,Trenton,NJ,1,2,13,NA,NA,16,0.9375,0.3333,NA,NA,NA,5536,NA,NA,0.4667,NA,NA,NA,PS,PS,NA
186423,Capital Health School of Nursing,Trenton,NJ,1,2,13,NA,NA,66,0.8939,0.7547,NA,NA,NA,15878,NA,NA,0,NA,NA,NA,PS,PS,NA
186432,Saint Peter's University,Jersey City,NJ,3,2,11,0.903,NA,2135,0.5892,0.1033,42552,42552,50272,16925,9476,0.3075,0.2856,0.7178,0.5826,0.6087,20500,20500,57815
186469,Salem Community College,Carneys Point,NJ,2,1,21,NA,NA,910,0.6989,0.3391,6360,10260,17857,4469,6719,1,0.121,NA,NA,NA,9500,9500,38020
186584,Seton Hall University,South Orange,NJ,3,2,21,0.7326,1322,6036,0.5621,0.0221,53170,53170,68263,26518,11807,0.9308,0.5043,0.8145,0.6949,0.7046,22750,22750,70196
186593,Shore Beauty School,Egg Harbor Township,NJ,1,3,21,NA,NA,188,0.8245,0.3161,NA,NA,NA,12564,NA,NA,0.6829,NA,NA,NA,6333,6333,21377
186618,Saint Elizabeth University,Morristown,NJ,3,2,21,0.7103,NA,557,0.5961,0.1269,36741,36741,53075,19317,7875,0.3293,0.6567,0.6471,0.511,0.4595,24934,24934,53038
186645,Raritan Valley Community College,Branchburg,NJ,2,1,41,NA,NA,5416,0.4891,0.2291,5664,7584,13832,4460,8622,1,0.0339,NA,NA,NA,10500,10500,48145
186867,Stevens Institute of Technology,Hoboken,NJ,3,2,21,0.4758,1446,4222,0.3382,0.0051,63462,63462,79790,30244,17610,1,0.5271,0.9364,0.8688,0.8817,27000,27000,108772
186876,Stockton University,Galloway,NJ,3,1,41,0.8894,1139,7537,0.6025,0.1116,16266,24524,35139,7957,11456,0.4986,0.493,0.7859,0.6854,0.7024,20500,20500,57602
186900,Talmudical Academy-New Jersey,Adelphia,NJ,2,2,21,0.4348,NA,72,0,0.0128,15800,15800,25100,12233,2191,NA,0,0.9,0.6,0.1667,PS,PS,40344
187000,Aviation Institute of Maintenance-Teterboro,Hasbrouck Heights,NJ,1,3,21,NA,NA,695,0.0791,0.45,16757,16757,29400,17344,NA,NA,0.266,NA,NA,NA,14279,14279,73971
187046,Thomas Edison State University,Trenton,NJ,3,1,13,NA,NA,6707,0.3899,0.8841,6838,8856,NA,11096,NA,NA,0.2418,NA,NA,NA,12500,12500,69331
187134,The College of New Jersey,Ewing,NJ,3,1,21,0.6229,1246,7105,0.5593,0.0194,19632,25752,38860,13526,12766,0.4916,0.4756,0.9132,0.8585,0.8554,23250,23250,73323
187198,UCNJ Union College of Union County New Jersey,Cranford,NJ,2,1,21,NA,NA,7939,0.6231,0.3601,5280,9500,13569,3635,13825,1,0.0657,NA,NA,NA,15091,15091,41595
187444,William Paterson University of New Jersey,Wayne,NJ,3,1,21,0.9008,NA,6614,0.6126,0.3205,15704,25344,28476,10052,13396,0.9767,0.4285,0.7394,0.4396,0.4559,22334,22334,57780
187532,Central New Mexico Community College,Albuquerque,NM,1,1,11,NA,NA,15203,0.6292,0.4205,2060,8684,11600,1398,7214,1,0.1624,NA,NA,NA,6612,6612,36869
187596,Navajo Technical University,Crownpoint,NM,1,1,43,NA,NA,1124,0.6379,0.4137,4346,4346,13049,3657,6041,1,0,0.3793,0.1188,0.1585,PS,PS,26364
187620,New Mexico State University-Dona Ana,Las Cruces,NM,2,1,12,NA,NA,5177,0.6156,0.2741,2322,6360,14397,860,7451,0.3333,0.0946,NA,NA,NA,17095,17095,39067
187639,Clovis Community College,Clovis,NM,1,1,33,NA,NA,1309,0.7471,0.4111,1592,3344,10043,454,6148,1,0.0296,NA,NA,NA,7250,7250,34020
187648,Eastern New Mexico University-Main Campus,Portales,NM,3,1,33,0.9166,964,3357,0.6279,0.3583,7194,9174,18940,3907,8343,0.6307,0.1891,0.6203,0.4509,0.4229,16500,16500,38550
187666,Eastern New Mexico University-Roswell Campus,Roswell,NM,1,1,33,NA,NA,1300,0.6854,0.2882,2256,5616,11816,883,6655,0.4904,0.0152,NA,NA,NA,16500,16500,38550
187745,Institute of American Indian and Alaska Native Culture and Arts Development,Santa Fe,NM,3,1,41,0.9747,NA,334,0.6557,0.1788,5920,5920,24854,2954,7818,1,0,0.7027,0.1463,0.2021,PS,PS,24505
187897,New Mexico Highlands University,Las Vegas,NM,3,1,33,NA,NA,1451,0.621,0.4088,7416,12336,20868,7740,5823,0.7797,0.176,0.4977,0.2618,0.259,11399,11399,45937
187903,New Mexico Junior College,Hobbs,NM,2,1,33,NA,NA,2175,0.6589,0.2177,1440,2280,9258,2582,10502,1,0.0184,NA,NA,NA,11313,11313,34233
187912,New Mexico Military Institute,Roswell,NM,2,1,33,0.526,NA,331,0.1964,NA,7190,14156,19121,5679,8097,1,0.0436,NA,NA,NA,5500,PS,57410
187958,University of New Mexico-Gallup Campus,Gallup,NM,2,1,33,NA,NA,808,0.6411,0.2654,2906,5682,11620,915,7830,0.5083,0.1088,NA,NA,NA,18450,18450,44792
187967,New Mexico Institute of Mining and Technology,Socorro,NM,3,1,33,0.4449,1207,995,0.2834,0.1255,9476,27247,24967,5524,10264,0.8266,0.3122,0.7703,0.5705,0.5675,19085,19085,76489
187976,University of New Mexico-Los Alamos Campus,Los Alamos,NM,2,1,32,NA,NA,218,0.4817,0.359,2214,5686,17783,1355,6267,0.1395,0.1359,NA,NA,NA,18450,18450,44792
187985,University of New Mexico-Main Campus,Albuquerque,NM,3,1,11,0.9518,1038,17244,0.5731,0.2022,10140,33060,21259,5387,11446,0.7135,0.4408,0.7617,0.5469,0.535,18450,18450,44792
187994,New Mexico State University-Alamogordo,Alamogordo,NM,2,1,41,NA,NA,591,0.6887,0.3879,2616,6072,15728,1481,8031,0.4306,0.0404,NA,NA,NA,17095,17095,39067
188003,Southeast New Mexico College,Carlsbad,NM,2,1,41,NA,NA,469,0.7207,0.1674,1176,4008,13604,857,8749,0.4819,0.0171,NA,NA,NA,NA,NA,NA
188021,New Mexico State University-Grants,Grants,NM,1,1,33,NA,NA,356,0.7079,0.3765,2136,4272,8514,1353,7158,0.3148,0.0132,NA,NA,NA,17095,17095,39067
188030,New Mexico State University-Main Campus,Las Cruces,NM,3,1,22,0.8897,1011,11946,0.5793,0.1952,8183,25307,23274,3277,10198,0.7526,0.1993,0.7338,0.5517,0.5377,17095,17095,39067
188049,University of New Mexico-Valencia County Campus,Los Lunas,NM,2,1,41,NA,NA,525,0.6667,0.1314,1878,5130,13469,478,7221,0.4444,0.0463,NA,NA,NA,18450,18450,44792
188058,Northern New Mexico College,Espanola,NM,2,1,32,NA,NA,926,0.6911,0.4328,6400,14328,19702,5844,7447,0.4161,0.0342,0.5227,0.2866,0.3048,6000,PS,38112
188100,San Juan College,Farmington,NM,1,1,41,NA,NA,4304,0.6849,0.4743,1928,5412,15140,2453,7014,1,0.0515,NA,NA,NA,9750,9750,36513
188137,Santa Fe Community College,Santa Fe,NM,1,1,41,NA,NA,3369,0.6278,0.4707,1851,4131,18405,2358,7066,0.233,0.0118,NA,NA,NA,13236,13236,38005
188182,University of the Southwest,Hobbs,NM,3,2,33,NA,NA,346,0.474,0.1246,16670,16670,28210,12361,3737,1,0.6409,0.5506,0.1698,0.2308,21303,21303,45389
188207,Southwestern College,Santa Fe,NM,4,2,13,NA,NA,NA,NA,NA,NA,NA,NA,24152,6816,0.1961,NA,NA,NA,NA,PS,PS,NA
188216,Southwestern Indian Polytechnic Institute,Albuquerque,NM,2,1,21,NA,NA,215,0.6093,0.4292,1095,1095,12125,778,7183,1,0,NA,NA,NA,PS,PS,27660
188225,University of New Mexico-Taos Campus,Ranchos de Taos,NM,1,1,41,NA,NA,377,0.6844,0.2939,2136,5136,16228,887,7235,0.3816,0.1292,NA,NA,NA,18450,18450,44792
188261,Mesalands Community College,Tucumcari,NM,1,1,33,NA,NA,411,0.2968,0.5529,2136,3408,15975,2806,5412,0.4286,0.0216,NA,NA,NA,PS,PS,32272
188289,Vogue College of Cosmetology-Santa Fe,Santa Fe,NM,1,3,13,NA,NA,55,0.9273,0.3934,NA,NA,NA,10684,NA,NA,0.4598,NA,NA,NA,6333,6333,NA
188304,Western New Mexico University,Silver City,NM,3,1,33,NA,NA,2026,0.6742,0.3812,7856,14342,21562,6586,8468,0.4297,0.2151,0.5805,0.3223,0.3365,23000,23000,39095
188340,Vaughn College of Aeronautics and Technology,Flushing,NY,2,2,11,NA,NA,1302,0.1398,0.2396,29810,29810,47346,21475,9587,1,0.4651,0.8393,0.3919,0.3954,21125,21125,64973
188429,Adelphi University,Garden City,NY,3,2,21,0.6591,1219,5276,0.6668,0.0449,49110,49110,63189,25106,13657,0.3063,0.5865,0.8286,0.6715,0.68,25000,25000,75482
188438,SUNY Adirondack,Queensbury,NY,2,1,23,NA,NA,1844,0.5586,0.1759,6844,9616,17087,3664,7832,0.525,0.2317,NA,NA,NA,14345,14345,41267
188517,Bryant & Stratton College-Albany,Albany,NY,2,2,21,NA,NA,240,0.575,0.3125,18374,18374,23359,17803,6196,0.1481,0.6957,1,0.2857,0.253,21549,21549,32568
188526,Albany College of Pharmacy and Health Sciences,Albany,NY,3,2,12,0.5269,1252,481,0.6424,0.0585,41475,41475,54899,24986,10066,0.6121,0.8336,0.8582,0.6754,0.6817,25500,25500,131426
188535,Albany Law School,Albany,NY,4,2,12,NA,NA,NA,NA,NA,NA,NA,NA,24098,11612,0.5897,NA,NA,NA,NA,PS,PS,NA
188580,Albany Medical College,Albany,NY,4,2,12,NA,NA,NA,NA,NA,NA,NA,NA,44679,NA,0.2707,NA,NA,NA,NA,PS,PS,NA
188641,Alfred University,Alfred,NY,3,2,42,0.7384,1279,1423,0.5228,0.0422,41500,41500,57445,8360,7390,0.8373,0.6414,0.7752,0.5698,0.5626,26000,26000,54897
188650,Allen School-Brooklyn,Brooklyn,NY,1,3,11,NA,NA,192,0.9167,0.3397,NA,NA,NA,11719,NA,NA,0.8905,NA,NA,NA,9500,9500,34186
188669,The Ailey School,New York,NY,1,2,11,0.3248,NA,94,0.8191,0.0455,14817,14817,41968,10679,NA,NA,0.3636,NA,NA,NA,17500,PS,22782
188678,American Academy of Dramatic Arts-New York,New York,NY,2,2,11,0.9196,NA,187,0.7166,0.1867,40650,40650,62554,31143,6545,0.1159,0.5111,NA,NA,NA,12000,12000,27019
188687,American Academy McAllister Institute of Funeral Service,New York,NY,2,2,11,NA,NA,270,0.6296,0.7872,20018,20018,26418,16690,3347,0.2,0.5355,NA,NA,NA,21150,21150,54695
188854,American Musical and Dramatic Academy,New York,NY,1,2,11,0.2448,NA,1438,0.7197,0.0413,46928,46928,65647,30330,6293,0.3168,0.5885,0.8333,0.7164,0.7183,15250,15250,26975
188890,Apex Technical School,Long Island City,NY,1,2,11,NA,NA,1400,0.0271,0.4146,NA,NA,NA,17819,NA,NA,0.53,NA,NA,NA,9500,9500,41093
188915,Arnot Ogden Medical Center,Elmira,NY,2,2,13,0.6667,NA,52,0.8462,0.7586,NA,NA,NA,8647,8353,NA,0.8621,NA,NA,NA,PS,PS,70775
188942,Associated Beth Rivkah Schools,Brooklyn,NY,1,2,11,0.8411,NA,254,1,NA,11200,11200,32924,9239,7384,NA,0,0.8523,0.7746,0.76,PS,PS,17686
189015,Bank Street College of Education,New York,NY,4,2,11,NA,NA,NA,NA,NA,NA,NA,NA,51874,10559,0.6129,NA,NA,NA,NA,PS,PS,NA
189088,Bard College,Annandale-On-Hudson,NY,3,2,41,0.5212,1380,2414,0.5704,0.2205,66436,66436,84553,13407,12589,0.743,0.3168,0.8458,0.6756,0.701,24254,24254,46543
189097,Barnard College,New York,NY,3,2,11,0.0884,1520,3264,1,0.0027,69888,69888,89538,48012,15995,1,0.2569,0.9657,0.9302,0.9298,18000,18000,80516
189219,Berk Trade and Business School,Long Island City,NY,1,3,11,NA,NA,152,0.0329,0.4907,NA,NA,NA,11111,NA,NA,0.2477,NA,NA,NA,6333,6333,49748
189228,Berkeley College-New York,New York,NY,3,3,11,NA,NA,1449,0.7067,0.5513,29800,29800,45041,16154,7929,1,0.5695,0.5517,0.4401,0.4216,30426,30426,45884
189255,Berkowits School of Electrolysis,Forest Hills,NY,1,3,11,NA,NA,102,0.9902,0.5794,NA,NA,NA,303,NA,NA,0.1135,NA,NA,NA,PS,PS,NA
189273,Beth Hamedrash Shaarei Yosher Institute,Brooklyn,NY,2,2,11,0.8974,NA,91,0,0.012,12000,12000,24208,23904,3801,NA,0,0.9259,0.125,0.2273,PS,PS,NA
189282,Mount Sinai Phillips School of Nursing,New York,NY,3,2,11,NA,NA,311,0.8746,0.5348,NA,NA,NA,6819,12130,0.2034,0.989,NA,1,PS,19750,19750,96980
189404,Brittany Beauty Academy,Brooklyn,NY,1,3,11,NA,NA,89,0.9551,0.68,NA,NA,NA,19254,NA,NA,0.4294,NA,NA,NA,6333,6333,17992
189413,Boricua College,New York,NY,3,2,11,NA,NA,391,0.8159,0.98,13025,13025,24213,9402,5110,0.65,0.1372,0.8649,0.806,0.7409,6733,6733,35348
189468,Brittany Beauty Academy,Levittown,NY,1,3,21,NA,NA,141,0.9645,0.4295,NA,NA,NA,19217,NA,NA,0.6696,NA,NA,NA,6333,6333,18753
189477,American Beauty School,Bronx,NY,1,3,11,NA,NA,113,0.9646,0.3714,NA,NA,NA,9431,NA,NA,0.3874,NA,NA,NA,3500,3500,21111
189501,Brooklyn Law School,Brooklyn,NY,4,2,11,NA,NA,NA,NA,NA,NA,NA,NA,35440,15287,1,NA,NA,NA,NA,PS,PS,NA
189547,SUNY Broome Community College,Binghamton,NY,2,1,22,NA,NA,3055,0.6295,0.1777,8624,14288,16640,3875,7282,0.4718,0.281,NA,NA,NA,12000,12000,39710
189565,Bryant & Stratton College-Syracuse North,Liverpool,NY,3,2,21,NA,NA,458,0.7402,0.5159,18768,18768,25249,21992,6263,0.5192,0.7182,0.3333,0.3163,0.2816,21549,21549,32568
189583,Bryant & Stratton College-Buffalo,Buffalo,NY,2,2,11,NA,NA,743,0.751,0.5098,18910,18910,24969,9259,5841,0.2857,0.6857,NA,0.2121,0.2402,21549,21549,32568
189592,Bryant & Stratton College-Greece,Rochester,NY,2,2,21,NA,NA,363,0.7163,0.5165,20073,20073,24114,18389,6063,0.3585,0.7086,NA,0.1,0.1644,21549,21549,32568
189705,Canisius University,Buffalo,NY,3,2,11,0.7236,NA,1685,0.5098,0.0345,34500,34500,44322,16041,8691,0.9297,0.5328,0.7262,0.6639,0.6866,24250,24250,60681
189714,Capri Cosmetology Learning Centers,Nanuet,NY,1,3,21,NA,NA,285,0.9825,0.4146,NA,NA,NA,15311,NA,NA,0.3768,NA,NA,NA,5827,5827,30190
189811,St Paul's School of Nursing-Queens,Rego Park,NY,2,3,11,NA,NA,1056,0.8343,0.7524,17433,17433,34498,16582,6923,0.1971,0.7667,NA,NA,NA,25730,25730,104403
189839,Cayuga County Community College,Auburn,NY,2,1,32,NA,NA,1187,0.5906,0.1478,7056,12336,16709,4859,8922,0.3214,0.1176,NA,NA,NA,12000,12000,38709
189857,Central Yeshiva Tomchei Tmimim Lubavitz,Brooklyn,NY,3,2,11,0.8743,NA,863,0,0.0037,8400,8400,29697,8485,3816,0.6415,0,0.7871,0.0513,0.04,PS,PS,35023
189990,Christine Valmy International School for Esthetics Skin Care & Makeup,New York,NY,1,3,11,NA,NA,641,0.9922,0.6099,NA,NA,NA,12417,NA,NA,0.2765,NA,NA,NA,5478,5478,NA
190008,Circle in the Square Theatre School,New York,NY,1,2,11,0.08,NA,39,0.6154,0.14,25610,25610,41990,21448,NA,NA,0.48,NA,NA,NA,PS,PS,39899
190044,Clarkson University,Potsdam,NY,3,2,33,0.7736,1304,2196,0.3051,0.0076,59398,59398,79022,15917,11357,0.7766,0.6188,0.8478,0.7491,0.7429,26000,26000,89696
190053,Clinton Community College,Plattsburgh,NY,2,1,32,NA,NA,400,0.55,0.1478,6831,6831,16318,2862,6252,0.5263,0.1334,NA,NA,NA,13250,13250,39246
190071,Cochran School of Nursing,Yonkers,NY,2,2,21,NA,NA,117,0.8889,0.9018,NA,NA,NA,15089,11740,1,0.7719,NA,NA,NA,19625,19625,99503
190080,Colgate Rochester Crozer Divinity School,Rochester,NY,4,2,12,NA,NA,NA,NA,NA,NA,NA,NA,7533,5804,1,NA,NA,NA,NA,PS,PS,NA
190099,Colgate University,Hamilton,NY,3,2,42,0.1388,1508,3180,0.5679,0.0022,70306,70306,87070,53741,13098,0.9312,0.1226,0.9343,0.9117,0.9086,15000,15000,85139
190114,Metropolitan College of New York,New York,NY,3,2,11,0.9,NA,402,0.6915,0.914,20188,20188,34203,19150,7154,1,0.7093,0.2,0.4,0.2834,27688,27688,46236
190150,Columbia University in the City of New York,New York,NY,3,2,11,0.0399,1553,8973,0.498,0.1406,71845,71845,89472,44900,21516,0.4268,0.1371,0.98,0.961,0.9554,21500,21500,102491
190169,Columbia-Greene Community College,Hudson,NY,2,1,41,NA,NA,876,0.5639,0.2777,6048,11448,14261,2211,6128,0.4337,0.0772,NA,NA,NA,12000,12000,44441
190239,Empire Beauty School-Queens,Astoria,NY,1,3,11,NA,NA,172,0.9477,0.4082,NA,NA,NA,10533,NA,NA,0.6176,NA,NA,NA,10667,10667,24397
190318,Continental School of Beauty Culture-Rochester,Rochester,NY,1,3,21,NA,NA,194,0.9639,0.4366,NA,NA,NA,13334,NA,NA,0.6194,NA,NA,NA,6333,6333,23906
190372,The Cooper Union for the Advancement of Science and Art,New York,NY,3,2,11,0.2071,1410,842,0.5273,0.0133,46820,46820,64190,13737,14408,0.2748,0.2098,0.9194,0.8111,0.8074,15000,15000,83847
190415,Cornell University,Ithaca,NY,3,2,13,0.0876,1535,15995,0.5456,0.0047,69314,69314,88140,30214,17953,0.9285,0.1781,0.9838,0.9538,0.9526,14000,14000,104043
190424,Weill Medical College of Cornell University,New York,NY,4,2,11,NA,NA,NA,NA,NA,NA,NA,NA,27308,NA,0.9333,NA,NA,NA,NA,14000,14000,104043
190442,SUNY Corning Community College,Corning,NY,2,1,41,NA,NA,1138,0.594,0.1009,6534,10326,14197,4323,7159,1,0.1518,NA,NA,NA,12000,12000,38817
190451,Pomeroy College of Nursing at Crouse Hospital,East Syracuse,NY,2,2,21,0.7778,NA,173,0.8671,0.4804,21213,21213,NA,10030,9978,0.5714,0.5754,NA,NA,NA,15250,15250,83972
190503,Culinary Institute of America,Hyde Park,NY,2,2,21,0.9115,1060,3011,0.5028,0.1452,39850,39850,58790,29859,10143,1,0.5323,0.6997,0.6292,0.6376,15750,15750,47475
190512,CUNY Bernard M Baruch College,New York,NY,3,1,11,0.4752,1280,16154,0.4986,0.131,7464,15414,14170,5109,12558,0.4064,0.1113,0.886,0.7212,0.7211,11512,11512,75971
190521,CUNY Borough of Manhattan Community College,New York,NY,2,1,11,NA,NA,18623,0.5672,0.2549,5170,8050,12866,1751,11481,0.4317,0.0416,NA,NA,NA,7574,7574,42306
190530,CUNY Bronx Community College,Bronx,NY,2,1,11,NA,NA,5964,0.5647,0.3129,5206,8086,12677,563,11917,0.4818,0.051,NA,NA,NA,8384,8384,41307
190549,CUNY Brooklyn College,Brooklyn,NY,3,1,11,0.5836,1140,10543,0.5442,0.1819,7452,15402,14151,4034,12737,0.3163,0.0671,0.8012,0.5386,0.5518,11000,11000,60752
190558,College of Staten Island CUNY,Staten Island,NY,3,1,11,0.9234,1040,9657,0.5134,0.1427,7490,15440,14795,3959,12665,0.3239,0.1044,0.757,0.3393,0.3335,14350,14350,53501
190567,CUNY City College,New York,NY,3,1,11,0.6002,1260,12505,0.5126,0.1352,7340,15290,14403,4263,13231,0.3363,0.1112,0.7926,0.5682,0.5578,11990,11990,66039
190576,CUNY Graduate School and University Center,New York,NY,3,1,11,0.6849,NA,3254,0.7253,0.7933,7235,15185,NA,7482,13869,0.3348,0.1424,NA,NA,NA,12584,12584,65991
190585,CUNY Hostos Community College,Bronx,NY,2,1,11,NA,NA,4900,0.6796,0.3721,5254,8134,13069,1320,11417,0.4045,0.0603,NA,NA,NA,8442,8442,40485
190594,CUNY Hunter College,New York,NY,3,1,11,0.538,1280,16289,0.659,0.1385,7382,15332,13905,5054,12726,0.2919,0.0673,0.7765,0.5686,0.5881,11000,11000,63163
190600,CUNY John Jay College of Criminal Justice,New York,NY,3,1,11,0.5711,1080,11590,0.636,0.1729,7470,15420,14212,3878,12169,0.3563,0.0813,0.816,0.5583,0.5566,11000,11000,56195
190619,CUNY Kingsborough Community College,Brooklyn,NY,2,1,11,NA,NA,7670,0.5671,0.135,5252,8132,13580,1241,11394,0.4185,0.0254,NA,NA,NA,7100,7100,42621
190628,CUNY LaGuardia Community College,Long Island City,NY,2,1,11,NA,NA,11254,0.5898,0.2628,5218,8098,13648,2769,12397,0.3943,0.0247,NA,NA,NA,7407,7407,41653
190637,CUNY Lehman College,Bronx,NY,3,1,11,0.5658,970,10696,0.65,0.3227,7410,15360,14121,3284,11996,0.3804,0.1165,0.7307,0.5128,0.5034,10950,10950,58013
190646,CUNY Medgar Evers College,Brooklyn,NY,3,1,11,0.8605,920,3233,0.7312,0.3573,7352,15302,14771,1978,11999,0.3646,0.1045,0.4974,0.1977,0.2103,10988,10988,46498
190655,CUNY New York City College of Technology,Brooklyn,NY,3,1,11,0.8029,1010,13580,0.4694,0.2011,7332,15282,14110,2877,12016,0.2657,0.0522,0.6487,0.2147,0.2046,10533,10533,49365
190664,CUNY Queens College,Queens,NY,3,1,11,0.6435,1120,12550,0.5094,0.1745,7538,15488,14367,4728,12204,0.4237,0.0835,0.7868,0.5325,0.5642,10298,10298,62763
190673,CUNY Queensborough Community College,Bayside,NY,2,1,11,NA,NA,8940,0.5264,0.2165,5210,8090,12392,2812,11861,0.5156,0.0382,NA,NA,NA,8600,8600,44214
190682,CUNY School of Law,Long Island City,NY,4,1,11,NA,NA,NA,NA,NA,NA,NA,NA,15173,16717,0.6264,NA,NA,NA,NA,PS,PS,NA
190691,CUNY York College,Jamaica,NY,3,1,11,0.641,880,4345,0.647,0.2321,7358,15308,14330,3453,11822,0.3561,0.0623,0.5744,0.3225,0.3127,11000,11000,56945
190707,CVPH Medical Center School of Radiologic Technology,Plattsburgh,NY,1,2,32,0.8571,NA,20,0.8,NA,NA,NA,NA,10295,NA,NA,0.4211,NA,NA,NA,PS,PS,NA
190716,D'Youville  University,Buffalo,NY,3,2,11,0.8137,1130,1258,0.7289,0.1771,34940,34940,48539,23258,9306,0.651,0.652,0.7344,0.6749,0.6173,25000,25000,66942
190725,Daemen University,Amherst,NY,3,2,21,0.6826,NA,1643,0.7365,0.0808,35218,35218,45192,14945,7103,0.4894,0.6323,0.7567,0.5888,0.5862,22091,22091,61808
190752,Yeshiva of Far Rockaway Derech Ayson Rabbinical Seminary,Far Rockaway,NY,3,2,11,0.92,NA,60,0,NA,10800,10800,21150,44711,5202,NA,0,1,0.2,0.3111,PS,PS,NA
190761,Dominican University New York,Orangeburg,NY,3,2,21,0.633,NA,1105,0.629,0.112,34220,34220,47802,19317,8662,0.3495,0.7658,0.6644,0.5251,0.5436,25000,25000,61171
190840,Dutchess Community College,Poughkeepsie,NY,2,1,21,NA,NA,3824,0.5411,0.1453,5670,10670,17159,4778,9881,0.4396,0.1314,NA,NA,NA,10039,10039,43929
190956,Belanger School of Nursing,Schenectady,NY,2,2,13,0,NA,162,0.8704,0.2879,12444,12444,18492,2355,9777,0.5172,0.2137,NA,NA,NA,PS,PS,79677
190983,Elmira College,Elmira,NY,3,2,13,0.7696,1314,708,0.6638,0.0784,38976,38976,52449,16925,5191,0.4579,0.7173,0.6975,0.6471,0.6437,27000,27000,57550
191083,Erie Community College,Buffalo,NY,2,1,11,NA,NA,6099,0.5283,0.2646,6100,11300,14348,3719,6988,0.5023,0.2317,NA,NA,NA,9250,9250,41228
191126,Fashion Institute of Technology,New York,NY,2,1,11,0.6024,NA,7637,0.8183,0.113,6294,16874,26838,10414,10261,1,0.2977,0.907,0.8068,0.8196,12000,12000,62696
191199,Finger Lakes Community College,Canandaigua,NY,2,1,41,NA,NA,2980,0.5644,0.2071,6234,8418,19900,4159,7201,1,0.2558,NA,NA,NA,12975,12975,40054
191205,Five Towns College,Dix Hills,NY,3,3,21,0.5382,NA,547,0.3291,0.0468,30250,30250,42458,9948,5870,0.1439,0.4215,0.6966,0.5532,0.5208,21500,21500,35887
191241,Fordham University,Bronx,NY,3,2,11,0.5931,1418,10512,0.61,0.0357,64915,64915,82762,30630,16236,1,0.4741,0.8852,0.8191,0.8109,24300,24300,85569
191302,Fulton-Montgomery Community College,Johnstown,NY,2,1,41,NA,NA,1001,0.6224,0.1471,6198,6798,14226,3098,8949,0.5534,0.1692,NA,NA,NA,12125,12125,39535
191311,Gemological Institute of America-New York,New York,NY,1,2,11,NA,NA,160,0.6,0.5272,NA,NA,NA,13303,NA,NA,0.0596,NA,NA,NA,PS,PS,42588
191339,Genesee Community College,Batavia,NY,2,1,32,NA,NA,1973,0.6513,0.1929,5900,6500,15959,3059,7033,0.3583,0.2057,NA,NA,NA,11622,11622,39674
191515,Hamilton College,Clinton,NY,3,2,22,0.1362,1506,2030,0.5557,0.0024,68960,68960,84230,40300,12404,0.7645,0.2925,0.9481,0.9063,0.9094,17000,17000,78411
191533,Hartwick College,Oneonta,NY,3,2,33,0.696,1200,1087,0.6164,0.018,54962,54962,68614,20309,7918,1,0.8076,0.7444,0.5332,0.5,27000,27000,61107
191597,Helene Fuld College of Nursing,New York,NY,2,2,11,0.1695,NA,914,0.8665,0.8573,25852,25852,51340,24330,12455,0.2353,0.8213,0.6667,NA,NA,15250,15250,111027
191612,Herkimer County Community College,Herkimer,NY,2,1,31,NA,NA,1168,0.482,0.2211,5776,5776,20149,3001,6938,0.4472,0.2786,NA,NA,NA,11365,11365,39199
191621,Hilbert College,Hamburg,NY,3,2,21,0.972,NA,921,0.5831,0.1171,33740,33740,42114,12051,6332,0.3186,0.7316,0.638,0.5631,0.5232,24750,24750,48309
191630,Hobart William Smith Colleges,Geneva,NY,3,2,32,0.6399,1319,1786,0.5353,0.0056,65117,65117,82602,19676,9559,1,0.7367,0.8636,0.7725,0.7494,27000,27000,68831
191649,Hofstra University,Hempstead,NY,3,2,21,0.6808,1319,6488,0.5746,0.0206,57660,57660,70624,30405,14951,0.4039,0.4434,0.8362,0.6854,0.678,23621,23621,69039
191676,Houghton University,Houghton,NY,3,2,43,0.8866,1284,753,0.5976,0.0568,18430,18430,31143,12132,6614,0.6068,0.4777,0.8398,0.6522,0.6493,25250,25250,46721
191719,Hudson Valley Community College,Troy,NY,2,1,13,NA,NA,6499,0.5058,0.196,6796,11852,15757,5526,7727,0.4753,0.2073,NA,NA,NA,10625,10625,45460
191728,Hunter Business School,Levittown,NY,1,3,21,NA,NA,1261,0.8335,0.5384,NA,NA,NA,8800,NA,NA,0.6935,NA,NA,NA,7937,7937,36312
191931,Iona University,New Rochelle,NY,3,2,21,0.8694,1217,2951,0.5456,0.0153,47260,47260,60247,20549,9406,0.5378,0.4375,0.7693,0.56,0.5672,25999,25999,73595
191940,Isabella Graham Hart School of Practical Nursing,Rochester,NY,1,2,21,NA,NA,85,0.9294,0.6813,NA,NA,NA,3450,NA,NA,0.5495,NA,NA,NA,PS,PS,48143
191968,Ithaca College,Ithaca,NY,3,2,23,0.6901,1312,4242,0.5427,0.0053,53540,53540,68699,21744,9844,0.7776,0.6451,0.8467,0.7623,0.7518,24000,24000,63548
191986,Jamestown Community College,Jamestown,NY,2,1,32,NA,NA,1739,0.5733,0.1392,6840,6840,18243,4140,7502,0.3352,0.1379,NA,NA,NA,10990,10990,38242
192022,Jefferson Community College,Watertown,NY,2,1,13,NA,NA,1499,0.5871,0.2527,6264,11700,19286,2935,6904,0.3285,0.2229,NA,NA,NA,12000,12000,39991
192040,Jewish Theological Seminary of America,New York,NY,3,2,11,0.4861,1500,172,0.5581,NA,67357,67357,85945,11452,12696,0.4444,0.1163,0.9574,0.9032,0.884,PS,PS,92751
192110,The Juilliard School,New York,NY,3,2,11,0.0915,NA,468,0.4551,0.2084,57950,57950,83892,19273,15261,0.289,0.2116,0.9789,0.9256,0.9134,25500,25500,37827
192165,Kehilath Yakov Rabbinical Seminary,Ossining,NY,3,2,41,NA,NA,205,0,NA,13200,13200,17850,3720,2340,NA,0,1,0.6341,0.5445,PS,PS,36442
192192,Keuka College,Keuka Park,NY,3,2,32,0.6808,NA,966,0.7557,0.1302,39332,39332,54760,14139,7000,1,0.7516,0.7336,0.5836,0.533,27000,27000,58289
192271,LIM College,New York,NY,3,3,11,0.959,1035,1187,0.8863,0.0954,33504,33504,53064,29379,6448,0.0952,0.6194,0.7333,0.5087,0.5189,24000,24000,58956
192323,Le Moyne College,Syracuse,NY,3,2,21,0.8298,1255,2439,0.5937,0.0698,40330,40330,53183,16849,9082,0.4793,0.6372,0.8355,0.7313,0.7216,23000,23000,62731
192448,Long Island University,Brookville,NY,3,2,21,0.8616,1224,5520,0.6569,0.0732,42432,42432,55424,25925,13296,0.3962,0.2889,0.7719,0.5707,0.5611,23577,23577,59950
192484,Long Island Beauty School-Hempstead,Hempstead,NY,1,3,21,NA,NA,101,0.9604,0.5957,NA,NA,NA,11878,NA,NA,0.1633,NA,NA,NA,8254,8254,17378
192624,Machzikei Hadath Rabbinical College,Brooklyn,NY,3,2,11,1,NA,131,0,0.0465,13500,13500,30053,10574,6119,NA,0,0.76,0.3333,0.3,PS,PS,41527
192688,Mandl School-The College of Allied Health,New York,NY,2,3,11,NA,NA,497,0.8209,0.6538,21700,21700,43113,12460,6974,0.3617,0.9419,NA,NA,NA,20000,20000,39108
192703,Manhattan University,Riverdale,NY,3,2,11,0.7894,1270,2744,0.402,0.0581,53400,53400,64348,22993,12755,0.4811,0.1551,0.7598,0.6371,0.6481,26000,26000,86316
192712,Manhattan School of Music,New York,NY,3,2,11,0.4078,NA,539,0.5028,0.0331,57050,57050,77703,32037,7792,0.2051,0.3315,0.9296,0.7832,0.7829,26994,26994,26878
192749,Manhattanville University,Purchase,NY,3,2,21,0.8734,NA,1362,0.6043,0.0933,44604,44604,53499,18312,8614,0.1864,0.7856,0.7387,0.5842,0.5601,25000,25000,58832
192785,Maria College of Albany,Albany,NY,2,2,12,0.4448,NA,656,0.907,0.6885,18740,18740,21798,20757,7782,0.9677,0.845,0.3333,0.3,0.3409,20528,20528,55458
192800,Marion S Whelan School of Nursing of Geneva General Hospital,Geneva,NY,1,2,32,1,NA,14,0.8571,0.3636,12085,12085,14370,7704,NA,NA,1,NA,NA,NA,18955,18955,70771
192819,Marist University,Poughkeepsie,NY,3,2,21,0.5651,1295,5182,0.5805,0.0206,47750,47750,67574,24666,11066,0.4499,0.4624,0.8609,0.796,0.7972,25000,25000,77819
192864,Marymount Manhattan College,New York,NY,3,2,11,0.8261,1214,1577,0.8263,0.1086,41870,41870,65767,20929,8703,0.1723,0.7112,0.7018,0.4904,0.4944,25750,25750,49131
192961,St. Peter's Hospital College of Nursing,Albany,NY,2,2,12,1,NA,123,0.8862,0.512,15358,15358,NA,15405,8640,NA,0.52,NA,NA,NA,14745,14745,62588
193016,Mercy University,Dobbs Ferry,NY,3,2,21,0.8584,NA,5735,0.682,0.2453,22880,22880,32596,18423,9574,0.2528,0.4554,0.7572,0.4571,0.4689,19637,19637,52055
193052,Mesivta Torah Vodaath Rabbinical Seminary,Brooklyn,NY,3,2,11,0.8,NA,399,0,0.1899,15200,15200,21810,3704,2439,0.6522,0,0.7667,0.5,0.3428,PS,PS,NA
193061,Mesivta of Eastern Parkway-Yeshiva Zichron Meilech,Brooklyn,NY,2,2,11,0.5556,NA,39,0,NA,10100,10100,21300,11850,3123,NA,0,1,0.6667,PS,PS,PS,NA
193070,Mesivtha Tifereth Jerusalem of America,New York,NY,3,2,11,0.6,NA,51,0,0.0222,13250,13250,18560,24554,4847,NA,0,0.8571,0.0667,0.1077,PS,PS,NA
193201,Mildred Elley School-Albany Campus,Albany,NY,1,3,12,NA,NA,369,0.8835,0.7896,15865,15865,31734,15709,5907,NA,0.6909,NA,NA,NA,19000,19000,38830
193247,Mirrer Yeshiva Cent Institute,Brooklyn,NY,2,2,11,0.8929,NA,120,0,NA,13600,13600,20614,9732,3858,1,0,0.963,0.7273,0.675,PS,PS,41192
193265,Modern Welding School,Schenectady,NY,1,3,13,NA,NA,58,0.1379,0.3478,NA,NA,NA,21451,NA,NA,0.5698,NA,NA,NA,PS,PS,48703
193283,Mohawk Valley Community College,Utica,NY,2,1,13,NA,NA,2950,0.559,0.1572,6218,8851,16656,4070,7192,0.4618,0.1666,NA,NA,NA,11000,11000,39850
193292,Molloy University,Rockville Centre,NY,3,2,21,0.8174,1187,3162,0.7318,0.1589,39790,39790,50720,23828,11277,0.3524,0.6465,0.8517,0.6993,0.7078,27000,27000,77789
193308,Monroe University,Bronx,NY,2,3,11,0.6751,NA,5701,0.6771,0.4319,18464,18464,28285,12369,6359,0.6183,0.4431,0.6651,0.5655,0.5703,18818,18818,41236
193326,Monroe Community College,Rochester,NY,2,1,21,NA,NA,7623,0.5908,0.346,6006,11056,14606,3260,7358,0.4448,0.3006,NA,NA,NA,9750,9750,40174
193353,Mount Saint Mary College,Newburgh,NY,3,2,13,0.8888,1150,1148,0.6821,0.1276,43450,43450,55014,18713,9710,0.3842,0.447,0.7363,0.6546,0.6556,26007,26007,67705
193380,Montefiore School of Nursing,Mount Vernon,NY,2,2,21,NA,NA,121,0.8678,0.8696,NA,NA,NA,21043,11242,NA,0.7788,NA,NA,NA,20000,20000,NA
193399,University of Mount Saint Vincent,Bronx,NY,3,2,11,0.8511,1090,2692,0.7708,0.1259,44540,44540,54170,13403,10648,0.1884,0.5329,0.7305,0.5683,0.5699,25000,25000,65756
193405,Icahn School of Medicine at Mount Sinai,New York,NY,4,2,11,NA,NA,NA,NA,NA,NA,NA,NA,34665,NA,NA,NA,NA,NA,NA,PS,PS,NA
193478,Nassau Community College,Garden City,NY,2,1,21,NA,NA,10630,0.5096,0.2353,6330,12130,14983,4950,12445,0.4237,0.1753,NA,NA,NA,10500,10500,48248
193584,Nazareth University,Rochester,NY,3,2,21,0.7472,1216,1873,0.7144,0.0253,42450,42450,58254,22392,8439,0.4105,0.6979,0.8482,0.7279,0.7285,26038,26038,56458
193609,Neighborhood Playhouse School of the Theater,New York City,NY,1,2,11,0.5333,NA,67,0.5075,0.4366,19000,19000,44715,21306,NA,NA,0.4507,NA,NA,NA,PS,PS,29382
193654,The New School,New York,NY,3,2,11,0.6347,NA,6563,0.7678,0.0697,58694,58694,88284,35911,13417,0.2064,0.2501,0.8476,0.6937,0.7021,22266,22266,52901
193751,Northeast College of Health Sciences,Seneca Falls,NY,4,2,41,NA,NA,71,0.9155,NA,17250,17250,NA,33963,7034,0.5,NA,NA,NA,NA,PS,PS,NA
193821,New York Law School,New York,NY,4,2,11,NA,NA,NA,NA,NA,NA,NA,NA,33562,13948,0.3313,NA,NA,NA,NA,PS,PS,NA
193830,New York Medical College,Valhalla,NY,4,2,21,NA,NA,NA,NA,NA,NA,NA,NA,45442,8849,0.2074,NA,NA,NA,NA,PS,PS,NA
193858,New York School for Medical and Dental Assistants,Long Island City,NY,1,3,11,NA,NA,277,0.917,0.3274,NA,NA,NA,21479,4183,0.2174,0.6691,NA,NA,NA,8309,8309,38899
193900,New York University,New York,NY,3,2,11,0.0923,1520,28663,0.5926,0.0329,62796,62796,84374,45258,18026,1,0.1908,0.9577,0.8757,0.8801,20500,20500,82509
193946,Niagara County Community College,Sanborn,NY,2,1,41,NA,NA,3084,0.6518,0.1937,6894,12030,13908,3867,8058,1,0.2011,NA,NA,NA,11039,11039,42285
193973,Niagara University,Niagara University,NY,3,2,21,0.8737,1168,2653,0.6649,0.1114,39345,39345,51632,14501,9724,1,0.545,0.8038,0.7451,0.7222,25475,25475,56196
193991,Empire Beauty School-Peekskill,Peekskill,NY,1,3,21,NA,NA,49,0.9388,0.2619,NA,NA,NA,10517,NA,NA,0.5357,NA,NA,NA,6554,6554,27916
194028,North Country Community College,Saranac Lake,NY,2,1,33,NA,NA,819,0.6422,0.2266,6682,9370,18051,2473,6713,1,0.1963,NA,NA,NA,12000,12000,38276
194073,New York College of Podiatric Medicine,New York,NY,4,2,11,NA,NA,NA,NA,NA,NA,NA,NA,32295,11867,0.7222,NA,NA,NA,NA,PS,PS,NA
194091,New York Institute of Technology,Old Westbury,NY,3,2,41,0.8102,1311,3440,0.386,0.0692,46560,46560,56976,38991,13524,0.3256,0.4462,0.7799,0.5877,0.5751,23334,23334,70080
194116,New York School of Interior Design,New York,NY,1,2,11,0.6289,NA,427,0.9415,0.65,32330,32330,48730,43188,NA,0.0431,0.2432,1,0.6923,0.675,PS,PS,48041
194189,Ohr Hameir Theological Seminary,Peekskill,NY,2,2,21,1,NA,100,0,NA,10150,10150,NA,18604,4990,NA,0,NA,NA,PS,PS,PS,NA
194222,Onondaga Community College,Syracuse,NY,2,1,21,NA,NA,4456,0.5377,0.1428,6102,11392,16585,3085,6206,0.2387,0.1823,NA,NA,NA,10000,10000,41190
194240,Orange County Community College,Middletown,NY,2,1,23,NA,NA,3989,0.6185,0.1796,6526,12334,14807,5840,8497,0.3323,0.1981,NA,NA,NA,12000,12000,44117
194259,Otsego Area BOCES-Practical Nursing Program,Oneonta,NY,1,1,33,NA,NA,31,0.8387,NA,NA,NA,NA,NA,NA,NA,NA,NA,NA,NA,PS,PS,45248
194310,Pace University,New York,NY,3,2,11,0.7592,1266,7665,0.6541,0.0592,53290,53290,69550,24865,12908,1,0.4492,0.7549,0.6003,0.6072,23250,23250,70378
194392,Paul Smiths College of Arts and Science,Paul Smiths,NY,3,2,42,0.7653,NA,579,0.3661,0.0253,33009,33009,51506,23510,6551,0.8491,0.7234,0.7519,0.5055,0.5199,22750,22750,46145
194435,Continental School of Beauty Culture-West Seneca,West Seneca,NY,1,3,21,NA,NA,78,1,0.403,NA,NA,NA,11837,NA,NA,0.625,NA,NA,NA,6333,6333,22193
194499,Plaza College,Forest Hills,NY,2,3,11,0.3,NA,984,0.7998,0.565,15450,15450,26525,17116,6850,0.3659,0.8002,NA,0.6762,0.6544,20751,20751,31519
194569,Davis College,Pottersville,NY,3,2,42,0.5625,NA,106,0.4528,0.1752,18000,18000,24830,4912,4500,NA,0.2263,1,0.2667,0.3333,PS,PS,38450
194578,Pratt Institute-Main,Brooklyn,NY,3,2,11,0.7325,1290,3910,0.7207,0.0362,61845,61845,80049,38667,12587,0.1483,0.3456,0.8826,0.7354,0.7312,26000,26000,54295
194657,Rabbinical Academy Mesivta Rabbi Chaim Berlin,Brooklyn,NY,3,2,11,0.9362,NA,141,0,0.0125,10800,10800,20400,3583,8695,NA,0,0.925,0.4615,0.3538,PS,PS,NA
194666,Rabbinical College Bobover Yeshiva Bnei Zion,Brooklyn,NY,3,2,11,NA,NA,473,0,NA,10000,10000,20075,10633,3577,NA,0,0.9878,0.8286,0.9,PS,PS,20707
194693,Rabbinical College Beth Shraga,Monsey,NY,2,2,21,0.9167,NA,52,0,NA,16850,16850,NA,24277,6675,NA,0,0.64,0.5,0.493,PS,PS,NA
194718,Rabbinical Seminary Mkor Chaim,Lakewood,NJ,3,2,21,0.9063,NA,96,0,0.0123,8450,8450,17750,16653,1883,NA,0,0.871,0,PS,PS,PS,NA
194736,Rabbinical College of Long Island,Long Beach,NY,2,2,21,1,NA,159,0,NA,10290,10290,21600,20308,5713,1,0,0.9111,0.2273,0.2824,PS,PS,NA
194763,Rabbinical Seminary of America,Flushing,NY,3,2,11,0.9845,NA,397,0,0.029,10000,10000,19700,3149,2829,0.9444,0,0.802,0.3026,0.3258,PS,PS,NA
194824,Rensselaer Polytechnic Institute,Troy,NY,3,2,13,0.6347,1456,5714,0.3113,0.0071,64081,64081,82404,26714,13820,0.8925,0.5099,0.9072,0.8362,0.834,23750,23750,102051
194958,Roberts Wesleyan University,Rochester,NY,3,2,21,0.7063,1170,1149,0.6606,0.2665,38826,38826,52919,13916,7175,0.9175,0.6051,0.836,0.6667,0.6533,23750,23750,55031
195003,Rochester Institute of Technology,Rochester,NY,3,2,21,0.6693,1383,13215,0.3511,0.0281,59274,59274,74626,25688,11525,0.7033,0.5291,0.8879,0.6989,0.7034,26778,26778,76571
195030,University of Rochester,Rochester,NY,3,2,12,0.4008,1488,6331,0.5272,0.0628,67080,67080,85962,30454,14585,0.9488,0.3974,0.9069,0.8543,0.8495,21000,21000,79042
195049,The Rockefeller University,New York,NY,4,2,11,NA,NA,NA,NA,NA,NA,NA,NA,0,22875,0.9259,NA,NA,NA,NA,NA,NA,NA
195058,Rockland Community College,Suffern,NY,2,1,21,NA,NA,3834,0.5409,0.193,6862,6862,18713,4172,9203,0.2289,0.0694,NA,NA,NA,8497,8497,50243
195067,Empire Beauty School-Manhattan,New York,NY,1,3,11,NA,NA,388,0.9639,0.3772,NA,NA,NA,11449,NA,NA,0.6046,NA,NA,NA,10667,10667,24022
195128,Russell Sage College,Troy,NY,3,2,13,0.5326,NA,1244,0.672,0.0981,38164,38164,50607,17416,6600,0.8357,0.7815,0.7789,0.561,0.5947,22000,22000,58316
195155,St Bernard's School of Theology and Ministry,Rochester,NY,4,2,21,NA,NA,NA,NA,NA,NA,NA,NA,14965,7755,NA,NA,NA,NA,NA,PS,PS,NA
195164,St Bonaventure University,Saint Bonaventure,NY,3,2,33,0.8165,1197,2012,0.4791,0.011,41735,41735,57271,14215,7778,0.6579,0.9326,0.8589,0.6673,0.6835,26000,26000,57214
195173,St. Francis College,Brooklyn,NY,3,2,11,NA,NA,1684,0.6781,0.0874,28775,28775,38098,11399,8548,0.2853,0.2901,0.6475,0.5464,0.5361,23250,23250,58099
195191,St. Joseph's College of Nursing,Syracuse,NY,2,2,12,1,NA,313,0.8882,0.3993,23816,23816,NA,21900,8552,1,0.8163,NA,NA,NA,12000,12000,81908
195216,St Lawrence University,Canton,NY,3,2,33,0.5434,1371,1918,0.525,0.0044,65900,65900,82000,20943,10401,0.7913,0.5398,0.9083,0.7906,0.7937,27000,27000,67258
195243,St. Thomas Aquinas College,Sparkill,NY,3,2,21,0.9305,1000,972,0.4547,0.0234,39450,39450,53370,14786,9579,0.4016,0.2836,0.7336,0.5404,0.5811,23198,23198,62909
195289,Samaritan Hospital School of Nursing,Troy,NY,2,2,13,1,NA,129,0.8837,0.6515,15358,15358,NA,15961,7734,0.45,0.7045,NA,NA,NA,15250,15250,64383
195304,Sarah Lawrence College,Bronxville,NY,3,2,21,0.6173,1366,1530,0.7993,0.0072,66862,66862,82467,29668,11235,0.3345,0.4043,0.8735,0.7133,0.7067,27000,27000,53603
195322,Schenectady County Community College,Schenectady,NY,2,1,13,NA,NA,1507,0.5707,0.1457,6190,8974,16830,2475,6081,1,0.0941,NA,NA,NA,11049,11049,40902
195438,Sh'or Yoshuv Rabbinical College,Lawrence,NY,3,2,21,NA,NA,156,0,NA,11700,11700,NA,14203,5042,0.9189,0,NA,0,PS,PS,PS,NA
195474,Siena University,Loudonville,NY,3,2,21,0.6902,1254,3409,0.5412,0.0232,46580,46580,64870,18455,9661,0.6404,0.6601,0.8269,0.7473,0.753,26561,26561,76079
195526,Skidmore College,Saratoga Springs,NY,3,2,23,0.2105,1405,2694,0.5987,0.0065,67290,67290,85270,36595,11403,0.7717,0.3303,0.8965,0.8257,0.8213,19500,19500,69363
195544,St. Joseph's University-New York,Brooklyn,NY,3,2,11,0.7205,1190,3144,0.6641,0.1748,36550,36550,41897,19995,9258,1,0.5206,0.807,0.6878,0.6667,22000,22000,63905
195580,Saint Vladimirs Orthodox Theological Seminary,Yonkers,NY,4,2,21,NA,NA,NA,NA,NA,NA,NA,NA,4511,7642,0.3478,NA,NA,NA,NA,PS,PS,NA
195702,Saint Elizabeth College of Nursing,Utica,NY,2,2,13,1,NA,153,0.8497,0.3493,20180,30000,NA,11678,12172,1,0.6575,NA,NA,NA,14250,14250,72122
195720,St. John Fisher University,Rochester,NY,3,2,21,0.664,1214,2565,0.5774,0.0344,41190,41190,55201,20274,9676,1,0.678,0.8642,0.7417,0.7431,23250,23250,66944
195784,St Paul's School of Nursing-Staten Island,Staten Island,NY,2,3,11,NA,NA,656,0.8262,0.6384,17492,17492,44677,15879,6460,0.241,0.7545,NA,NA,NA,25729,25729,86693
195809,St. John's University-New York,Queens,NY,3,2,11,0.8343,1244,9477,0.5523,0.0094,53020,53020,65527,24293,13500,0.4585,0.2752,0.787,0.6609,0.6724,25000,25000,69571
195988,Sullivan County Community College,Loch Sheldrake,NY,2,1,41,NA,NA,836,0.6053,0.1819,6468,12132,16601,4190,7388,0.3944,0.1148,NA,NA,NA,10150,10150,38354
196006,SUNY College of Technology at Alfred,Alfred,NY,2,1,42,0.7568,1094,3563,0.3752,0.0963,8892,16837,25385,3587,6459,0.74,0.5703,0.6546,0.5506,0.5393,13750,13750,50445
196015,SUNY College of Technology at Canton,Canton,NY,3,1,33,0.9215,NA,2741,0.5659,0.3309,8742,13572,24906,5327,7884,0.5781,0.5857,0.6949,0.3845,0.4119,20000,20000,47860
196024,SUNY College of Technology at Delhi,Delhi,NY,2,1,43,0.8901,1004,2843,0.5139,0.1925,8772,12762,26944,4507,6928,0.6284,0.554,0.5694,0.4543,0.4682,15180,15180,51629
196033,SUNY College of Agriculture and Technology at Cobleskill,Cobleskill,NY,3,1,32,0.8402,NA,1904,0.5714,0.0675,8768,18678,27786,4634,7556,0.6424,0.5558,0.6871,0.4234,0.4161,16023,16023,45030
196042,Farmingdale State College,Farmingdale,NY,3,1,21,0.6329,1147,9552,0.4089,0.1466,8626,18536,18966,5165,9379,0.3574,0.2291,0.8157,0.5278,0.5488,14718,14718,69781
196051,SUNY Morrisville,Morrisville,NY,2,1,42,0.9154,1130,1923,0.4498,0.101,8825,19245,26833,4612,7440,0.5415,0.7095,0.5749,0.2808,0.3007,18742,18742,43295
196060,University at Albany,Albany,NY,3,1,12,0.691,NA,12564,0.5415,0.0517,10866,31256,28802,7252,11012,0.569,0.5092,0.8344,0.6145,0.6268,19500,19500,67979
196079,Binghamton University,Vestal,NY,3,1,22,0.3861,1415,14655,0.5207,0.017,10567,30447,30345,9195,11086,0.7923,0.3942,0.8938,0.8162,0.8259,18500,18500,80596
196088,University at Buffalo,Buffalo,NY,3,1,21,0.7418,1295,20112,0.4578,0.0523,10936,31536,30785,10749,12415,0.7019,0.3974,0.8521,0.7518,0.743,19000,19000,70814
196097,Stony Brook University,Stony Brook,NY,3,1,21,0.4904,1419,18101,0.5123,0.055,10931,32741,30539,10485,14008,0.6174,0.353,0.8981,0.7556,0.7667,18228,18228,74502
196103,SUNY College of Environmental Science and Forestry,Syracuse,NY,3,1,12,0.6328,NA,1839,0.5334,0.055,9303,22263,28133,6190,9954,0.7898,0.3082,0.8702,0.6632,0.6798,11000,11000,55763
196112,SUNY Polytechnic Institute,Utica,NY,3,1,22,0.8135,1201,1849,0.3218,0.1597,8625,21215,23741,6575,9835,0.463,0.4217,0.6915,0.5508,0.5722,17250,17250,64355
196121,SUNY Brockport,Brockport,NY,3,1,31,0.7068,1193,5784,0.5794,0.1293,8752,15822,26046,5869,8645,0.5337,0.6001,0.7177,0.5513,0.5588,20000,20000,54496
196130,SUNY Buffalo State University,Buffalo,NY,3,1,11,0.7295,1070,5097,0.556,0.1271,8533,19653,24279,4263,9132,0.5213,0.501,0.5772,0.3331,0.347,21028,21028,52334
196149,State University of New York at Cortland,Cortland,NY,3,1,32,0.5979,NA,5901,0.5286,0.0229,8874,18784,28108,6475,7557,0.5808,0.6066,0.8109,0.6803,0.6814,21500,21500,60236
196158,SUNY at Fredonia,Fredonia,NY,3,1,32,0.777,1250,2755,0.5623,0.0337,8831,19771,25879,4747,8123,0.5407,0.651,0.7624,0.5021,0.5181,24250,24250,54247
196167,SUNY College at Geneseo,Geneseo,NY,3,1,32,0.6645,1286,3869,0.6449,0.0147,8999,19569,27709,4886,8765,0.6273,0.5072,0.8699,0.7145,0.7177,19500,19500,67316
196176,State University of New York at New Paltz,New Paltz,NY,3,1,31,0.6161,1265,6086,0.6324,0.0696,8572,18822,28428,5782,8406,0.486,0.42,0.8502,0.716,0.7027,18750,18750,58073
196185,SUNY Oneonta,Oneonta,NY,3,1,33,0.696,1230,4643,0.5888,0.0186,8831,19781,28821,4987,7888,0.6117,0.5729,0.7551,0.6881,0.6954,19812,19812,60386
196194,State University of New York at Oswego,Oswego,NY,3,1,32,0.8055,1187,5473,0.5138,0.0759,8825,18735,27052,6117,8147,0.6538,0.5228,0.7045,0.6036,0.6037,20880,20880,57566
196200,SUNY College at Potsdam,Potsdam,NY,3,1,33,0.777,NA,1823,0.5634,0.0615,8768,18678,25083,5096,7383,0.6272,0.55,0.7767,0.453,0.4652,24250,24250,47866
196219,SUNY at Purchase College,Purchase,NY,3,1,21,0.7405,1312,3197,0.584,0.0622,8953,19203,29043,6557,8079,0.4004,0.4193,0.8031,0.6277,0.6221,21067,21067,45092
196228,SUNY College of Optometry,New York,NY,4,1,11,NA,NA,NA,NA,NA,NA,NA,NA,32798,12200,0.6259,NA,NA,NA,NA,PS,PS,NA
196237,SUNY Old Westbury,Old Westbury,NY,3,1,21,0.8363,NA,4162,0.575,0.1738,8422,18842,21287,4667,10290,0.4171,0.282,0.7177,0.4457,0.4552,14997,14997,58526
196246,State University of New York at Plattsburgh,Plattsburgh,NY,3,1,32,0.7841,1165,3769,0.5959,0.1333,9035,18945,28244,5830,8116,0.6319,0.5692,0.732,0.5851,0.5867,21196,21196,56403
196255,SUNY Downstate Health Sciences University,Brooklyn,NY,3,1,11,NA,NA,293,0.785,0.4965,NA,NA,NA,24998,11414,0.7295,0.4266,NA,NA,NA,12500,12500,109601
196264,Empire State University,Saratoga Springs,NY,3,1,23,NA,NA,7585,0.6813,0.7354,7648,17558,19699,6756,8539,0.2249,0.3387,0.6571,0.4123,0.3377,18730,18730,54080
196291,SUNY Maritime College,Throggs Neck,NY,3,1,11,0.7241,1214,1285,0.1206,0.0547,8589,19159,29786,8508,8873,0.7685,0.3878,0.8346,0.6439,0.6955,23250,23250,95951
196307,Upstate Medical University,Syracuse,NY,3,1,12,NA,NA,159,0.761,0.4831,NA,NA,NA,31648,6956,0.7688,0.5593,NA,NA,NA,15000,15000,92257
196389,Swedish Institute a College of Health Sciences,New York,NY,2,3,11,NA,NA,1227,0.8077,0.6759,27066,27066,35629,37221,4881,0.7279,0.4336,NA,NA,NA,22146,22146,29699
196413,Syracuse University,Syracuse,NY,3,2,12,0.4592,1375,15477,0.5584,0.0338,65528,65528,84517,33359,13189,0.6844,0.3242,0.9013,0.8361,0.8247,26000,26000,79164
196431,Talmudical Seminary Oholei Torah,Brooklyn,NY,3,2,11,0.7719,NA,400,0,NA,8750,8750,20353,17197,6365,0.7143,0,0.8056,0.2222,0.1714,PS,PS,39230
196440,Talmudical Institute of Upstate New York,Rochester,NY,3,2,12,1,NA,13,0,NA,6150,6150,16850,3731,NA,NA,0,0.3333,NA,PS,PS,PS,NA
196468,Teachers College at Columbia University,New York,NY,4,2,11,NA,NA,NA,NA,NA,NA,NA,NA,34365,16204,0.3827,NA,NA,NA,NA,PS,PS,73294
196565,Tompkins Cortland Community College,Dryden,NY,2,1,42,NA,NA,1469,0.6181,0.1288,6970,12855,20222,3569,8210,1,0.1343,NA,NA,NA,15750,15750,40707
196583,Torah Temimah Talmudical Seminary,Staten Island,NY,2,2,11,0.5556,NA,82,0,0.0274,9600,9600,34000,9580,5197,NA,0,1,0,0.0655,PS,PS,NA
196592,Touro University,New York,NY,3,2,11,0.6083,1348,4040,0.7035,0.3307,22450,22450,40500,28245,9964,0.4045,0.2449,0.8883,0.7239,0.6841,15547,15547,53419
196653,Trocaire College,Buffalo,NY,2,2,11,0.9749,NA,984,0.8659,0.5716,20640,20640,29845,19764,8540,0.172,0.7092,NA,0.3086,0.2444,20000,20000,55318
196680,Excelsior University,Albany,NY,3,2,12,NA,NA,11550,0.5284,0.8593,NA,NA,NA,14926,6944,1,0.3397,NA,NA,NA,13769,13769,78493
196699,Ulster County Community College,Stone Ridge,NY,2,1,41,NA,NA,1341,0.5585,0.1413,6666,12146,14925,3971,6553,0.5814,0.0513,NA,NA,NA,10000,10000,41896
196866,Union College,Schenectady,NY,3,2,13,0.4392,1395,2046,0.4687,0.0159,69039,69039,84561,28632,12031,0.8956,0.4404,0.9018,0.8039,0.8282,25337,25337,88604
196884,Union Theological Seminary in the City of New York,New York,NY,4,2,11,NA,NA,NA,NA,NA,NA,NA,NA,8735,10758,0.3585,NA,NA,NA,NA,PS,PS,NA
197018,United Talmudical Seminary,Brooklyn,NY,3,2,11,NA,NA,2241,0,0.0005,15000,15000,22754,13892,4005,0.5668,0,0.9085,0.5813,0.5756,PS,PS,25113
197027,United States Merchant Marine Academy,Kings Point,NY,3,1,21,0.3424,1207,962,0.1819,0.0032,895,895,9168,0,11875,0.7872,0.0602,0.8446,0.8238,0.8149,8833,8833,90610
197036,United States Military Academy,West  Point,NY,3,1,31,0.1245,1355,4408,0.2221,0.0102,NA,NA,NA,0,12102,0.9884,NA,0.9463,0.8706,0.8623,NA,NA,NA
197045,Utica University,Utica,NY,3,2,13,0.9195,1110,2278,0.554,0.1795,26930,26930,37205,14152,9148,0.4509,0.6605,0.7071,0.5624,0.5587,22500,22500,63277
197133,Vassar College,Poughkeepsie,NY,3,2,21,0.1857,1494,2444,0.617,0.0126,71030,71030,87419,46032,13587,0.8532,0.3876,0.949,0.9108,0.9015,18625,18625,71366
197142,Villa Maria College,Buffalo,NY,3,2,13,0.8659,NA,603,0.5174,0.1523,28670,28670,36335,15512,5508,0.2231,0.5229,0.7647,0.3145,0.3123,21250,21250,38857
197151,School of Visual Arts,New York,NY,3,3,11,0.9264,1320,3244,0.7352,0.0604,51400,51400,78051,44094,4435,0.1489,0.2568,0.8548,0.7568,0.7534,27000,27000,46459
197197,Wagner College,Staten Island,NY,3,2,11,0.88,1243,1651,0.6111,0.0522,53200,53200,65574,24133,8122,1,0.5343,0.8342,0.6514,0.6667,25000,25000,74360
197221,Webb Institute,Glen Cove,NY,3,2,21,0.1404,1496,106,0.2453,NA,63214,63214,81950,818,13681,0.6667,0.2095,0.9259,0.88,0.8431,PS,PS,NA
197285,The College of Westchester,White Plains,NY,3,3,13,0.9442,NA,759,0.693,0.4276,25191,25191,31660,15503,6287,0.2,0.5645,0.7931,0.3765,0.3491,26967,26967,42215
197294,SUNY Westchester Community College,Valhalla,NY,2,1,21,NA,NA,8078,0.5301,0.2643,5948,12486,15316,4882,10644,0.2445,0.0976,NA,NA,NA,10400,PS,46822
197337,Westchester School of Beauty Culture,Mount Vernon,NY,1,3,21,NA,NA,59,1,0.5818,NA,NA,NA,11838,NA,NA,0.3214,NA,NA,NA,PS,PS,32170
197531,Word of Life Bible Institute,Pottersville,NY,1,2,42,NA,NA,489,0.499,0.0255,11500,11500,22600,3195,NA,NA,0.4262,NA,NA,NA,12000,12000,36173
197601,Yeshiva Karlin Stolin,Brooklyn,NY,3,2,11,NA,NA,139,0,0.0074,13300,13300,18612,9832,5013,NA,0,0.7895,0.2286,0.2794,PS,PS,NA
197647,Yeshiva Derech Chaim,Brooklyn,NY,2,2,11,0.8824,NA,115,0,0.0672,12700,12700,24200,5952,6875,0.3793,0,0.75,0.8,0.5106,PS,PS,NA
197674,Yeshiva of Nitra Rabbinical College,Chester,NY,3,2,41,NA,NA,243,0,0.0402,14000,14000,23300,10804,2846,0.7143,0,0.82,0.1132,0.1443,PS,PS,41785
197692,Yeshivath Shaar Hatorah,Kew Gardens,NY,3,2,11,0.7222,NA,76,0,NA,19550,19550,22150,27243,9350,NA,0,0.8621,0.5333,0.5385,PS,PS,NA
197708,Yeshiva University,New York,NY,3,2,11,0.5562,1426,2852,0.4551,0.0039,51800,51800,70892,24524,13637,1,0.1607,0.9153,0.832,0.8345,18250,18250,71353
197735,Yeshivath Viznitz,Monsey,NY,3,2,21,NA,NA,1159,0,NA,12000,12000,20397,11145,2680,0.6218,0,0.9591,0.6932,0.6942,PS,PS,NA
197744,Yeshivath Zichron Moshe,South Fallsburg,NY,2,2,32,0.3,NA,201,0,NA,10880,10880,20440,5953,5460,NA,0,1,0.7,0.675,PS,PS,NA
197814,College of the Albemarle,Elizabeth City,NC,2,1,32,NA,NA,2001,0.6172,0.1863,2242,7652,13621,1461,6612,0.2286,0,NA,NA,NA,PS,PS,33234
197850,South Piedmont Community College,Polkton,NC,2,1,42,NA,NA,1833,0.6759,0.1384,2022,6630,16111,1455,6334,0.3333,0,NA,NA,NA,PS,PS,37308
197869,Appalachian State University,Boone,NC,3,1,32,0.9014,1214,19444,0.5534,0.0584,7579,25212,23169,7620,9281,0.777,0.366,0.8369,0.7453,0.7384,20231,20231,51836
197887,Asheville-Buncombe Technical Community College,Asheville,NC,1,1,13,NA,NA,5110,0.6153,0.2922,2882,9026,16061,1391,6032,0.3157,0.03,NA,NA,NA,15528,15528,36048
197911,Barton College,Wilson,NC,3,2,31,0.942,NA,982,0.4786,0.1883,37250,37250,51935,14034,6671,0.9787,0.6371,0.6548,0.4585,0.4821,25877,25877,47913
197966,Beaufort County Community College,Washington,NC,1,1,41,NA,NA,1074,0.7402,0.284,2540,8684,16245,609,6286,0.3,0,NA,NA,NA,PS,PS,32519
197984,Belmont Abbey College,Belmont,NC,3,2,22,0.7465,1099,1276,0.4592,0.0626,19500,19500,34788,10716,7019,0.6786,0.4764,0.7044,0.4668,0.4653,26000,26000,47937
197993,Bennett College,Greensboro,NC,3,2,11,0.5066,925,178,1,0.0872,19140,19140,41296,1149,6566,0.2727,0.6821,0.8571,0.25,0.2299,28130,28130,36654
198011,Bladen Community College,Dublin,NC,2,1,42,NA,NA,1030,0.6816,0.3273,2618,8762,12613,600,6333,0.5,0,NA,NA,NA,PS,PS,30591
198039,Blue Ridge Community College,Flat Rock,NC,1,1,21,NA,NA,1758,0.6359,0.2796,2660,8804,13274,1023,6420,0.3045,0.0418,NA,NA,NA,12000,12000,36324
198066,Brevard College,Brevard,NC,3,2,32,0.4216,1060,815,0.3804,0.0432,32280,32280,47288,12492,6053,1,0.6911,0.6151,0.4884,0.4405,25000,25000,43545
198084,Brunswick Community College,Bolivia,NC,2,1,42,NA,NA,1211,0.6251,0.1973,2553,8697,12836,926,6180,0.1791,0,NA,NA,NA,PS,PS,36668
198109,Cabarrus College of Health Sciences,Concord,NC,2,2,12,0.2338,1150,712,0.9115,0.5083,16550,16550,26375,13064,8088,0.5385,0.8079,1,0.7143,0.6191,16000,16000,58708
198118,Caldwell Community College and Technical Institute,Hudson,NC,2,1,22,NA,NA,2393,0.6444,0.225,2526,6526,20188,1079,6611,0.3659,0,NA,NA,NA,8750,PS,34515
198136,Campbell University,Buies Creek,NC,3,2,31,0.8718,NA,2680,0.5287,0.2296,41600,41600,62187,19251,9210,0.4959,0.3882,0.7616,0.6096,0.5847,22500,22500,54886
198154,Cape Fear Community College,Wilmington,NC,2,1,12,NA,NA,9764,0.6117,0.4116,2748,8892,14740,1442,6870,0.3349,0.0426,NA,NA,NA,9500,9500,38654
198206,Carteret Community College,Morehead City,NC,1,1,32,NA,NA,1172,0.6536,0.2799,2310,8222,19621,1683,6089,0.2043,0,NA,NA,NA,PS,PS,33357
198215,Catawba College,Salisbury,NC,3,2,21,0.7521,1096,1235,0.519,0.1041,34300,34300,49516,18655,8682,0.8083,0.5318,0.773,0.4729,0.497,25000,25000,48793
198233,Catawba Valley Community College,Hickory,NC,2,1,13,NA,NA,2741,0.5476,0.1539,2427,7803,20446,1587,6426,0.2193,0,NA,NA,NA,4938,4938,36977
198251,Central Carolina Community College,Sanford,NC,2,1,32,NA,NA,3237,0.6398,0.1941,2711,8855,14901,1056,6427,0.2705,0,NA,NA,NA,PS,PS,33525
198260,Central Piedmont Community College,Charlotte,NC,2,1,11,NA,NA,15067,0.5801,0.2425,2792,8936,10546,1897,6511,0.273,0,NA,NA,NA,7925,7925,37865
198303,Chowan University,Murfreesboro,NC,3,2,43,0.6879,NA,603,0.3964,0.0517,27910,27910,39027,8817,7034,1,0.569,0.7081,0.2995,0.2915,29491,29491,38412
198321,Cleveland Community College,Shelby,NC,1,1,32,NA,NA,1097,0.5889,0.2942,2602,8746,5565,1515,6311,0.1929,0,NA,NA,NA,PS,PS,33755
198330,Coastal Carolina Community College,Jacksonville,NC,2,1,13,NA,NA,2724,0.6355,0.3306,2512,8656,16793,1229,5811,0.3453,0,NA,NA,NA,PS,PS,36444
198367,Craven Community College,New Bern,NC,2,1,32,NA,NA,1989,0.5877,0.2866,2022,6630,10735,1682,6067,0.265,0,NA,NA,NA,PS,PS,34231
198376,Davidson-Davie Community College,Thomasville,NC,1,1,41,NA,NA,2633,0.6806,0.2507,1980,6588,14280,539,6425,0.311,0.1838,NA,NA,NA,10500,10500,36337
198385,Davidson College,Davidson,NC,3,2,21,0.1337,1469,1867,0.5303,0.0005,64410,64410,79475,25692,13033,0.9598,0.0867,0.9461,0.9107,0.9148,18688,18688,81400
198419,Duke University,Durham,NC,3,2,11,0.0571,1548,6442,0.5368,0.0031,68758,68758,87072,36741,19001,0.9449,0.1364,0.9793,0.9678,0.963,13000,13000,97800
198455,Durham Technical Community College,Durham,NC,2,1,11,NA,NA,3890,0.6373,0.3615,1986,6594,10430,1634,6720,0.223,0.0678,NA,NA,NA,14750,14750,36142
198464,East Carolina University,Greenville,NC,3,1,13,0.8921,1180,19896,0.5708,0.1638,7361,23638,23867,8118,9595,0.7697,0.387,0.8272,0.6262,0.6238,22750,22750,55146
198491,Edgecombe Community College,Tarboro,NC,1,1,41,NA,NA,1397,0.7366,0.3263,2640,8784,9330,1050,6217,0.2409,0.2809,NA,NA,NA,15917,15917,33267
198507,Elizabeth City State University,Elizabeth City,NC,3,1,32,0.6422,1019,1975,0.5003,0.2158,6536,10536,17701,3544,8621,0.8058,0.5396,0.7688,0.4351,0.4557,21463,21463,40026
198516,Elon University,Elon,NC,3,2,22,0.6635,1208,6452,0.5928,0.0067,46958,46958,62266,34290,10563,0.8236,0.2447,0.898,0.8404,0.8352,20500,20500,74545
198534,Fayetteville Technical Community College,Fayetteville,NC,1,1,12,NA,NA,9471,0.6316,0.4493,2628,8772,11277,1893,7516,0.428,0.1706,NA,NA,NA,11500,11500,31861
198543,Fayetteville State University,Fayetteville,NC,3,1,12,0.8215,959,5762,0.6808,0.3831,4353,8353,16652,2611,9421,0.7692,0.4597,0.7529,0.3846,0.3677,22987,22987,40144
198552,Forsyth Technical Community College,Winston-Salem,NC,2,1,11,NA,NA,7113,0.6492,0.3397,2276,6884,14101,1216,6661,1,0.1722,NA,NA,NA,10000,10000,34139
198561,Gardner-Webb University,Boiling Springs,NC,3,2,42,0.7721,1113,1856,0.6212,0.2495,34760,34760,47091,13198,7375,0.9929,0.4717,0.5533,0.5539,0.5855,24222,24222,48039
198570,Gaston College,Dallas,NC,1,1,22,NA,NA,3518,0.6549,0.2282,3186,9330,16866,1019,6358,1,0,NA,NA,NA,PS,PS,35386
198598,Greensboro College,Greensboro,NC,3,2,11,0.7014,NA,708,0.3814,0.1496,21000,21000,35165,12255,6155,1,0.6613,0.6587,0.462,0.4324,25607,25607,46566
198613,Guilford College,Greensboro,NC,3,2,11,0.8,1105,1001,0.4795,0.0603,41362,41362,55689,11799,7005,0.5294,0.5069,0.6492,0.4581,0.4671,26000,26000,47590
198622,Guilford Technical Community College,Jamestown,NC,2,1,21,NA,NA,9260,0.5961,0.3026,2320,7696,20529,917,7317,0.3792,0.2477,NA,NA,NA,14901,14901,33934
198640,Halifax Community College,Weldon,NC,2,1,41,NA,NA,723,0.7427,0.2725,2608,8752,16938,627,6877,0.1707,0,NA,NA,NA,PS,PS,31644
198668,Haywood Community College,Clyde,NC,2,1,41,NA,NA,849,0.6408,0.3206,2580,8724,17011,824,6496,0.2422,0,NA,NA,NA,PS,PS,34770
198677,Heritage Bible College,Dunn,NC,3,2,41,NA,NA,22,0.4091,0.9286,8688,8688,24868,10328,1875,NA,0.7576,1,NA,PS,PS,PS,30672
198695,High Point University,High Point,NC,3,2,12,0.7531,1288,5129,0.5551,0.0088,45312,45312,65548,27075,9147,1,0.4111,0.8535,0.737,0.7208,24575,24575,61389
198710,Isothermal Community College,Spindale,NC,1,1,32,NA,NA,1169,0.6689,0.2569,2030,6638,18132,454,6584,0.326,0,NA,NA,NA,PS,PS,33325
198729,James Sprunt Community College,Kenansville,NC,1,1,42,NA,NA,799,0.7397,0.2318,2592,8736,11870,557,5871,0.1672,0,NA,NA,NA,PS,PS,29307
198756,Johnson C Smith University,Charlotte,NC,3,2,11,0.4521,NA,1244,0.5185,0.1484,21300,21300,34923,11798,7806,0.5874,0.7457,0.7133,0.3429,0.3422,30000,30000,42680
198774,Johnston Community College,Smithfield,NC,2,1,31,NA,NA,3453,0.6449,0.1844,2756,8900,11230,887,7126,0.2428,0,NA,NA,NA,PS,PS,37310
198808,Lees-McRae College,Banner Elk,NC,3,2,42,0.7678,NA,873,0.6667,0.1296,33250,33250,49498,10072,6116,0.5,0.5941,0.6884,0.4208,0.4312,17375,17375,43415
198817,Lenoir Community College,Kinston,NC,1,1,32,NA,NA,1469,0.71,0.2643,2578,8722,14929,782,5856,1,0,NA,NA,NA,PS,PS,33866
198835,Lenoir-Rhyne University,Hickory,NC,3,2,13,0.8459,NA,1359,0.5342,0.0575,31900,31900,44621,13736,7780,1,0.5572,0.7553,0.4778,0.492,26000,26000,45543
198844,Leons Beauty School Inc,Greensboro,NC,1,3,11,NA,NA,102,0.9902,0.2481,NA,NA,NA,5868,NA,NA,0,NA,NA,NA,PS,PS,26958
198862,Livingstone College,Salisbury,NC,3,2,21,0.5925,NA,924,0.4177,0.0613,18296,18296,28305,10314,5732,0.7703,0.781,0.7063,0.2819,0.2605,31125,31125,32600
198871,Louisburg College,Louisburg,NC,2,2,42,0.5581,NA,402,0.3035,0.0024,24120,24120,38833,12764,4103,0.6154,0.8099,NA,NA,NA,12000,12000,34818
198899,Mars Hill University,Mars Hill,NC,3,2,41,0.679,NA,1044,0.4971,0.0888,37736,37736,50099,9398,5935,0.621,0.6208,0.6933,0.4487,0.4318,26000,26000,44781
198905,Martin Community College,Williamston,NC,1,1,32,NA,NA,313,0.7157,0.1355,2523,8667,11275,526,6443,0.1646,0,NA,NA,NA,PS,PS,26016
198914,Mayland Community College,Spruce Pine,NC,2,1,42,NA,NA,362,0.6492,0.1611,2626,8770,14932,575,6231,0.2586,0,NA,NA,NA,PS,PS,34663
198923,McDowell Technical Community College,Marion,NC,2,1,41,NA,NA,608,0.6513,0.256,2032,6640,18783,999,5780,0.2222,0,NA,NA,NA,PS,PS,33035
198950,Meredith College,Raleigh,NC,3,2,11,0.7418,1204,1188,1,0.042,45630,45630,57313,18789,7652,1,0.5485,0.7938,0.7007,0.6754,25000,25000,51539
198969,Methodist University,Fayetteville,NC,3,2,12,0.7514,1182,1448,0.4316,0.1852,41250,41250,55796,19055,8728,0.6178,0.5801,0.651,0.4351,0.4176,27000,27000,48050
198987,Mitchell Community College,Statesville,NC,2,1,31,NA,NA,1948,0.5955,0.1391,2641,8785,16661,1122,6318,0.2213,0,NA,NA,NA,PS,PS,33298
199023,Montgomery Community College,Troy,NC,1,1,42,NA,NA,852,0.5176,0.2442,2538,8682,17669,1230,5927,0.3178,0,NA,NA,NA,PS,PS,32742
199032,Montreat College,Montreat,NC,3,2,21,0.692,NA,762,0.4475,0.1515,36450,36450,47133,12317,6390,0.3669,0.6772,0.5888,0.5031,0.4524,25813,25813,45151
199069,University of Mount Olive,Mount Olive,NC,3,2,42,0.7575,1050,1796,0.6604,0.4517,27366,27366,38569,10688,7025,1,0.6892,0.7165,0.5178,0.4953,27209,27209,47139
199078,College of Wilmington,Wilmington,NC,1,3,12,NA,NA,132,0.9394,0.5584,NA,NA,NA,11261,NA,NA,0.4703,NA,NA,NA,9423,9423,19235
199087,Nash Community College,Rocky Mount,NC,1,1,41,NA,NA,1689,0.6471,0.2173,2866,8866,10062,1322,5972,0.3028,0.0532,NA,NA,NA,11500,11500,34912
199102,North Carolina A & T State University,Greensboro,NC,3,1,11,0.499,1074,12182,0.6249,0.0738,6813,20673,20427,6828,10522,0.6008,0.5476,0.7752,0.5718,0.562,27000,27000,44440
199111,University of North Carolina Asheville,Asheville,NC,3,1,13,0.9192,1251,2910,0.5859,0.1634,7501,24849,21685,6771,9155,0.828,0.3856,0.7209,0.5448,0.5469,20500,20500,44030
199120,University of North Carolina at Chapel Hill,Chapel Hill,NC,3,1,13,0.1534,1439,20752,0.6077,0.021,8994,41203,26055,16348,15046,0.7827,0.1308,0.9661,0.9117,0.9162,14000,14000,72200
199139,University of North Carolina at Charlotte,Charlotte,NC,3,1,11,0.796,1231,24453,0.4858,0.095,7239,22492,23010,9309,11828,0.703,0.3922,0.8498,0.6897,0.6837,21500,21500,57289
199148,University of North Carolina at Greensboro,Greensboro,NC,3,1,11,0.8851,1193,14062,0.6638,0.1772,7661,24012,21373,6162,9693,0.7684,0.4575,0.7891,0.5631,0.5708,22858,22858,48160
199157,North Carolina Central University,Durham,NC,3,1,11,0.8696,1050,6081,0.7035,0.1482,6699,19735,26556,6953,9555,0.6768,0.6293,0.7271,0.4165,0.4394,28250,28250,42968
199184,University of North Carolina School of the Arts,Winston Salem,NC,3,1,11,0.2997,1260,945,0.5968,0.0322,9477,27211,26470,15547,8980,0.7477,0.4667,0.9276,0.7778,0.7837,23870,23870,38357
199193,North Carolina State University at Raleigh,Raleigh,NC,3,1,11,0.4174,1376,27371,0.4989,0.0452,8799,32847,26425,11619,12820,0.8767,0.3345,0.9447,0.8476,0.847,20121,20121,68758
199209,North Carolina Wesleyan University,Rocky Mount,NC,3,2,13,0.8023,NA,1214,0.5313,0.3234,35736,35736,49974,9695,6597,0.4138,0.6394,0.5854,0.4197,0.4126,25000,25000,45873
199218,University of North Carolina Wilmington,Wilmington,NC,3,1,12,0.6424,1287,14922,0.6329,0.1479,7277,24152,26547,8839,10074,0.7205,0.3613,0.8816,0.7059,0.7066,19500,19500,54967
199263,Pamlico Community College,Grantsboro,NC,1,1,42,NA,NA,165,0.8182,0.4776,1867,6475,8227,804,5574,0.2737,0,NA,NA,NA,PS,PS,30005
199272,William Peace University,Raleigh,NC,3,2,11,0.9425,1170,666,0.497,0.2795,34176,34176,49362,13571,6905,0.4857,0.4671,0.7358,0.4481,0.4458,22250,22250,46643
199281,University of North Carolina at Pembroke,Pembroke,NC,3,1,32,0.9326,1056,5330,0.6274,0.3325,3648,7648,17261,3449,8725,0.7322,0.4255,0.7164,0.4354,0.4399,25000,25000,43407
199306,Pfeiffer University,Misenheimer,NC,3,2,41,0.9603,NA,655,0.4427,0.0566,35070,35070,45542,13652,7705,0.5273,0.7018,0.7231,0.3497,0.3859,26163,26163,51562
199324,Piedmont Community College,Roxboro,NC,1,1,41,NA,NA,457,0.7418,0.2408,2556,8700,12039,1221,6523,0.4083,0,NA,NA,NA,PS,PS,33274
199333,Pitt Community College,Winterville,NC,1,1,22,NA,NA,5317,0.637,0.2422,2580,8724,15979,1098,6732,0.3148,0.1089,NA,NA,NA,11977,11977,37259
199412,Queens University of Charlotte,Charlotte,NC,3,2,11,0.6208,1206,1211,0.616,0.0699,45846,45846,65742,15340,8748,0.5605,0.7043,0.7406,0.6131,0.6364,25000,25000,57673
199421,Randolph Community College,Asheboro,NC,1,1,32,NA,NA,1417,0.6415,0.181,2416,8176,16435,830,6818,0.2075,0,NA,NA,NA,PS,PS,33336
199449,Richmond Community College,Hamlet,NC,1,1,32,NA,NA,1352,0.7448,0.2949,1956,6564,15667,570,6827,0.4821,0,NA,NA,NA,PS,PS,29951
199458,Mid-Atlantic Christian University,Elizabeth City,NC,3,2,32,0.6216,1000,132,0.1818,0.2147,17280,17280,33011,10040,5406,0.4375,0.5281,0.3158,0.2075,0.3177,27000,27000,38342
199467,Roanoke-Chowan Community College,Ahoskie,NC,2,1,41,NA,NA,309,0.7152,0.2589,2642,8786,9415,841,6698,0.3016,0,NA,NA,NA,PS,PS,29324
199476,Robeson Community College,Lumberton,NC,2,1,32,NA,NA,1551,0.7176,0.3449,2581,8725,12628,800,6189,0.165,0,NA,NA,NA,PS,PS,29036
199485,Rockingham Community College,Wentworth,NC,2,1,41,NA,NA,1065,0.631,0.2122,1966,6574,10933,836,6223,0.2963,0,NA,NA,NA,PS,PS,32480
199494,Rowan-Cabarrus Community College,Salisbury,NC,1,1,21,NA,NA,4164,0.6326,0.223,2064,6672,17338,1418,6580,0.2408,0,NA,NA,NA,9458,9458,34936
199582,Saint Augustine's University,Raleigh,NC,3,2,11,0.338,NA,172,0.564,0.1172,16896,16896,33179,10314,6609,0.5417,0.371,0,0.25,0.3013,29669,29669,35730
199607,Salem College,Winston-Salem,NC,3,2,11,0.7667,1082,423,0.9953,0.1399,33848,33848,48532,10509,6493,0.5072,0.4457,0.6753,0.5743,0.567,26649,26649,44640
199625,Sampson Community College,Clinton,NC,1,1,32,NA,NA,846,0.6773,0.2131,2877,9789,13142,710,5753,0.307,0,NA,NA,NA,PS,PS,33409
199634,Sandhills Community College,Pinehurst,NC,2,1,41,NA,NA,2539,0.644,0.2142,2040,6648,14709,1209,6275,0.3237,0,NA,NA,NA,PS,PS,31656
199643,Shaw University,Raleigh,NC,3,2,11,0.8016,NA,875,0.5143,0.1412,17538,17538,30861,9211,5041,0.5729,0.7117,0.5165,0.2179,0.2094,32500,32500,34409
199689,Paul Mitchell the School-Fayetteville,Fayetteville,NC,1,3,12,NA,NA,149,0.9799,0.5475,NA,NA,NA,9380,NA,NA,0.6285,NA,NA,NA,11740,11740,26696
199722,Southeastern Community College,Whiteville,NC,2,1,42,NA,NA,820,0.7,0.2126,2600,8744,15193,543,6298,0.2283,0,NA,NA,NA,PS,PS,30284
199731,Southwestern Community College,Sylva,NC,2,1,32,NA,NA,1249,0.7038,0.2646,4112,13184,15856,1312,6459,0.1855,0.0536,NA,NA,NA,10500,10500,34145
199740,Stanly Community College,Albemarle,NC,1,1,32,NA,NA,1465,0.714,0.3205,2672,8816,15370,1178,6296,0.2305,0,NA,NA,NA,PS,PS,36686
199759,Southeastern Baptist Theological Seminary,Wake Forest,NC,3,2,21,0.7463,1127,585,0.4137,0.2625,11318,11318,22632,7920,8527,0.473,0,0.8462,0.5806,0.5369,PS,PS,NA
199768,Surry Community College,Dobson,NC,1,1,42,NA,NA,1475,0.6386,0.1534,2668,8812,14271,911,6707,0.3684,0,NA,NA,NA,PS,PS,36012
199786,Alamance Community College,Graham,NC,1,1,22,NA,NA,3080,0.6276,0.2148,2592,8736,15922,1160,6608,0.1243,0,NA,NA,NA,PS,PS,34241
199795,Tri-County Community College,Murphy,NC,2,1,43,NA,NA,472,0.6886,0.1961,2636,8780,18830,794,5534,0.1838,0,NA,NA,NA,PS,PS,32232
199838,Vance-Granville Community College,Henderson,NC,2,1,32,NA,NA,1665,0.7033,0.2922,1944,6552,13153,712,6147,0.4299,0,NA,NA,NA,PS,PS,34304
199847,Wake Forest University,Winston-Salem,NC,3,2,11,0.2167,1475,5485,0.5515,0.002,67642,67642,87499,39226,12666,0.7559,0.1398,0.9256,0.8915,0.8999,21500,21500,78158
199856,Wake Technical Community College,Raleigh,NC,1,1,21,NA,NA,19675,0.538,0.261,2254,6862,15953,1997,6820,0.4637,0.1556,NA,NA,NA,12000,12000,41769
199865,Warren Wilson College,Swannanoa,NC,3,2,41,0.7134,1350,707,0.6676,0.0674,41500,41500,56966,11924,6280,0.6905,0.5262,0.7092,0.42,0.4242,25000,25000,36260
199883,Watts College of Nursing,Durham,NC,3,2,11,NA,NA,124,0.8065,0.6418,NA,NA,NA,17616,6333,1,1,NA,NA,NA,PS,PS,NA
199892,Wayne Community College,Goldsboro,NC,1,1,13,NA,NA,2739,0.6867,0.3299,2566,8710,11096,1144,6110,0.3306,0,NA,NA,NA,6500,PS,34148
199908,Western Piedmont Community College,Morganton,NC,2,1,13,NA,NA,1339,0.6221,0.2362,2650,8794,16642,1109,6227,0.2567,0,NA,NA,NA,PS,PS,34195
199926,Wilkes Community College,Wilkesboro,NC,1,1,32,NA,NA,1355,0.6133,0.1331,2572,8716,9844,729,6310,0.2074,0,NA,NA,NA,7625,7625,34728
199953,Wilson Community College,Wilson,NC,2,1,31,NA,NA,1373,0.6562,0.2572,2572,8716,10765,780,6316,1,0.0808,NA,NA,NA,10500,10500,32973
199962,Wingate University,Wingate,NC,3,2,21,0.9113,1111,2668,0.5855,0.0446,41636,41636,57473,12673,8244,0.54,0.5183,0.7048,0.4635,0.4658,25000,25000,52649
199971,Carolina Christian College,Winston Salem,NC,3,2,11,NA,NA,52,0.4808,0.3585,9970,9970,28817,12185,2500,NA,0.6296,0,0.1538,PS,PS,PS,40672
199980,Winston Salem Barber School,Winston-Salem,NC,1,3,11,NA,NA,29,0.1034,0.5,NA,NA,NA,5793,NA,NA,0.6852,NA,NA,NA,PS,PS,16389
199999,Winston-Salem State University,Winston-Salem,NC,3,1,11,0.7826,945,4170,0.7357,0.127,6126,16782,23147,4814,9217,0.671,0.6793,0.7725,0.4668,0.4761,25000,25000,45344
200004,Western Carolina University,Cullowhee,NC,3,1,32,0.8183,1157,10024,0.5753,0.2048,4630,8630,19992,4418,9069,0.7351,0.4422,0.7911,0.6026,0.597,21868,21868,49458
200013,Rasmussen University-North Dakota,Fargo,ND,2,3,12,NA,NA,52,0.75,0.5455,13957,13957,NA,14529,7055,NA,0.6809,NA,0.2857,0.4545,20899,20899,39080
200022,Bismarck State College,Bismarck,ND,2,1,13,NA,NA,2839,0.4459,0.2578,5247,7331,15771,5151,7184,0.9222,0.2025,0.7681,0.4724,0.4762,11533,11533,54277
200059,Dickinson State University,Dickinson,ND,3,1,33,0.3702,NA,1090,0.5514,0.1466,9118,9118,20567,6096,7146,0.5,0.3412,0.6744,0.506,0.4678,18442,18442,50720
200086,Nueta Hidatsa Sahnish College,New Town,ND,2,1,43,NA,NA,161,0.6335,0.6076,3870,3870,14090,3745,6030,0.9545,0,NA,0.0732,0.1219,PS,PS,NA
200110,Josef's School of Hair Skin & Body-Grand Forks,Grand Forks,ND,1,3,13,NA,NA,61,1,0.1136,NA,NA,NA,8018,NA,NA,0.7532,NA,NA,NA,7917,7917,27987
200156,University of Jamestown,Jamestown,ND,3,2,33,0.8808,NA,1041,0.4352,0.0467,24990,24990,38013,9595,7294,1,0.6141,0.6735,0.4904,0.4667,27000,27000,56621
200192,Lake Region State College,Devils Lake,ND,2,1,33,NA,NA,611,0.6154,0.1773,5520,5520,18731,4665,7227,0.878,0.1348,NA,NA,NA,10293,10293,49502
200208,Cankdeska Cikana Community College,Fort Totten,ND,2,1,42,NA,NA,222,0.7252,0.4831,3950,3950,11969,62,5449,0.7059,0,NA,NA,NA,PS,PS,17008
200217,University of Mary,Bismarck,ND,3,2,41,0.753,1159,2416,0.5973,0.123,22356,22356,33672,18521,8186,0.6196,0.4435,0.8354,0.666,0.6732,24000,24000,60909
200226,Mayville State University,Mayville,ND,3,1,43,NA,NA,733,0.5703,0.2129,7979,11237,20657,6602,7328,0.5467,0.3901,0.8068,0.406,0.4047,18585,18585,47828
200253,Minot State University,Minot,ND,3,1,13,0.6462,1051,2062,0.6125,0.2138,8702,8702,19339,6525,8340,0.881,0.365,0.6648,0.4505,0.4631,19609,19609,51759
200280,University of North Dakota,Grand Forks,ND,3,1,13,0.769,NA,9981,0.451,0.2117,10951,15570,25605,15926,10049,0.9247,0.4109,0.8402,0.6048,0.6195,22057,22057,63552
200305,North Dakota State College of Science,Wahpeton,ND,2,1,33,NA,NA,1909,0.3793,0.0924,5974,6973,17265,4100,7536,0.8796,0.3045,NA,NA,NA,12000,12000,50513
200314,Dakota College at Bottineau,Bottineau,ND,2,1,43,NA,NA,399,0.7118,0.2085,5388,6294,16774,4591,5774,0.2903,0.15,NA,NA,NA,10507,10507,40576
200332,North Dakota State University-Main Campus,Fargo,ND,3,1,12,0.9496,1150,9471,0.5137,0.0578,11110,15764,23716,10363,10624,0.9751,0.5199,0.7842,0.6389,0.638,23199,23199,62203
200341,Williston State College,Williston,ND,2,1,33,NA,NA,651,0.5914,0.1524,6128,6128,16651,1230,7367,1,0.1371,NA,NA,NA,10099,10099,44017
200466,Sitting Bull College,Fort Yates,ND,2,1,43,NA,NA,257,0.6537,0.559,4010,4010,10012,4226,7180,0.6579,0,NA,0.2162,0.2308,PS,PS,28488
200484,Trinity Bible College and Graduate School,Ellendale,ND,3,2,43,0.2575,NA,141,0.5532,0.1319,19700,19700,31544,10725,5047,1,0.6319,0.6286,0.4595,0.4186,22531,22531,35604
200527,Turtle Mountain College,Belcourt,ND,1,2,43,NA,NA,543,0.6059,0.4084,2794,2794,13655,2787,7744,0.7143,0,1,0.4341,0.4881,PS,PS,32079
200554,United Tribes Technical College,Bismarck,ND,2,2,23,NA,NA,569,0.6626,0.4963,4632,4632,14309,11955,5115,0.7652,0,NA,0.2133,0.2763,PS,PS,25292
200572,Valley City State University,Valley City,ND,3,1,33,0.9907,1041,958,0.5355,0.1628,8514,13544,20468,5763,6935,0.5067,0.2955,0.7086,0.5333,0.5065,20369,20369,52725
200590,ETI Technical College of Niles,Niles,OH,1,3,21,NA,NA,179,0.838,0.7363,11350,11350,22732,7032,5863,0.3846,0.8846,NA,NA,NA,13805,13805,34017
200697,Air Force Institute of Technology-Graduate School of Engineering & Management,Wright-Patterson AFB,OH,4,1,21,NA,NA,NA,NA,NA,NA,NA,NA,NA,NA,NA,NA,NA,NA,NA,NA,NA,NA
200785,Herzing University-Akron,Akron,OH,2,2,21,0.9457,NA,391,0.913,0.7244,13450,13450,27417,14826,6817,0.1563,0.8346,0.25,0.1892,0.2,21500,21500,36909
200800,University of Akron Main Campus,Akron,OH,3,1,12,0.5967,1081,9052,0.4606,0.1071,13135,20815,26284,8653,10255,0.4957,0.324,0.7298,0.5186,0.4984,23250,23250,46600
200846,University of Akron Wayne College,Orrville,OH,3,1,41,0.8992,1040,457,0.6608,0.0705,7723,15403,15993,6968,7842,0.0556,0.0889,0.5854,0.1852,0.1852,23250,23250,46600
200873,Allegheny Wesleyan College,Salem,OH,3,2,41,NA,NA,46,0.5,0.0429,6800,6800,14612,3701,2210,0.3824,0,0.3636,0.4615,0.45,PS,PS,37453
201034,Apollo Career Center,Lima,OH,1,1,23,NA,NA,574,0.5087,0.5218,NA,NA,NA,7878,NA,NA,0.0748,NA,NA,NA,8107,8107,43101
201061,Art Academy of Cincinnati,Cincinnati,OH,3,2,11,0.3449,NA,205,0.7707,0.0863,41375,41375,53879,21537,5527,0.2632,0.6902,0.5088,0.4127,0.4222,27000,27000,34368
201098,Ashland County-West Holmes Career Center,Ashland,OH,1,1,42,NA,NA,41,0.4634,0.6,NA,NA,NA,6482,NA,NA,0.4545,NA,NA,NA,PS,PS,31791
201104,Ashland University,Ashland,OH,3,2,31,0.764,1120,2199,0.5157,0.1837,31210,31210,43434,17829,7701,0.2992,0.3794,0.7652,0.6063,0.6061,25000,25000,52928
201131,Ashtabula County Technical and Career Campus,Jefferson,OH,1,1,42,NA,NA,103,0.6214,0.677,NA,NA,NA,3055,NA,NA,0.1974,NA,NA,NA,PS,PS,42163
201140,Athenaeum of Ohio,Cincinnati,OH,1,2,11,NA,NA,36,0.0833,0.9487,NA,NA,NA,28106,7822,1,0,NA,NA,NA,NA,NA,NA
201159,Auburn Career Center,Concord Twp,OH,1,1,21,NA,NA,292,0.2432,0.4017,NA,NA,NA,14528,NA,NA,0.0806,NA,NA,NA,6365,6365,37032
201177,Aultman College of Nursing and Health Sciences,Canton,OH,2,2,13,0.4588,1020,280,0.8786,0.3651,20230,20230,28979,19769,7225,0.3158,0.556,0.7222,0.5333,0.5263,20000,20000,63582
201195,Baldwin Wallace University,Berea,OH,3,2,21,0.757,1194,2842,0.5419,0.047,39832,39832,55606,16622,8614,0.5523,0.822,0.8384,0.6677,0.677,27000,27000,54122
201283,Belmont College,St Clairsville,OH,2,1,41,NA,NA,600,0.67,0.1621,4698,7200,12680,4221,5290,0.3699,0.1441,NA,NA,NA,8747,8747,35329
201371,Bluffton University,Bluffton,OH,3,2,42,0.6723,976,582,0.4227,0.0266,37362,37362,51862,11362,5689,0.5111,0.7658,0.5957,0.5294,0.5096,27000,27000,49547
201432,Bowling Green State University-Firelands,Huron,OH,2,1,41,NA,NA,1251,0.6211,0.0913,6407,14395,22070,4548,8169,0.3221,0.2998,0.5062,0.1132,0.1078,25000,25000,47896
201441,Bowling Green State University-Main Campus,Bowling Green,OH,3,1,31,0.8096,1117,12812,0.5692,0.0602,14460,22448,33007,10744,10477,0.7093,0.4794,0.8157,0.6373,0.6324,25000,25000,47896
201469,Bryant & Stratton College-Parma,Parma,OH,2,2,21,NA,NA,624,0.7901,0.5038,19580,19580,23917,22040,5954,0.2617,0.7929,NA,0.1882,0.1958,21549,21549,32568
201478,Buckeye Hills Career Center,Rio Grande,OH,1,1,42,NA,NA,122,0.6967,0.411,NA,NA,NA,10718,NA,NA,0.3767,NA,NA,NA,8250,8250,40264
201496,Butler Technology and Career Development Schools,Monroe,OH,1,1,23,NA,NA,596,0.3691,0.499,NA,NA,NA,12924,NA,NA,0.1887,NA,NA,NA,6396,6396,56645
201539,Canton City Schools Adult Career and Technical Education,Canton,OH,1,1,13,0.625,NA,88,0.9091,0.7701,NA,NA,NA,3290,NA,NA,0.5514,NA,NA,NA,9500,9500,42134
201548,Capital University,Columbus,OH,3,2,21,0.7022,1068,1585,0.5685,0.0658,43234,43234,57130,16249,8673,0.4625,0.6274,0.7554,0.6027,0.6292,26889,26889,54143
201645,Case Western Reserve University,Cleveland,OH,3,2,11,0.3654,1513,6437,0.4794,0.0123,66608,66608,85851,28772,13338,0.7518,0.4741,0.9214,0.8717,0.8706,24000,24000,87989
201654,Cedarville University,Cedarville,OH,3,2,42,0.6529,1241,4024,0.537,0.0065,37150,37150,49320,17397,8563,0.5739,0.333,0.8958,0.7253,0.734,20937,20937,55443
201672,Central Ohio Technical College,Newark,OH,2,1,23,NA,NA,1941,0.7883,0.2522,5256,8016,14764,3859,7407,1,0.159,1,0.3026,0.2725,12072,12072,39168
201681,Central School of Practical Nursing,Independence,OH,1,2,21,NA,NA,97,0.9072,0.8393,NA,NA,NA,3144,NA,NA,0.5,NA,NA,NA,9500,9500,50672
201690,Central State University,Wilberforce,OH,3,1,41,0.9861,NA,2620,0.6401,0.4867,8058,10058,21929,4457,7698,1,0.4164,0.5592,0.2281,0.2407,30739,30739,33267
201803,Choffin Career  and Technical Center,Youngstown,OH,1,1,13,1,NA,50,0.86,0.4795,14415,14415,23858,8061,NA,NA,0.8194,NA,NA,NA,5500,5500,34654
201821,The Christ College of Nursing and Health Sciences,Cincinnati,OH,3,2,11,0.5894,1090,713,0.9102,0.3346,16836,16836,28094,17323,7243,0.6923,0.6092,0.6912,0.5571,0.5793,24250,24250,68303
201867,Cincinnati College of Mortuary Science,Cincinnati,OH,3,2,21,NA,NA,107,0.8224,0.5769,NA,NA,NA,14935,6825,NA,0.6602,NA,NA,NA,15000,15000,55695
201885,University of Cincinnati-Main Campus,Cincinnati,OH,3,1,11,0.8529,1282,29882,0.503,0.089,13976,29310,32171,12639,11468,0.572,0.3732,0.8535,0.7496,0.7325,21250,21250,54810
201928,Cincinnati State Technical and Community College,Cincinnati,OH,1,1,11,NA,NA,5667,0.6383,0.3155,5517,10044,12229,2762,9970,1,0.2678,0.5,0.1633,0.1831,14715,14715,40137
201946,University of Cincinnati-Clermont College,Batavia,OH,2,1,21,NA,NA,3019,0.6784,0.2525,6750,13982,19165,4829,9643,0.269,0.149,NA,0.2374,0.2414,21250,21250,54810
201955,University of Cincinnati-Blue Ash College,Blue Ash,OH,2,1,21,NA,NA,4354,0.5866,0.1239,7200,15998,21784,5440,9342,0.5134,0.2178,NA,0.159,0.1554,21250,21250,54810
201964,Ohio Christian University,Circleville,OH,3,2,41,0.3797,NA,862,0.5812,0.2896,24600,24600,35017,10712,4506,1,0.4239,0.6237,0.3394,0.3491,29579,29579,39813
201973,Clark State College,Springfield,OH,1,1,13,NA,NA,3456,0.7054,0.3789,4393,8049,16812,2646,6961,0.2813,0.4094,1,0.2176,0.2328,14490,14490,39584
202046,Cleveland Institute of Art,Cleveland,OH,3,2,11,0.6135,1193,539,0.7403,0.0512,49400,49400,64587,22135,7134,0.4712,0.788,0.878,0.5771,0.6231,27000,27000,42509
202073,Cleveland Institute of Music,Cleveland,OH,3,2,11,0.4731,NA,159,0.5031,0.0052,52880,52880,61212,19683,7572,0.2817,0.3249,0.9024,0.7213,0.7044,24968,24968,32641
202134,Cleveland State University,Cleveland,OH,3,1,11,0.913,NA,8969,0.5354,0.1867,12988,18510,27159,12553,9480,0.8399,0.737,0.7032,0.5057,0.4974,21797,21797,52131
202152,Columbiana County Career and Technical Center,Lisbon,OH,1,1,42,NA,NA,144,0.8056,0.5526,NA,NA,NA,7533,NA,NA,0.7756,NA,NA,NA,12109,12109,33552
202170,Columbus College of Art & Design,Columbus,OH,3,2,11,0.6766,NA,882,0.7302,0.0683,40825,40825,54443,21151,5663,0.3519,0.6988,0.8032,0.556,0.585,27000,27000,40664
202222,Columbus State Community College,Columbus,OH,1,1,11,NA,NA,17549,0.5301,0.2331,5488,11224,13381,3288,7602,1,0.1798,NA,0.2806,0.2806,8749,8749,39435
202356,Cuyahoga Community College District,Cleveland,OH,1,1,11,NA,NA,13382,0.6016,0.3742,3249,7249,11189,3205,9887,0.2945,0.0935,NA,NA,NA,8150,8150,35654
202435,Davis College,Toledo,OH,1,3,11,NA,NA,273,0.5495,0.5158,14130,14130,29862,28767,4917,0.4375,0.5263,NA,0.5,PS,21277,21277,31588
202453,Dayton Barber College,Miamisburg,OH,1,3,21,NA,NA,74,0.2162,0.5,NA,NA,NA,5031,NA,NA,0,NA,NA,NA,PS,PS,17789
202480,University of Dayton,Dayton,OH,3,2,12,0.6545,1335,7682,0.4732,0.0153,49140,49140,65881,15140,9699,0.7029,0.4044,0.8906,0.8018,0.8086,23250,23250,75537
202514,Defiance College,Defiance,OH,3,2,32,0.4755,NA,499,0.3647,0.0453,29320,29320,53667,13199,6646,0.6,0.7241,0.5565,0.3057,0.3355,26813,26813,49351
202523,Denison University,Granville,OH,3,2,23,0.1739,1410,2380,0.5223,0.0029,67000,67000,81900,27934,11237,0.952,0.505,0.8852,0.789,0.7946,26000,26000,67753
202648,Edison State Community College,Piqua,OH,1,1,41,NA,NA,1302,0.6513,0.1368,4499,8346,13472,2753,6443,1,0.0591,NA,0.3801,0.3801,16250,16250,41360
202657,EHOVE Career Center,Milan,OH,1,1,41,NA,NA,398,0.6583,0.6213,NA,NA,NA,11973,NA,NA,0.4434,NA,NA,NA,7672,7672,40117
202763,The University of Findlay,Findlay,OH,3,2,32,0.8337,NA,2223,0.6779,0.0255,41164,41164,54580,13936,7542,0.5079,0.3505,0.7374,0.5786,0.6031,25439,25439,56996
202806,Franklin University,Columbus,OH,3,2,11,NA,NA,5562,0.6196,0.7336,9577,9577,30696,9101,10339,0.0726,0.4057,0.359,0.1111,0.2076,20836,20836,51892
202888,Gerbers Akron Beauty School,Akron,OH,1,3,12,NA,NA,39,1,0.2373,NA,NA,NA,20244,NA,NA,0.1385,NA,NA,NA,PS,PS,20907
202903,Gods Bible School and College,Cincinnati,OH,2,2,11,0.7532,NA,281,0.5018,0.2614,7710,7710,18358,4172,1073,0.9167,0.0647,0.8095,0.4048,0.4524,4522,PS,37722
202912,Good Samaritan College of Nursing and Health Science,Cincinnati,OH,2,2,11,0.4574,NA,690,0.9304,0.5317,15470,15470,26627,8278,5714,0.6,0.7418,NA,0.7273,0.6364,20625,20625,66111
202949,Great Oaks Career Campuses,Cincinnati,OH,1,1,21,NA,NA,142,0.1338,0.3768,NA,NA,NA,14008,NA,NA,0.4103,NA,NA,NA,5500,5500,55163
203030,Adult and Community Education-Hudson,Columbus,OH,1,1,11,1,NA,67,0.8358,0.6757,NA,NA,NA,4095,NA,NA,0.7909,NA,NA,NA,14750,14750,51551
203067,Hebrew Union College-Jewish Institute of Religion,New York,NY,4,2,11,NA,NA,NA,NA,NA,NA,NA,NA,4074,7528,0.3072,NA,NA,NA,NA,PS,PS,NA
203085,Heidelberg University,Tiffin,OH,3,2,32,0.8579,NA,915,0.4514,0.0088,33650,33650,47025,10136,6994,0.4762,0.9067,0.7413,0.5198,0.5092,27000,27000,48466
203128,Hiram College,Hiram,OH,3,2,42,0.9353,NA,777,0.4736,0.0336,27600,27600,40572,11092,6756,1,0.5585,0.7186,0.5451,0.5694,27000,27000,54311
203146,Hobart Institute of Welding Technology,Troy,OH,1,2,31,NA,NA,356,0.0843,0.0979,NA,NA,NA,18743,NA,NA,0.2681,NA,NA,NA,5500,5500,60955
203155,Hocking College,Nelsonville,OH,2,1,41,NA,NA,1311,0.4981,0.1696,5540,10290,19171,7730,5404,0.3277,0.5011,NA,NA,NA,11584,11584,37791
203234,Ross Medical Education Center-Cincinnati,Cincinnati,OH,1,3,21,NA,NA,129,0.9612,0.4945,NA,NA,NA,6392,NA,NA,0.6163,NA,NA,NA,9500,9500,33079
203368,John Carroll University,University Heights,OH,3,2,21,0.809,1298,2274,0.4595,0.0127,50500,50500,65827,19107,10285,1,0.5466,0.8288,0.7855,0.7758,26000,26000,62860
203386,Hondros College of Nursing,Columbus,OH,1,3,11,0.8529,NA,3857,0.9279,0.7752,14817,14817,30681,19873,6822,0.6667,0.879,NA,NA,NA,15833,15833,58636
203438,Casal Aveda Institute,Niles,OH,1,3,21,NA,NA,102,1,0.2043,NA,NA,NA,11177,NA,NA,0.8413,NA,NA,NA,7917,7917,22453
203447,Kent State University at Ashtabula,Ashtabula,OH,2,1,32,NA,NA,1290,0.6388,0.286,7492,17342,17513,5951,8104,0.3977,0.3762,0.4865,0.2471,0.2528,24500,24500,45388
203456,Kent State University at East Liverpool,East Liverpool,OH,2,1,31,NA,NA,797,0.6274,0.215,7492,17342,18635,6596,8854,0.375,0.2817,0.3333,0.2632,0.1685,24500,24500,45388
203465,Kent State University at Stark,North Canton,OH,2,1,21,NA,NA,2692,0.6296,0.177,7492,17342,15936,6153,8977,0.4852,0.3606,0.5415,0.3672,0.37,24500,24500,45388
203474,Kent State University at Trumbull,Warren,OH,2,1,41,NA,NA,1629,0.6483,0.2711,7492,17342,18371,5303,8750,0.6406,0.3461,0.4684,0.3218,0.295,24500,24500,45388
203483,Kent State University at Tuscarawas,New Philadelphia,OH,2,1,32,NA,NA,1654,0.5949,0.2313,7492,17342,17539,6680,8067,0.395,0.3732,0.5,0.3774,0.3743,24500,24500,45388
203492,Kent State University at Salem,Salem,OH,2,1,41,NA,NA,1164,0.7148,0.2133,7492,17342,18446,5326,8066,0.3867,0.3982,0.4722,0.3087,0.2953,24500,24500,45388
203517,Kent State University at Kent,Kent,OH,3,1,21,0.8634,1099,19320,0.6197,0.0804,13232,23082,30567,10732,10622,0.6087,0.5009,0.8094,0.6372,0.6458,24500,24500,45388
203526,Kent State University at Geauga,Burton,OH,2,1,42,NA,NA,1601,0.644,0.2149,7492,17342,16480,6249,7671,0.4286,0.2972,0.4912,0.2027,0.2306,24500,24500,45388
203535,Kenyon College,Gambier,OH,3,2,41,0.3103,1429,1732,0.5641,0.0014,71520,71520,87590,32747,9767,0.9781,0.212,0.9163,0.8234,0.8436,18527,18527,71830
203544,Kettering College,Kettering,OH,3,2,13,0.7654,1050,549,0.8525,0.277,16320,16320,32839,13780,8475,0.5487,0.421,0.7353,0.6512,0.6506,23500,23500,67492
203580,Lake Erie College,Painesville,OH,3,2,21,0.7036,NA,852,0.5153,0.0847,37634,37634,50790,11186,6902,0.5055,0.5457,0.5936,0.3795,0.4005,26000,26000,50417
203599,Lakeland Community College,Kirtland,OH,2,1,21,NA,NA,2773,0.6253,0.2776,3872,9235,11859,2832,7952,1,0.1526,NA,NA,NA,14751,14751,39612
203614,Collins Career Technical Center,Chesapeake,OH,1,1,41,NA,NA,454,0.8018,0.6768,NA,NA,NA,9495,NA,NA,0.6609,NA,NA,NA,13887,13887,47329
203678,James A. Rhodes State College,Lima,OH,1,1,41,NA,NA,1590,0.7384,0.1348,4560,9120,14578,4323,5989,0.3509,0.0774,NA,0.4697,0.3931,12000,12000,41855
203720,Ohio Business College-Sheffield,Sheffield Village,OH,1,3,22,NA,NA,224,0.3973,0.6545,11534,11534,34607,10681,5193,0.375,0.6121,NA,NA,NA,12416,12416,30389
203748,Lorain County Community College,Elyria,OH,1,1,22,NA,NA,5373,0.6259,0.2328,4265,8860,9860,2292,7880,1,0.0742,NA,0.3094,0.3181,13680,13680,38837
203757,Lourdes University,Sylvania,OH,3,2,21,0.7413,NA,543,0.5341,0.2201,29500,29500,45378,14777,5984,0.9444,0.8102,0.8712,0.3246,0.3541,27000,27000,48150
203775,Malone University,Canton,OH,3,2,13,0.7586,1081,798,0.5689,0.0567,37160,37160,49754,12428,6917,0.3803,0.5856,0.7558,0.4498,0.4829,26289,26289,48909
203845,Marietta College,Marietta,OH,3,2,31,0.7931,1088,952,0.4664,0.0258,39652,39652,53709,11544,7828,1,0.6866,0.6943,0.6138,0.5994,27000,27000,57180
203881,Marion Technical College,Marion,OH,2,1,32,NA,NA,1475,0.5756,0.245,6595,11225,13026,3732,6517,1,0.0798,NA,0.3062,0.2788,8300,8300,41495
203942,Medina County Career Center,Medina,OH,1,1,41,NA,NA,43,0.2558,0.1731,NA,NA,NA,16198,NA,NA,0,NA,NA,NA,PS,PS,41273
203960,Mercy College of Ohio,Toledo,OH,3,2,11,0.9322,947,939,0.8743,0.6266,19470,19470,30260,17370,7613,0.4627,0.4414,0.8667,0.5581,0.4949,20834,20834,65409
203997,Methodist Theological School in Ohio,Delaware,OH,4,2,21,NA,NA,NA,NA,NA,NA,NA,NA,174,7358,0.5789,NA,NA,NA,NA,PS,PS,NA
204006,Miami University-Hamilton,Hamilton,OH,3,1,21,NA,NA,2043,0.5296,0.1595,7491,19407,15352,9731,8267,1,0.3245,0.5341,0.2494,0.2319,23000,23000,55076
204015,Miami University-Middletown,Middletown,OH,3,1,23,NA,NA,837,0.5197,0.1797,7491,19407,14890,8714,7731,1,0.2844,0.6667,0.3175,0.28,23000,23000,55076
204024,Miami University-Oxford,Oxford,OH,3,1,31,0.754,1317,16656,0.5211,0.0116,18161,41221,38757,15968,10834,1,0.3324,0.9014,0.7979,0.808,23000,23000,55076
204121,Moler Hollywood Beauty Academy,Cincinnati,OH,1,3,11,NA,NA,73,1,0.4605,NA,NA,NA,10289,NA,NA,0.9359,NA,NA,NA,6333,6333,17832
204176,Mount Carmel College of Nursing,Columbus,OH,3,2,11,0.8429,NA,532,0.8647,0.4261,22080,22080,21446,22177,8983,0.8462,0.6522,0.8077,0.5385,0.6412,22082,22082,75103
204185,University of Mount Union,Alliance,OH,3,2,31,0.782,1088,1995,0.4932,0.0171,36600,36600,49276,14539,7830,0.9912,0.7644,0.7668,0.5865,0.6153,27000,27000,53217
204194,Mount Vernon Nazarene University,Mount Vernon,OH,3,2,32,0.8415,1131,1358,0.592,0.1594,37158,37158,49858,10551,5687,0.9605,0.5015,0.7941,0.6811,0.66,25000,25000,49555
204200,Mount St. Joseph University,Cincinnati,OH,3,2,21,0.5912,1183,1129,0.5385,0.0534,38150,38150,46719,16046,7744,0.9794,0.543,0.6873,0.5633,0.5557,26827,26827,51509
204255,Zane State College,Zanesville,OH,2,1,32,NA,NA,715,0.551,0.1365,6006,11766,13935,4485,5738,0.413,0.113,NA,0.4648,0.4934,6834,6834,35006
204264,Muskingum University,New Concord,OH,3,2,42,0.8184,1017,1376,0.5327,0.1004,32665,32665,44658,9612,7587,1,0.8097,0.7346,0.5637,0.5451,25369,25369,48440
204334,National Beauty College,Canton,OH,1,3,13,NA,NA,172,0.9942,0.4295,NA,NA,NA,11449,NA,NA,0.5574,NA,NA,NA,6333,6333,21091
204422,North Central State College,Mansfield,OH,2,1,41,NA,NA,1273,0.6897,0.1901,4624,9103,10118,5154,5688,1,0.1469,0.7143,0.3606,0.3512,8252,8252,38158
204431,Northern Institute of Cosmetology,Lorain,OH,1,3,22,NA,NA,57,0.7895,0.4146,NA,NA,NA,5822,NA,NA,0,NA,NA,NA,PS,PS,21904
204440,Northwest State Community College,Archbold,OH,2,1,42,NA,NA,1115,0.5291,0.3436,4698,9170,17994,7218,7541,NA,0.073,NA,NA,NA,9750,9750,40004
204459,Toledo Public Schools Adult and Continuing Education,Toledo,OH,1,1,11,NA,NA,33,0.303,0.4545,NA,NA,NA,1923,NA,NA,0.6098,NA,NA,NA,8848,8848,51691
204477,Northeast Ohio Medical University,Rootstown,OH,4,1,21,NA,NA,NA,NA,NA,NA,NA,NA,45380,11815,0.7097,NA,NA,NA,NA,PS,PS,NA
204486,University of Northwestern Ohio,Lima,OH,2,2,23,NA,NA,2494,0.1772,0.0723,13875,13875,26266,12135,5680,1,0.5836,0.6132,0.5402,0.5409,17084,17084,50968
204501,Oberlin College,Oberlin,OH,3,2,31,0.3418,1447,2887,0.5902,0.003,67366,67366,87404,27571,11232,0.7916,0.3102,0.91,0.8089,0.8022,26000,26000,58343
204608,Ohio Technical College,Cleveland,OH,1,3,11,NA,NA,683,0.1171,0.1752,NA,NA,NA,17768,4704,1,0.6759,NA,NA,NA,12000,12000,48450
204617,Ohio Dominican University,Columbus,OH,3,2,11,0.9423,NA,760,0.4882,0.1521,35720,35720,47621,14693,8164,0.9219,0.566,0.6396,0.4102,0.4433,26000,26000,51748
204635,Ohio Northern University,Ada,OH,3,2,31,0.744,1252,2489,0.4496,0.0158,39800,39800,53580,17566,9306,0.7909,0.5459,0.8433,0.7548,0.7485,27000,27000,80928
204662,Ohio State University Agricultural Technical Institute,Wooster,OH,2,1,32,NA,NA,464,0.5776,0.0173,9584,36362,24595,7314,10106,0.46,0.4156,NA,NA,NA,19976,19976,60409
204671,Ohio State University-Lima Campus,Lima,OH,3,1,41,NA,NA,621,0.5749,0.0758,9488,36266,19487,6876,11181,0.3871,0.3356,0.4231,0.2271,0.2056,19976,19976,60409
204680,Ohio State University-Mansfield Campus,Mansfield,OH,2,1,41,NA,NA,736,0.587,0.0807,9488,36266,23623,6532,10183,0.3867,0.3701,0.3402,0.1531,0.1468,19976,19976,60409
204699,Ohio State University-Marion Campus,Marion,OH,2,1,32,NA,NA,794,0.5101,0.0984,9488,36266,18928,6978,10918,0.4598,0.2964,0.4024,0.2669,0.2621,19976,19976,60409
204705,Ohio State University-Newark Campus,Newark,OH,2,1,23,NA,NA,2396,0.4871,0.0553,9488,36266,22063,6635,11805,0.3796,0.3315,0.2528,0.2915,0.2997,19976,19976,60409
204714,Ohio State Beauty Academy,Lima,OH,1,3,23,NA,NA,91,0.967,0.1979,NA,NA,NA,4173,NA,NA,0.5614,NA,NA,NA,8498,8498,25434
204723,Ohio State College of Barber Styling,Columbus,OH,1,3,21,NA,NA,406,0.2586,0.6842,NA,NA,NA,7671,NA,NA,0.3913,NA,NA,NA,10061,10061,18341
204769,The Spa School,Columbus,OH,1,3,11,NA,NA,111,1,0.4188,NA,NA,NA,15688,NA,NA,0.6225,NA,NA,NA,7916,7916,26989
204778,Ohio State School of Cosmetology-Canal Winchester,CANAL WINCHESTER,OH,1,3,21,NA,NA,57,0.9649,0.24,NA,NA,NA,12013,NA,NA,0.8,NA,NA,NA,9833,9833,23131
204796,Ohio State University-Main Campus,Columbus,OH,3,1,11,0.6057,1387,45638,0.505,0.0561,13244,40022,30305,17879,14386,0.6272,0.2877,0.9423,0.8772,0.8773,19976,19976,60409
204802,Ohio University-Eastern Campus,Saint Clairsville,OH,3,1,41,NA,NA,298,0.6711,0.1323,6362,9444,10777,4856,8290,0.5806,0.0722,0.6289,0.2065,0.203,21056,21056,52581
204820,Ohio University-Chillicothe Campus,Chillicothe,OH,2,1,32,NA,NA,833,0.6687,0.1716,6362,9444,11356,4194,7891,0.3556,0.1834,0.669,0.1439,0.1321,21056,21056,52581
204839,Ohio University-Southern Campus,Ironton,OH,2,1,22,NA,NA,415,0.7084,0.1672,6362,9444,11607,4671,7947,0.4528,0.1226,0.5361,0.2103,0.2015,21056,21056,52581
204848,Ohio University-Lancaster Campus,Lancaster,OH,3,1,41,NA,NA,691,0.6454,0.1507,6362,9444,10984,4759,8565,0.5238,0.1173,0.5027,0.1441,0.1406,21056,21056,52581
204857,Ohio University-Main Campus,Athens,OH,3,1,32,0.8499,1212,19633,0.6162,0.1543,14158,24838,30586,11887,9814,0.7494,0.4753,0.8389,0.6545,0.6595,21056,21056,52581
204866,Ohio University-Zanesville Campus,Zanesville,OH,2,1,32,NA,NA,560,0.7643,0.1656,6362,9444,11041,4841,8667,0.4384,0.1362,0.5957,0.216,0.1967,21056,21056,52581
204884,East Ohio College,East Liverpool,OH,2,3,31,NA,NA,118,0.9153,0.604,14798,14798,22500,16968,5458,NA,0.8993,NA,NA,NA,12000,12000,29342
204893,Trinity Health System School of Nursing,Steubenville,OH,1,2,13,1,NA,26,0.8846,0.36,9619,10453,14032,12613,NA,NA,0.76,NA,NA,NA,13625,13625,71660
204909,Ohio Wesleyan University,Delaware,OH,3,2,21,0.556,NA,1516,0.564,0.0069,53888,53888,68424,11659,8792,0.5799,0.6205,0.8474,0.5857,0.6015,27000,27000,55624
204936,Otterbein University,Westerville,OH,3,2,21,0.8453,1220,2157,0.6027,0.034,35548,35548,48321,14870,8630,0.4508,0.5314,0.7992,0.6788,0.6843,26000,26000,53313
204945,Owens Community College,Perrysburg,OH,1,1,21,NA,NA,4361,0.632,0.3312,5870,10502,14436,5797,6614,0.1813,0.2289,NA,NA,NA,16667,16667,37275
204963,Paramount Beauty Academy,Portsmouth,OH,1,3,32,NA,NA,51,0.902,0.2453,NA,NA,NA,13741,NA,NA,0.7436,NA,NA,NA,9833,9833,21361
204981,Cuyahoga Valley Career Center,Brecksville,OH,1,1,21,NA,NA,131,0.6183,0.5778,NA,NA,NA,9210,NA,NA,0.3545,NA,NA,NA,12964,12964,47914
204990,Payne Theological Seminary,Wilberforce,OH,4,2,41,NA,NA,NA,NA,NA,NA,NA,NA,17664,4978,1,NA,NA,NA,NA,PS,PS,NA
205027,Pontifical College Josephinum,Columbus,OH,3,2,11,0.9583,NA,60,0,0.5333,28691,28691,NA,24613,5595,1,0.2222,1,0.3158,0.3333,PS,PS,NA
205054,Professional Skills Institute,Maumee,OH,2,3,21,0.8312,NA,395,0.9215,0.8433,15884,15884,27427,16131,5683,0.3846,0.8607,0.75,0.4348,0.5942,17813,17813,47765
205090,Firelands Regional Medical Center School of Nursing,Sandusky,OH,1,2,13,NA,NA,65,0.8615,0.338,NA,NA,NA,7559,NA,NA,0.6197,NA,NA,NA,11750,11750,68723
205124,Rabbinical College Telshe,Wickliffe,OH,3,2,21,0.8333,NA,50,0,NA,18000,18000,25000,11452,4754,0.5,0,0.8235,0.5263,0.5294,PS,PS,NA
205142,Raphael's School of Beauty Culture Inc-Niles,Niles,OH,1,3,21,NA,NA,172,0.6512,0.4759,NA,NA,NA,11941,NA,NA,0.6784,NA,NA,NA,7538,7538,21307
205179,Fortis College-Centerville,Centerville,OH,1,3,21,NA,NA,547,0.7642,0.6696,14440,14440,35305,11245,6223,0.1649,0.8087,NA,NA,NA,13000,13000,34726
205203,University of Rio Grande,Rio Grande,OH,2,2,42,NA,NA,1400,0.5636,0.1734,20560,20560,33716,3184,6655,0.418,0.5407,0.5625,0.3602,0.3422,17750,17750,41478
205391,The Modern College of Design,Kettering,OH,2,3,13,0.917,NA,211,0.6777,0.1058,31468,31468,47229,24677,6410,0.2727,0.8564,NA,0.6905,0.6498,12000,12000,42187
205443,Shawnee State University,Portsmouth,OH,3,1,32,NA,NA,2247,0.5812,0.114,10626,17358,21974,5610,7368,0.4306,0.386,0.7199,0.4811,0.4539,23000,23000,39596
205470,Sinclair Community College,Dayton,OH,1,1,12,NA,NA,13308,0.5654,0.329,3675,8556,11003,2492,8506,0.321,0.2105,0.8,0.4111,0.36,12000,12000,37558
205841,Stark State College,North Canton,OH,1,1,21,NA,NA,5749,0.5888,0.2525,4790,7886,10755,4247,7354,0.2674,0.2418,NA,NA,NA,13786,13786,34661
205887,Stautzenberger College-Maumee,Maumee,OH,1,3,21,NA,NA,586,0.7406,0.6423,16699,16699,27696,21788,5296,0.5,0.9269,NA,NA,NA,14302,14302,34104
205957,Franciscan University of Steubenville,Steubenville,OH,3,2,13,0.5836,1220,2901,0.5371,0.0615,34100,34100,44580,13741,6622,1,0.5252,0.8748,0.7545,0.762,23384,23384,50030
205966,Southern State Community College,Hillsboro,OH,2,1,32,NA,NA,761,0.7109,0.155,5912,10818,15244,4353,6585,0.4667,0.132,NA,NA,NA,11457,11457,35463
206011,Terra State Community College,Fremont,OH,1,1,41,NA,NA,1028,0.4854,0.2611,5748,8544,23647,3489,7496,0.2166,0.2245,NA,NA,NA,17500,17500,36612
206039,Tiffin Academy of Hair Design,Tiffin,OH,1,3,32,NA,NA,48,1,0.3696,NA,NA,NA,12284,NA,NA,0.6933,NA,NA,NA,PS,PS,25036
206048,Tiffin University,Tiffin,OH,3,2,32,0.8005,986,2051,0.5027,0.2465,34790,34790,48004,11814,7387,1,0.5013,0.7158,0.3987,0.4138,27000,27000,35942
206084,University of Toledo,Toledo,OH,3,1,11,0.9202,1235,9770,0.5121,0.1021,12744,22104,26512,12354,10195,0.7449,0.3632,0.773,0.5704,0.5634,22250,22250,50632
206154,Tri-State Bible College,South Point,OH,3,2,22,NA,NA,17,0.2353,0.9375,9100,9100,NA,1965,NA,NA,0.1333,NA,0,PS,PS,PS,31675
206172,Tri-County Adult Career Center,Nelsonville,OH,1,1,41,NA,NA,7,0.4286,0.7917,NA,NA,NA,7123,NA,NA,0,NA,NA,NA,PS,PS,26129
206181,Tri-Rivers Career Center,Marion,OH,1,1,41,NA,NA,151,0.7152,0.5494,NA,NA,NA,6762,NA,NA,0.3679,NA,NA,NA,10665,10665,48707
206288,United Theological Seminary,Dayton,OH,4,2,21,NA,NA,NA,NA,NA,NA,NA,NA,6925,7463,0.6087,NA,NA,NA,NA,PS,PS,NA
206321,Upper Valley Career Center,Piqua,OH,1,1,41,NA,NA,131,0.8244,0.708,NA,NA,NA,12519,NA,NA,0.5401,NA,NA,NA,8793,8793,52170
206349,Ursuline College,Pepper Pike,OH,3,2,21,0.7493,1097,670,0.9224,0.2575,38990,38990,50523,11724,6612,0.3865,0.8524,0.7018,0.6667,0.607,26250,26250,56878
206437,Walsh University,North Canton,OH,3,2,21,0.7074,1193,1390,0.4712,0.1045,35745,35745,47575,13245,5760,1,0.5221,0.7237,0.585,0.6011,27000,27000,59764
206446,Washington State College of Ohio,Marietta,OH,2,1,31,NA,NA,1484,0.6819,0.3305,4128,4152,12847,2921,6945,0.2826,0.2169,NA,0.3238,0.3225,11000,11000,37988
206491,Wilberforce University,Wilberforce,OH,3,2,41,0.405,NA,822,0.5304,0.1013,16448,16448,25676,6621,7300,0.6029,0.9734,0.7417,0.1202,0.1335,26468,26468,38298
206507,Wilmington College,Wilmington,OH,3,2,32,0.924,1029,1006,0.5298,0.0476,32082,32082,43431,12937,6539,0.5593,0.7608,0.7203,0.4727,0.5072,24208,24208,48491
206516,Winebrenner Theological Seminary,Findlay,OH,4,2,32,NA,NA,NA,NA,NA,NA,NA,NA,3278,4827,NA,NA,NA,NA,NA,PS,PS,NA
206525,Wittenberg University,Springfield,OH,3,2,13,0.7235,1179,1215,0.4765,0.0124,45940,45940,57799,12373,7827,0.7536,0.854,0.6345,0.5269,0.5328,27000,27000,54947
206589,The College of Wooster,Wooster,OH,3,2,32,0.5953,1353,1730,0.5283,0.0021,61640,61640,75656,18697,8909,0.8278,0.4467,0.8208,0.7394,0.7394,26500,26500,59629
206604,Wright State University-Main Campus,Dayton,OH,3,1,21,0.9633,NA,6762,0.5535,0.1574,11522,21222,24373,12580,10222,0.5679,0.4174,0.6793,0.4169,0.4394,22750,22750,49500
206613,Wright State University-Lake Campus,Celina,OH,3,1,41,NA,NA,892,0.6087,0.0801,7728,17428,16340,6452,11112,0.5556,0.2382,0.6059,0.4091,0.4174,22750,22750,49500
206622,Xavier University,Cincinnati,OH,3,2,11,0.8641,1217,4207,0.5498,0.0518,50640,50640,65476,20476,9257,0.5782,0.5254,0.7747,0.6865,0.6952,23250,23250,64873
206695,Youngstown State University,Youngstown,OH,3,1,13,0.8445,1120,7961,0.5503,0.1041,11113,11473,21708,6921,8731,0.9032,0.3846,0.7573,0.5048,0.5166,24000,24000,41544
206835,Oklahoma Wesleyan University,Bartlesville,OK,3,2,32,0.6617,NA,673,0.4591,0.1007,33550,33550,44743,14752,5562,0.2727,0.5194,0.5,0.3476,0.3151,24813,24813,59841
206862,Southern Nazarene University,Bethany,OK,3,2,21,NA,NA,1455,0.5485,0.3072,31190,31190,46465,11813,6779,0.4953,0.6038,0.7286,0.5051,0.4966,21900,21900,54951
206905,Pontotoc Technology Center,Ada,OK,1,1,41,NA,NA,72,0.4306,0.0674,NA,NA,NA,137,NA,NA,0,NA,NA,NA,PS,PS,40955
206914,Cameron University,Lawton,OK,3,1,13,NA,NA,2492,0.6348,0.2836,7095,16515,19862,4849,7155,0.5189,0.2605,0.672,0.3067,0.2602,21500,21500,40118
206923,Carl Albert State College,Poteau,OK,2,1,32,NA,NA,1308,0.7102,0.2419,4380,9098,23617,4463,5383,0.4536,0.1438,NA,NA,NA,9362,9362,34117
206932,Central Oklahoma College,Oklahoma City,OK,1,3,11,NA,NA,477,0.9224,0.5717,NA,NA,NA,9246,4950,0.75,0.7358,NA,NA,NA,7883,7883,21213
206941,University of Central Oklahoma,Edmond,OK,3,1,21,0.7812,1090,10170,0.6215,0.1965,8818,19704,26392,8823,8207,1,0.3317,0.6523,0.3676,0.3713,21000,21000,48351
206996,Connors State College,Warner,OK,1,1,43,NA,NA,2076,0.6922,0.3322,3792,7530,17957,2454,5690,0.5402,0.2216,NA,NA,NA,11500,11500,38469
207041,East Central University,Ada,OK,3,1,33,0.5815,1049,2467,0.5967,0.228,8032,17842,18459,6788,5650,1,0.3593,0.6061,0.3442,0.3356,17671,17671,44962
207050,Eastern Oklahoma State College,Wilburton,OK,2,1,43,NA,NA,964,0.7085,0.2314,4947,8384,18546,3895,5079,1,0.1463,NA,NA,NA,11900,11900,38658
207069,Redlands Community College,El Reno,OK,2,1,32,NA,NA,946,0.667,0.142,5385,7951,15510,2150,5607,0.3605,0.0633,NA,NA,NA,6750,6750,37224
207087,Formations Institute,Enid,OK,1,3,13,NA,NA,39,0.8718,0.3958,NA,NA,NA,11727,NA,NA,0.6575,NA,NA,NA,PS,PS,22058
207102,Eves College of Hairstyling,Lawton,OK,1,3,13,NA,NA,86,0.6977,0.4217,NA,NA,NA,7482,NA,NA,0.563,NA,NA,NA,7147,7147,15956
207157,Randall University,Moore,OK,3,2,21,0.5786,980,267,0.3783,0.2135,17714,17714,26126,10610,3236,0.2778,0.2776,0.5625,0.2639,0.2345,22626,22626,42051
207209,Langston University,Langston,OK,2,1,42,NA,NA,1742,0.5735,0.0832,6863,14616,21394,4561,6261,0.7551,0.6007,0.5394,0.1684,0.1718,26000,26000,33261
207236,Murray State College,Tishomingo,OK,2,1,43,NA,NA,1786,0.7088,0.2416,7230,11430,20726,4068,5150,1,0.395,NA,0.2713,0.2713,13387,13387,36545
207254,Spartan College of Aeronautics and Technology,Tulsa,OK,2,3,11,NA,NA,840,0.106,0.5497,20940,20940,36273,25219,4911,NA,0.0636,NA,0.5139,0.5719,16750,16750,49944
207263,Northeastern State University,Tahlequah,OK,3,1,33,0.9959,1049,4772,0.6174,0.3094,7810,17290,21551,6369,8084,0.7423,0.359,0.605,0.3536,0.3628,17367,17367,45379
207281,Northern Oklahoma College,Tonkawa,OK,2,1,42,NA,NA,1941,0.6358,0.1654,5083,12202,15242,5014,6382,1,0.1975,NA,NA,NA,11000,11000,37566
207290,Northeastern Oklahoma A&M College,Miami,OK,2,1,32,NA,NA,1720,0.639,0.2941,5213,11363,18885,3200,5546,0.5977,0.3474,NA,NA,NA,11000,11000,38337
207306,Northwestern Oklahoma State University,Alva,OK,3,1,33,0.6545,1003,1498,0.5774,0.1531,5970,11664,18672,4966,7182,0.5617,0.3724,0.6507,0.3035,0.327,17355,17355,44358
207315,Oklahoma State University Center for Health Sciences,Tulsa,OK,4,1,11,NA,NA,NA,NA,NA,NA,NA,NA,19136,NA,NA,NA,NA,NA,NA,PS,PS,NA
207324,Oklahoma Christian University,Edmond,OK,3,2,11,0.9654,1122,1885,0.557,0.2192,27180,27180,39106,11176,6798,0.203,0.4495,0.7252,0.5551,0.5533,26000,26000,49203
207342,University of Oklahoma-Health Sciences Center,Oklahoma City,OK,3,1,11,NA,NA,1214,0.8756,0.2633,NA,NA,NA,21416,9873,0.6729,0.5223,NA,NA,NA,20654,20654,63126
207351,Oklahoma Panhandle State University,Goodwell,OK,3,1,42,NA,NA,917,0.5529,0.31,8092,8673,15055,6007,5225,0.5,0.6359,0.5591,0.2094,0.2347,12500,12500,44933
207388,Oklahoma State University-Main Campus,Stillwater,OK,3,1,32,0.7504,1150,21773,0.5277,0.0875,10234,25754,28290,12291,10704,0.8585,0.3716,0.8478,0.6817,0.6699,20500,20500,57413
207397,Oklahoma State University-Oklahoma City,Oklahoma City,OK,2,1,11,NA,NA,3514,0.6554,0.4269,3779,9564,12881,2559,6789,1,0.1952,NA,0.1485,0.14,14250,14250,41307
207403,Oklahoma Baptist University,Shawnee,OK,3,2,32,0.4941,1024,1308,0.5474,0.0639,35570,35570,48695,11206,8621,0.4719,0.2314,0.7166,0.5237,0.5102,24801,24801,48434
207449,Oklahoma City Community College,Oklahoma City,OK,2,1,11,NA,NA,9758,0.66,0.3007,4059,9810,11439,3268,7162,1,0.101,NA,NA,NA,10388,10388,38146
207458,Oklahoma City University,Oklahoma City,OK,3,2,11,0.7702,1177,1514,0.6618,0.0988,35648,35648,47247,17498,7805,0.5792,0.4485,0.8391,0.6488,0.6457,20835,20835,54655
207500,University of Oklahoma-Norman Campus,Norman,OK,3,1,22,0.766,1246,22734,0.5213,0.0716,9797,27377,28872,15656,11610,0.8481,0.3231,0.9,0.7533,0.7532,20654,20654,63126
207564,Oklahoma State University Institute of Technology,Okmulgee,OK,2,1,32,NA,NA,2028,0.3407,0.2599,5774,11384,17256,4799,5185,0.4969,0.3285,NA,0.4239,0.4227,11334,11334,45634
207582,Oral Roberts University,Tulsa,OK,3,2,11,0.989,1196,3487,0.5781,0.1395,35470,35470,50004,11954,7834,0.3957,0.416,0.8049,0.5683,0.5588,27000,27000,46885
207661,Rogers State University,Claremore,OK,3,1,31,NA,NA,2657,0.5992,0.2447,7750,16410,21064,5605,6427,0.4293,0.3659,0.6965,0.2896,0.2719,20500,20500,43166
207670,Rose State College,Midwest City,OK,2,1,21,NA,NA,4953,0.6925,0.2338,5030,11407,18655,932,5568,0.3485,0.1284,NA,0.2,0.2,10453,10453,37555
207704,Jenks Beauty College,Jenks,OK,1,3,21,NA,NA,95,0.9895,0.2575,NA,NA,NA,9826,NA,NA,0.4691,NA,NA,NA,5852,5852,21406
207722,University of Science and Arts of Oklahoma,Chickasha,OK,3,1,32,0.6582,1152,941,0.6514,0.1061,9000,20190,20662,5874,6356,0.4952,0.372,0.663,0.4413,0.405,21750,21750,41913
207740,Seminole State College,Seminole,OK,2,1,32,NA,NA,1086,0.7136,0.2339,5460,11790,23353,2456,5655,0.5385,0.1264,NA,NA,NA,11000,11000,35390
207786,Southern School of Beauty Inc,Durant,OK,1,3,32,NA,NA,21,0.9524,0.5,NA,NA,NA,16218,NA,NA,0.625,NA,NA,NA,PS,PS,9656
207847,Southeastern Oklahoma State University,Durant,OK,3,1,32,0.7643,1087,3018,0.5765,0.3386,7530,16740,18594,7759,7173,1,0.3143,0.6343,0.3154,0.3238,17000,17000,45079
207856,Southwestern Christian University,Bethany,OK,3,2,21,NA,NA,377,0.3846,0.0769,21900,21900,33305,13825,5229,0.3276,0.4644,0.5789,0.1613,0.1446,20715,20715,40391
207865,Southwestern Oklahoma State University,Weatherford,OK,3,1,33,NA,NA,3514,0.6244,0.214,8469,8499,23334,6055,7875,0.9953,0.3091,0.677,0.3969,0.3716,15954,15954,45744
207935,Tulsa Community College,Tulsa,OK,2,1,11,NA,NA,12228,0.6448,0.2814,3792,9720,12900,1350,8695,1,0.1435,NA,NA,NA,12223,12223,39746
207962,Tulsa Welding School-Tulsa,Tulsa,OK,1,3,11,NA,NA,883,0.1506,0.4176,NA,NA,NA,19052,5783,0.9524,0.7125,NA,NA,NA,9500,9500,41067
207971,University of Tulsa,Tulsa,OK,3,2,11,0.6151,1389,2813,0.5215,0.0523,50061,50061,64459,15872,12082,0.7055,0.3288,0.9211,0.7229,0.7278,21500,21500,61408
208035,Western Oklahoma State College,Altus,OK,2,1,33,NA,NA,815,0.6429,0.2493,5586,9954,15372,2809,6142,0.4615,0.1557,NA,NA,NA,9500,9500,38248
208044,Formations Institute of Cosmetology & Barbering,Woodward,OK,1,3,33,NA,NA,29,0.8966,0.5806,NA,NA,NA,12587,NA,NA,0.7143,NA,NA,NA,PS,PS,17260
208053,High Plains Technology Center,Woodward,OK,1,1,41,NA,NA,72,0.375,0.0633,NA,NA,NA,7361,NA,NA,0,NA,NA,NA,PS,PS,33734
208275,Blue Mountain Community College,Pendleton,OR,2,1,32,NA,NA,962,0.6164,0.3457,7076,9754,20650,5449,9522,0.3855,0.0708,NA,NA,NA,12000,12000,38375
208318,Central Oregon Community College,Bend,OR,2,1,12,NA,NA,3789,0.5379,0.3407,5049,13545,19753,4504,8967,0.4203,0.2222,NA,NA,NA,12000,12000,38940
208390,Chemeketa Community College,Salem,OR,2,1,21,NA,NA,6610,0.5654,0.3335,6345,14040,16151,3017,8834,0.4176,0.1738,NA,0.2134,0.2175,12822,12822,40968
208406,Clackamas Community College,Oregon City,OR,2,1,21,NA,NA,4963,0.5186,0.3967,6345,14265,11085,6017,10281,0.298,0.3388,NA,NA,NA,11992,11992,42886
208415,Clatsop Community College,Astoria,OR,2,1,33,NA,NA,493,0.641,0.3592,5110,9610,18567,4008,9659,0.2294,0.0947,NA,NA,NA,11602,11602,39477
208433,College of Hair Design Careers,Salem,OR,1,3,12,NA,NA,58,0.9828,0.4091,NA,NA,NA,8514,NA,NA,0.4112,NA,NA,NA,10750,10750,23915
208512,Sumner College,Portland,OR,1,3,11,0.8889,NA,532,0.7688,0.7335,NA,NA,NA,13360,4167,0.2714,0.6359,1,0.8333,0.8065,16500,16500,46639
208637,East West College of the Healing Arts,Portland,OR,1,3,11,NA,NA,236,0.6525,0.8017,NA,NA,NA,18443,NA,NA,0.7013,NA,NA,NA,12667,12667,28483
208646,Eastern Oregon University,La Grande,OR,3,1,33,0.9831,NA,2172,0.5806,0.3881,11076,25431,26718,8854,8548,0.5587,0.371,0.7148,0.43,0.3974,20500,20500,50112
208725,New Hope Christian College-Eugene,Eugene,OR,3,2,12,0.8,NA,56,0.4464,0.2444,17620,17620,30849,9913,NA,NA,0.6667,0.6667,0.5172,0.439,27000,PS,31115
208822,George Fox University,Newberg,OR,3,2,31,0.9351,1197,2699,0.5847,0.1079,42750,42750,58644,20277,8565,0.3449,0.5409,0.8344,0.7196,0.7027,24250,24250,59761
208859,Phagans Grants Pass College of Beauty,Grants Pass,OR,1,3,13,NA,NA,43,0.9535,0.4651,NA,NA,NA,17412,NA,NA,0.7436,NA,NA,NA,PS,PS,23595
209038,Lane Community College,Eugene,OR,2,1,21,NA,NA,6064,0.5298,0.3553,6202,13078,18699,4988,9747,0.4564,0.1694,NA,0.2039,0.2039,14761,14761,38075
209056,Lewis & Clark College,Portland,OR,3,2,11,0.7849,NA,2120,0.6321,0.0105,64828,64828,79987,25797,10908,0.9717,0.6586,0.8881,0.7536,0.7336,19500,19500,62205
209065,Linfield University,McMinnville,OR,3,2,32,0.8517,NA,1621,0.644,0.1073,50850,50850,65935,22521,7672,1,0.8391,0.7971,0.7046,0.6754,25000,25000,78638
209074,Linn-Benton Community College,Albany,OR,2,1,13,NA,NA,5174,0.5704,0.2608,7317,15901,18789,4591,9459,0.3632,0.4004,NA,NA,NA,11961,11961,41363
209083,Northwest College-Beaverton,Beaverton,OR,1,3,13,NA,NA,37,0.8919,0.3585,NA,NA,NA,9750,NA,NA,0.5521,NA,NA,NA,7564,7564,24421
209205,Northwest College-Clackamas,Happy Valley,OR,1,3,21,NA,NA,35,1,0.2903,NA,NA,NA,8816,NA,NA,0.589,NA,NA,NA,7564,7564,24421
209241,Mount Angel Seminary,Saint Benedict,OR,3,2,41,1,NA,38,0,0.5588,31490,31490,NA,20731,8584,0.6571,0.0882,1,0.5,0.4546,PS,PS,57436
209250,Mt Hood Community College,Gresham,OR,2,1,21,NA,NA,3856,0.5882,0.427,5247,9819,17462,2682,12518,0.3886,0.1316,NA,0.2368,0.2494,13667,13667,41125
209296,National University of Natural Medicine,Portland,OR,3,2,11,NA,NA,41,0.9512,0.7143,NA,NA,NA,27875,8403,0.16,0.5385,NA,NA,NA,PS,PS,NA
209409,Bushnell University,Eugene,OR,3,2,12,0.6728,1020,517,0.5416,0.215,35800,35800,47143,15912,6083,1,0.6075,0.759,0.56,0.5891,23500,23500,53623
209490,Oregon Health & Science University,Portland,OR,3,1,11,NA,NA,836,0.8158,0.6332,NA,NA,NA,29243,13120,0.6164,0.5647,NA,NA,NA,16625,16625,101028
209506,Oregon Institute of Technology,Klamath Falls,OR,3,1,33,0.9502,1150,2892,0.4879,0.1921,13260,37196,27524,8069,8845,0.9394,0.2245,0.6898,0.5378,0.5631,22500,22500,72273
209542,Oregon State University,Corvallis,OR,3,1,13,0.773,1290,30743,0.4919,0.267,14400,38190,31653,13336,11437,0.7838,0.3255,0.8776,0.7011,0.7037,21221,21221,64010
209551,University of Oregon,Eugene,OR,3,1,12,0.883,1272,20497,0.562,0.0407,16137,44598,34793,20483,12404,0.7145,0.2929,0.864,0.7169,0.7159,20139,20139,61324
209603,Pacific Northwest College of Art,Portland,OR,3,2,11,0.7485,NA,420,0.7857,0.1408,49006,49006,70376,21427,8311,0.1905,0.5218,0.6949,0.2913,0.3558,25000,25000,34883
209612,Pacific University,Forest Grove,OR,3,2,21,0.8956,1090,1516,0.5613,0.0837,56374,56374,72374,27826,9129,0.6848,0.8053,0.7945,0.6698,0.6588,23223,23223,60583
209667,Phagans Beauty College,Corvallis,OR,1,3,13,NA,NA,59,0.9661,0.2712,NA,NA,NA,16749,NA,NA,0.5534,NA,NA,NA,8974,8974,33102
209676,Phagans Central Oregon Beauty College,Bend,OR,1,3,12,NA,NA,101,0.9109,0.396,NA,NA,NA,17130,NA,NA,0.7,NA,NA,NA,7435,7435,20551
209694,Phagans School of Beauty,Salem,OR,1,3,21,NA,NA,38,0.9211,0.2632,NA,NA,NA,12711,NA,NA,0.7463,NA,NA,NA,8656,8656,23393
209700,Phagans School of Hair Design,Happy Valley,OR,1,3,21,NA,NA,212,0.8255,0.3448,NA,NA,NA,12506,NA,NA,0.5333,NA,NA,NA,8297,8297,22912
209719,Summit Salon Academy-Portland,Tigard,OR,1,3,13,NA,NA,66,1,0.2597,NA,NA,NA,8992,NA,NA,0.6372,NA,NA,NA,10512,10512,24106
209746,Portland Community College,Portland,OR,2,1,11,NA,NA,19531,0.562,0.4139,5220,10440,17934,4402,10073,0.3174,0.2073,NA,NA,NA,12999,12999,44592
209807,Portland State University,Portland,OR,3,1,11,0.9087,NA,13182,0.5617,0.3281,11679,31074,21590,9403,11893,0.5679,0.3227,0.7611,0.5266,0.5289,20500,20500,57906
209825,University of Portland,Portland,OR,3,2,11,0.8917,1277,2957,0.6496,0.0166,58100,58100,73224,24098,10167,0.5891,0.3862,0.8832,0.7984,0.8013,21370,21370,82804
209922,Reed College,Portland,OR,3,2,11,0.2461,1437,1320,0.5856,0.0111,69350,69350,86376,40589,12578,0.9535,0.3975,0.8764,0.7147,0.7383,21500,21500,62927
209940,Rogue Community College,Grants Pass,OR,2,1,23,NA,NA,3559,0.5726,0.4475,5256,6300,18962,3423,8932,0.2036,0.1037,NA,NA,NA,17042,17042,36845
210146,Southern Oregon University,Ashland,OR,3,1,22,0.8862,NA,2751,0.634,0.1788,12762,31887,27636,7091,9721,0.5603,0.2814,0.6785,0.4253,0.4342,20332,20332,49175
210155,Southwestern Oregon Community College,Coos Bay,OR,2,1,33,NA,NA,1270,0.6276,0.2834,7192,7192,16274,4919,7607,1,0.1914,NA,NA,NA,12000,12000,38349
210234,Treasure Valley Community College,Ontario,OR,1,1,32,NA,NA,1193,0.5365,0.3342,6345,6795,14990,8192,6166,0.3607,0.5261,NA,NA,NA,12000,12000,36738
210270,Umpqua Community College,Roseburg,OR,1,1,33,NA,NA,2219,0.6399,0.4256,6104,6104,17440,5368,8566,0.2929,0.1714,NA,NA,NA,9000,9000,36676
210304,Warner Pacific University,Portland,OR,3,2,11,0.7114,NA,375,0.6027,0.32,22220,22220,38948,16666,6822,1,0.6604,0.9167,0.4918,0.6641,25000,25000,55204
210331,Corban University,Salem,OR,3,2,12,0.939,NA,678,0.5295,0.0731,40280,40280,52019,11895,6449,0.4343,0.3446,0.777,0.6059,0.6081,22625,22625,48917
210368,Western Seminary,Portland,OR,4,2,11,NA,NA,NA,NA,NA,NA,NA,NA,14824,6955,0.2703,NA,NA,NA,NA,PS,PS,NA
210401,Willamette University,Salem,OR,3,2,12,0.7709,1377,1592,0.6187,0.0115,51156,51156,67501,19854,11083,0.6897,0.3934,0.8651,0.7124,0.7204,21500,21500,56911
210429,Western Oregon University,Monmouth,OR,3,1,31,0.981,NA,3103,0.6429,0.1702,11879,32534,25062,6765,7388,0.7405,0.738,0.7274,0.4712,0.4599,20609,20609,51815
210438,University of Western States,Portland,OR,3,2,11,NA,NA,0,0,NA,NA,NA,NA,26288,7650,0.2848,NA,NA,NA,NA,PS,PS,27382
210492,Bryn Athyn College of the New Church,Bryn Athyn,PA,3,2,21,0.8294,NA,244,0.4713,0.0513,28917,28917,41093,16179,7653,0.6667,0.6557,0.7333,0.6774,0.5478,22250,22250,40457
210508,Academy of Vocal Arts,Philadelphia,PA,4,2,11,NA,NA,NA,NA,NA,NA,NA,NA,NA,NA,NA,NA,NA,NA,NA,NA,NA,NA
210571,Albright College,Reading,PA,3,2,13,0.7633,NA,1217,0.5316,0.0964,29082,29082,43711,10762,6685,0.6569,0.735,0.6167,0.507,0.4687,27000,27000,58700
210599,All-State Career School,Essington,PA,1,3,21,NA,NA,886,0.4571,0.6282,NA,NA,NA,8952,5382,0.5273,0.6788,NA,NA,NA,6333,6333,38495
210605,Community College of Allegheny County,Pittsburgh,PA,2,1,11,NA,NA,9544,0.5424,0.3869,4842,12583,19716,3403,6600,0.3158,0.1091,NA,NA,NA,12680,12680,39449
210669,Allegheny College,Meadville,PA,3,2,32,0.5457,1275,1156,0.5147,0.0195,56550,56550,71348,14906,8582,0.7853,0.5633,0.7794,0.7255,0.6951,27000,27000,62069
210711,The  Beauty Institute,Whitehall,PA,1,3,21,NA,NA,70,0.9714,0.459,NA,NA,NA,12857,NA,NA,0.7635,NA,NA,NA,10763,10763,23580
210739,DeSales University,Center Valley,PA,3,2,21,0.7709,1186,2128,0.6363,0.1429,46800,46800,62745,17471,8905,0.4088,0.6384,0.8303,0.722,0.7166,25788,25788,61295
210748,Altoona Beauty School Inc,Altoona,PA,1,3,13,NA,NA,70,0.9571,0.4,NA,NA,NA,10640,NA,NA,0.512,NA,NA,NA,4750,4750,24246
210775,Alvernia University,Reading,PA,3,2,13,0.5806,1170,2152,0.645,0.1863,45000,45000,57565,19740,8028,1,0.8254,0.7198,0.5553,0.5689,27000,27000,55055
210784,The Beauty Institute-Ambler,Ambler,PA,1,3,21,NA,NA,160,0.9875,0.4013,NA,NA,NA,10438,NA,NA,0.9474,NA,NA,NA,9583,9583,24785
210809,American College of Financial Services,King of Prussia,PA,1,2,21,NA,NA,5144,0.2562,0.9556,NA,NA,NA,9885,9962,1,0,NA,NA,NA,NA,NA,NA
211006,Automotive Training Center-Exton,Exton,PA,1,3,21,NA,NA,366,0.0929,0.0824,NA,NA,NA,12965,NA,NA,0.5372,NA,NA,NA,15665,15665,51112
211079,Community College of Beaver County,Monaca,PA,2,1,21,NA,NA,1247,0.5878,0.1692,7500,20700,12556,9402,5995,0.2895,0.2045,NA,NA,NA,14923,14923,45090
211088,Arcadia University,Glenside,PA,3,2,21,0.8022,1190,1948,0.6299,0.0418,49610,49610,64645,20033,8854,0.3662,0.6148,0.788,0.6674,0.6525,27000,27000,58336
211273,Bryn Mawr College,Bryn Mawr,PA,3,2,21,0.2943,1396,1359,1,0.0074,65920,65920,83250,27943,12083,0.8178,0.493,0.9224,0.8179,0.836,25000,25000,75217
211291,Bucknell University,Lewisburg,PA,3,2,32,0.2893,1410,3876,0.5214,0.0047,67812,67812,83756,37745,13254,0.9711,0.3466,0.9368,0.8632,0.8627,27000,27000,93807
211307,Bucks County Community College,Newtown,PA,2,1,41,NA,NA,5289,0.5994,0.2404,5683,13963,11688,7293,7597,0.2431,0.1004,NA,NA,NA,12000,12000,47324
211316,Beauty Culture School LLC,Feasterville,PA,1,3,21,NA,NA,82,0.9878,0.3214,NA,NA,NA,14144,NA,NA,0.3592,NA,NA,NA,PS,PS,27341
211334,Butler Beauty Academy,Butler,PA,1,3,31,NA,NA,26,0.9615,0.2857,NA,NA,NA,6969,NA,NA,0.3333,NA,NA,NA,7500,7500,23003
211343,Butler County Community College,Butler,PA,2,1,31,NA,NA,1789,0.6216,0.2233,5910,12000,12340,5942,7655,0.256,0.1657,NA,NA,NA,10020,10020,38891
211431,Carlow University,Pittsburgh,PA,3,2,11,0.8695,1080,1348,0.8375,0.3207,35874,35874,49327,20443,7520,1,0.6927,0.8443,0.5992,0.5758,25500,25500,51051
211440,Carnegie Mellon University,Pittsburgh,PA,3,2,11,0.1166,1546,7304,0.4914,0.0145,66246,66246,83654,47515,13972,0.9247,0.3357,0.98,0.9413,0.933,21750,21750,114862
211468,Cedar Crest College,Allentown,PA,3,2,12,0.8407,NA,834,0.9149,0.2573,46314,46314,57206,19816,7285,0.478,0.7032,0.7097,0.6039,0.5929,27000,27000,59460
211477,Central Penn College,Summerdale,PA,1,3,21,0.1846,NA,662,0.6571,0.4615,19854,19854,27116,22225,5380,0.4,0.6576,0.6471,0.5091,0.4345,23194,23194,45370
211556,Chatham University,Pittsburgh,PA,3,2,11,0.6196,1198,1232,0.6729,0.1433,44626,44626,61261,21089,8160,1,0.5289,0.7781,0.6306,0.6468,23250,23250,52410
211583,Chestnut Hill College,Philadelphia,PA,3,2,11,0.7446,NA,815,0.5558,0.2747,39870,39870,58168,14473,5821,0.3314,0.7845,0.6243,0.4878,0.5285,26389,26389,52015
211608,Cheyney University of Pennsylvania,Cheyney,PA,3,1,41,NA,NA,617,0.6613,0.0843,10904,18870,26782,0,10536,0.7059,0.5773,0.6852,0.4059,0.2441,21785,21785,37837
211635,Citizens School of Nursing,Tarentum,PA,1,2,21,0.8333,NA,152,0.8882,0.5478,NA,NA,NA,12056,NA,NA,0.7676,NA,NA,NA,15250,15250,69939
211802,DLP Conemaugh Memorial Medical Center,Johnstown,PA,1,3,13,0.3034,1070,90,0.8556,0.2407,NA,NA,NA,9014,NA,NA,0.4733,NA,NA,NA,12000,12000,65740
211893,Curtis Institute of Music,Philadelphia,PA,3,2,11,0.0458,NA,109,0.4771,NA,0,0,NA,5022,8958,0.2941,0,1,0.9615,0.9556,PS,PS,NA
211927,Delaware County Community College,Media,PA,2,1,21,NA,NA,6861,0.6098,0.3798,6930,15540,13530,4563,10381,0.264,0.5789,NA,NA,NA,13250,13250,45391
211981,Delaware Valley University,Doylestown,PA,3,2,21,0.9321,1204,1628,0.6216,0.05,44850,44850,59933,17722,9069,0.4242,0.7453,0.6928,0.5591,0.5412,25000,25000,55838
212009,Dickinson College,Carlisle,PA,3,2,13,0.4209,1391,2273,0.6005,0.0041,65650,65650,82902,24157,10034,0.8107,0.3852,0.9198,0.7978,0.8156,19000,19000,70204
212045,Douglas Education Center,Monessen,PA,1,3,31,NA,NA,178,0.8371,0.23,19450,19450,32767,11376,4740,0.3438,0.67,NA,NA,NA,12000,12000,30814
212054,Drexel University,Philadelphia,PA,3,2,11,0.7944,1345,13233,0.4924,0.0729,62412,62412,76835,31280,12380,0.5765,0.4932,0.8951,0.7816,0.7765,25325,25325,84648
212106,Duquesne University,Pittsburgh,PA,3,2,11,0.8356,1276,5350,0.6254,0.0241,48986,48986,67776,26454,10204,0.4807,0.6743,0.8415,0.7749,0.765,26244,26244,74742
212115,East Stroudsburg University of Pennsylvania,East Stroudsburg,PA,3,1,31,0.9205,1084,4814,0.5503,0.0822,11536,19502,27917,5883,10957,0.7452,0.5708,0.7213,0.4312,0.435,24218,24218,56148
212133,Eastern University,Saint Davids,PA,3,2,21,0.9077,NA,2404,0.626,0.3056,38400,38400,55001,9028,5855,0.2671,0.5725,0.6547,0.54,0.5493,25000,25000,51655
212197,Elizabethtown College,Elizabethtown,PA,3,2,21,0.7787,1204,1868,0.5851,0.0625,37950,37950,50865,16166,9109,0.476,0.6511,0.8372,0.7617,0.7663,27000,27000,62399
212230,Empire Beauty School-Lebanon,Lebanon,PA,1,3,23,NA,NA,49,0.9796,0.5152,NA,NA,NA,10545,NA,NA,0.5091,NA,NA,NA,10667,10667,22377
212267,Empire Beauty School-York,York,PA,1,3,22,NA,NA,90,0.9667,0.3895,NA,NA,NA,11035,NA,NA,0.543,NA,NA,NA,10667,10667,23921
212276,Empire Beauty School-Lancaster,Lancaster,PA,1,3,21,NA,NA,85,1,0.2989,NA,NA,NA,10397,NA,NA,0.5507,NA,NA,NA,13000,13000,25073
212294,Empire Beauty School-Shamokin Dam,Shamokin Dam,PA,1,3,32,NA,NA,69,0.9275,0.3333,NA,NA,NA,10617,NA,NA,0.5091,NA,NA,NA,13000,13000,25073
212300,Empire Beauty School-Pottsville,Pottsville,PA,1,3,32,NA,NA,74,0.9324,0.25,NA,NA,NA,11011,NA,NA,0.5876,NA,NA,NA,10231,10231,23589
212328,Empire Beauty  School-Lehigh Valley,Whitehall,PA,1,3,21,NA,NA,99,0.9596,0.391,NA,NA,NA,10305,NA,NA,0.5572,NA,NA,NA,13000,13000,25073
212337,Empire Beauty School-Gwinnett,Lawrenceville,GA,1,3,21,NA,NA,130,0.9692,0.3733,NA,NA,NA,9193,NA,NA,0.6048,NA,NA,NA,10231,10231,23589
212355,Empire Beauty School-Wyoming Valley,Moosic,PA,1,3,21,NA,NA,176,0.983,0.3212,NA,NA,NA,10591,NA,NA,0.5526,NA,NA,NA,10667,10667,23921
212382,Empire Beauty School-Harrisburg,Harrisburg,PA,1,3,21,NA,NA,152,0.9671,0.4467,NA,NA,NA,10417,NA,NA,0.5681,NA,NA,NA,10667,10667,22377
212391,Empire Beauty School-Reading,Reading,PA,1,3,21,NA,NA,90,0.9889,0.3553,NA,NA,NA,10543,NA,NA,0.6378,NA,NA,NA,10667,10667,23921
212434,Erie Institute of Technology Inc,Erie,PA,1,3,22,NA,NA,221,0.19,0.4044,15264,15264,38471,2850,4585,NA,0.5027,NA,NA,NA,10738,10738,41951
212577,Franklin and Marshall College,Lancaster,PA,3,2,13,0.2819,1392,1799,0.5136,0.0021,70794,70794,85776,35603,11293,0.7873,0.4448,0.9024,0.8377,0.8493,19000,19000,76124
212601,Gannon University,Erie,PA,3,2,13,0.7416,NA,2365,0.5721,0.0322,40656,40656,52869,18731,8733,0.4462,0.6445,0.7617,0.6636,0.6781,27000,27000,58845
212656,Geneva College,Beaver Falls,PA,3,2,21,NA,NA,1096,0.4626,0.0609,33450,33450,45407,16091,7481,1,0.7781,0.7846,0.6098,0.6122,25198,25198,50004
212674,Gettysburg College,Gettysburg,PA,3,2,31,0.389,1379,2099,0.4912,0.0023,66640,66640,81960,18595,10433,0.8089,0.4769,0.9121,0.8253,0.8263,26999,26999,71517
212753,Empire Beauty School-NE Philadelphia,Philadelphia,PA,1,3,11,NA,NA,110,0.9727,0.4454,NA,NA,NA,10507,NA,NA,0.4737,NA,NA,NA,13583,13583,24407
212771,Gratz College,Jenkintown,PA,3,2,21,NA,NA,143,1,0.0181,NA,NA,NA,9044,6939,0.7667,0.009,NA,NA,NA,PS,PS,NA
212805,Grove City College,Grove City,PA,3,2,32,0.7232,1272,2216,0.477,0.2584,21700,21700,NA,20528,NA,NA,0,0.8833,0.8317,0.814,NA,NA,NA
212832,Gwynedd Mercy University,Gwynedd Valley,PA,3,2,21,0.8963,1090,1067,0.7142,0.1867,40122,40122,55786,18716,7592,0.3063,0.5484,0.7752,0.5688,0.5767,25000,25000,67145
212869,Harcum College,Bryn Mawr,PA,2,2,21,NA,NA,876,0.8082,0.4509,32000,32000,42997,18480,5841,0.3598,0.6966,NA,NA,NA,18440,18440,46827
212878,Harrisburg Area Community College,Harrisburg,PA,2,1,13,NA,NA,9533,0.6704,0.3116,6975,12472,18369,6919,7203,0.1736,0.3043,NA,NA,NA,17500,17500,42007
212911,Haverford College,Haverford,PA,3,2,21,0.1237,1513,1430,0.5692,0.0021,70688,70688,90382,42108,11785,0.8634,0.0913,0.9383,0.8964,0.8952,13621,13621,79966
212975,Commonwealth Technical Institute,Johnstown,PA,1,2,23,NA,NA,129,0.2791,0.1515,7714,7714,20876,141445,7364,NA,0,NA,NA,NA,PS,PS,21632
212984,Holy Family University,Philadelphia,PA,3,2,11,0.7104,1060,2464,0.6928,0.186,35330,35330,40539,16519,7978,0.2202,0.6958,0.7773,0.6091,0.6065,25125,25125,62235
213011,Immaculata University,Immaculata,PA,3,2,21,0.8576,1260,1320,0.6955,0.1759,29330,29330,43979,13261,4852,1,0.5029,0.8303,0.7104,0.6763,27000,27000,75701
213020,Indiana University of Pennsylvania,Indiana,PA,3,1,32,0.9077,1082,6764,0.62,0.0904,11380,16297,26898,6490,11877,0.8351,0.5899,0.7534,0.5551,0.5384,26798,26798,51019
213163,UPMC Jameson School of Nursing,New Castle,PA,1,2,31,0.9956,NA,326,0.8712,0.6988,15940,15940,29863,14556,NA,NA,0.8645,NA,NA,NA,12000,12000,70472
213181,Great Lakes Institute of Technology,Erie,PA,1,3,22,NA,NA,335,0.9194,0.3102,NA,NA,NA,7394,4496,0.4118,0.7371,NA,NA,NA,11250,11250,28704
213233,Johnson College,Scranton,PA,2,2,13,0.9793,NA,590,0.1949,0.1643,21225,21225,27354,19504,5636,0.3627,0.7826,NA,NA,NA,12000,12000,55194
213251,Juniata College,Huntingdon,PA,3,2,32,0.7891,1227,1191,0.5189,0.0107,58580,58580,71850,17280,9004,0.7656,0.67,0.8333,0.735,0.7124,27000,27000,56918
213303,Keystone College,La Plume,PA,3,2,21,0.848,NA,771,0.5292,0.2495,18300,18300,32071,9819,5423,0.3065,0.8525,0.5723,0.3587,0.3844,26000,26000,44976
213321,King's College,Wilkes-Barre,PA,3,2,13,0.9311,1170,1484,0.4757,0.0277,44100,44100,57973,16806,8851,0.5907,0.7447,0.757,0.5989,0.6,27000,27000,59498
213330,Butler Beauty Academy-Kittanning Beauty Academy,Kittanning,PA,1,3,32,NA,NA,14,1,0.2821,NA,NA,NA,12765,NA,NA,0.1429,NA,NA,NA,7500,7500,23003
213349,Kutztown University of Pennsylvania,Kutztown,PA,3,1,31,0.9075,1210,6180,0.571,0.052,11314,16068,29866,7718,11035,0.8337,0.6266,0.7779,0.5382,0.5396,26000,26000,53775
213358,La Roche University,Pittsburgh,PA,3,2,21,0.7576,1055,751,0.5433,0.0645,34052,34052,47111,14785,7208,0.3493,0.1857,0.6882,0.5721,0.5743,25000,25000,52341
213367,La Salle University,Philadelphia,PA,3,2,11,0.9659,NA,1953,0.6549,0.1211,37800,37800,48337,14393,9355,0.4357,0.4276,0.739,0.5712,0.5751,25000,25000,67416
213376,Lackawanna College,Scranton,PA,2,2,13,NA,NA,1947,0.6143,0.3208,18400,18400,28770,12895,4440,1,0.7189,0.8333,0.3673,0.3722,18075,18075,41000
213385,Lafayette College,Easton,PA,3,2,21,0.3145,1424,2757,0.4991,0.0025,65398,65398,83133,35843,12663,0.8661,0.1961,0.8967,0.8759,0.8781,16000,16000,91410
213400,Lancaster Bible College,Lancaster,PA,3,2,21,0.5589,1180,1569,0.559,0.4055,29990,29990,44066,12960,5811,0.1259,0.491,0.7939,0.6667,0.6881,20500,20500,44096
213455,Lancaster School of Cosmetology & Therapeutic Bodywork,Lancaster,PA,1,3,21,NA,NA,402,0.9925,0.4682,NA,NA,NA,10218,NA,NA,0.3792,NA,NA,NA,3167,3167,29738
213473,Lansdale School of Business,North Wales,PA,1,3,21,NA,NA,93,0.914,0.5747,12150,12150,31825,20792,3191,NA,0.7586,NA,NA,NA,13492,13492,37442
213491,Lansdale School of Cosmetology Inc,Lansdale,PA,1,3,21,NA,NA,42,0.9762,0.225,NA,NA,NA,6382,NA,NA,0.1967,NA,NA,NA,PS,PS,25019
213507,Lebanon Valley College,Annville,PA,3,2,23,0.8377,1240,1684,0.5594,0.0187,52080,52080,66497,18631,8422,0.4558,0.6906,0.8298,0.6496,0.6871,27000,27000,62621
213525,Lehigh Carbon Community College,Schnecksville,PA,2,1,41,NA,NA,4148,0.6446,0.2594,5280,13270,15405,6497,6968,0.191,0.2102,NA,NA,NA,11000,11000,42436
213534,Miller-Motte College-Berks Technical Institute,Wyomissing,PA,1,3,21,NA,NA,544,0.3768,0.5973,NA,NA,NA,8795,4715,0.3696,0.643,NA,NA,NA,15917,15917,31102
213543,Lehigh University,Bethlehem,PA,3,2,13,0.2593,1440,5898,0.48,0.0024,64980,64980,80856,33455,15219,0.8475,0.3657,0.937,0.8791,0.8855,21960,21960,105584
213570,Lincoln Technical Institute-Allentown,Allentown,PA,1,3,21,NA,NA,628,0.629,0.5123,NA,NA,NA,12514,6436,0.6316,0.8567,NA,NA,NA,11250,11250,38683
213589,Lincoln Technical Institute-Levittown,Levittown,PA,1,3,11,NA,NA,345,0.1275,0.3182,NA,NA,NA,13086,6068,0.9259,0.8218,NA,NA,NA,11250,11250,38683
213598,Lincoln University,Lincoln University,PA,3,1,21,0.6572,920,1539,0.6387,0.0489,12512,19384,28505,6396,9580,1,0.7903,0.7341,0.4355,0.4828,28250,28250,43167
213622,UPMC St. Margaret School of Nursing,Pittsburgh,PA,1,2,21,0.8077,NA,97,0.866,0.6923,16190,16190,31582,12736,NA,NA,0.7033,NA,NA,NA,15667,15667,67327
213631,United Lutheran Seminary,Gettysburg,PA,4,2,31,NA,NA,NA,NA,NA,NA,NA,NA,1449,7540,1,NA,NA,NA,NA,PS,PS,NA
213659,Luzerne County Community College,Nanticoke,PA,2,1,21,NA,NA,3317,0.6584,0.2999,6600,16260,14499,8054,6870,0.3846,0.2878,NA,NA,NA,11000,11000,40437
213668,Lycoming College,Williamsport,PA,3,2,13,0.7407,1160,996,0.508,0.0113,50029,50029,64105,10691,8261,0.8276,0.7107,0.7611,0.5963,0.596,27000,27000,56210
213774,Manor College,Jenkintown,PA,2,2,21,0.9486,820,443,0.6885,0.1786,21780,21780,27557,18003,5606,0.2468,0.5997,0.5588,0.2574,0.2513,19000,19000,46825
213826,Marywood University,Scranton,PA,3,2,13,0.6058,1162,1784,0.6429,0.0662,41420,41420,55582,16975,7773,0.3561,0.809,0.7981,0.7165,0.7211,26186,26186,55817
213914,Vet Tech Institute,Pittsburgh,PA,2,3,11,0.7755,NA,183,0.9235,0.1106,17320,17320,24268,15612,5471,NA,0.8744,NA,NA,NA,13623,13623,34583
213932,Roxborough Memorial Hospital School of Nursing,Philadelphia,PA,1,3,11,NA,NA,161,0.913,0.75,NA,NA,NA,21057,NA,NA,0.7431,NA,NA,NA,20000,20000,79323
213987,Mercyhurst University,Erie,PA,3,2,13,0.8102,NA,2191,0.5733,0.0672,45770,45770,59557,15378,7193,0.6,0.647,0.7979,0.6017,0.5948,25305,25305,47452
213996,Messiah University,Mechanicsburg,PA,3,2,21,0.7897,1236,2259,0.5746,0.0174,42240,42240,55875,18476,9179,0.4672,0.5414,0.8857,0.7496,0.7683,25621,25621,54064
214023,ASPIRA City College,Philadelphia,PA,2,2,11,0.5,NA,8,0.25,0.3571,12147,12147,18252,6185,4537,NA,0.5,NA,NA,NA,PS,PS,34857
214041,Millersville University of Pennsylvania,Millersville,PA,3,1,21,0.8619,1110,5728,0.5848,0.1158,11128,22952,26913,9364,11531,0.6627,0.5126,0.7711,0.5763,0.5602,23507,23507,55246
214069,Misericordia University,Dallas,PA,3,2,21,0.7093,NA,1672,0.6226,0.1377,40370,40370,53648,19266,8504,1,0.7425,0.7764,0.7171,0.7042,26973,26973,64313
214111,Montgomery County Community College,Blue Bell,PA,2,1,21,NA,NA,7301,0.5936,0.286,6690,17250,16233,5534,7781,0.3399,0.225,NA,NA,NA,12349,12349,46108
214148,Moore College of Art and Design,Philadelphia,PA,3,2,11,0.5646,1282,535,1,0.0769,52812,52812,71327,29990,8081,0.2476,0.8487,0.8056,0.5714,0.6021,26000,26000,37839
214157,Moravian University,Bethlehem,PA,3,2,13,0.5417,1183,1949,0.6121,0.0808,53500,53500,65601,20178,8295,1,0.7493,0.7917,0.7169,0.7137,26793,26793,61860
214166,Mount Aloysius College,Cresson,PA,3,2,31,0.8205,1070,1094,0.7093,0.0673,27072,27072,40435,12369,7396,0.4189,0.311,0.5612,0.5691,0.5622,24287,24287,46165
214175,Muhlenberg College,Allentown,PA,3,2,12,0.7199,1343,1727,0.579,0.0319,62805,62805,77270,20440,9647,0.5323,0.5274,0.8993,0.8223,0.8123,25455,25455,69107
214272,Neumann University,Aston,PA,3,2,21,0.8128,NA,1533,0.6119,0.1145,39100,39100,57180,17384,7550,0.3828,0.7032,0.7209,0.5368,0.5019,27000,27000,57817
214290,New Castle School of Trades,New Castle,PA,2,3,31,NA,NA,700,0.12,0.3933,NA,NA,NA,11743,3610,0.4706,0.5156,NA,NA,NA,9567,9567,44814
214379,Northampton County Area Community College,Bethlehem,PA,2,1,21,NA,NA,7667,0.6473,0.3252,5550,15270,18119,5021,8214,0.1638,0.2849,NA,NA,NA,15495,15495,41566
214476,Heritage Valley Health System School of Nursing,McKees Rocks,PA,1,2,21,0.8205,NA,71,0.8592,0.7692,22800,22800,29767,2975,NA,NA,0.2308,NA,NA,NA,PS,PS,79831
214528,Orleans Technical College,Philadelphia,PA,1,2,11,0.7951,NA,340,0.2059,0.4857,NA,NA,NA,12496,906,NA,0.5079,NA,NA,NA,7521,7521,38668
214582,Pennsylvania Institute of Technology,Media,PA,1,2,21,NA,NA,810,0.9025,0.6662,14850,14850,23995,24374,7303,0.2432,0.9275,0.5,0.2105,0.2727,16500,16500,35703
214591,Pennsylvania State University-Penn State Erie-Behrend College,Erie,PA,3,1,22,0.9683,1228,3240,0.3762,0.0431,15972,26958,34081,9783,10333,0.7846,0.5546,0.8325,0.4363,0.4466,25000,25000,63435
214607,Pennsylvania State University-Penn State Great Valley,Malvern,PA,4,1,21,NA,NA,NA,NA,NA,NA,NA,NA,39289,13371,0.6905,NA,NA,NA,NA,25000,25000,63435
214625,Pennsylvania State University-Penn State New Kensington,New Kensington,PA,3,1,41,0.9529,1190,416,0.3486,0.1096,14408,24134,26863,12632,9403,0.6545,0.4803,0.8544,0.2761,0.2619,25000,25000,63435
214634,Pennsylvania State University-Penn State Shenango,Sharon,PA,3,1,31,0.922,NA,256,0.5938,0.1717,14024,23560,26821,13135,9036,0.5319,0.4398,0.6579,0.4194,0.3252,25000,25000,63435
214643,Pennsylvania State University-Penn State Wilkes-Barre,Dallas,PA,3,1,41,0.9699,1200,313,0.3387,0.069,14280,24006,25994,11135,9188,0.6923,0.5431,0.8072,0.2273,0.1948,25000,25000,63435
214652,Pennsylvania State University-Penn State Scranton,Dunmore,PA,3,1,21,0.9852,1190,793,0.4237,0.0812,15208,25392,27862,7374,9774,0.5851,0.5663,0.7931,0.3929,0.3536,25000,25000,63435
214670,Pennsylvania State University-Penn State Lehigh Valley,Center Valley,PA,3,1,21,0.9737,1210,859,0.4075,0.0933,15208,25392,28109,6092,8550,0.55,0.4319,0.8339,0.1783,0.1759,25000,25000,63435
214689,Pennsylvania State University-Penn State Altoona,Altoona,PA,3,1,13,0.9806,1187,2367,0.463,0.0425,15972,26958,32559,7505,9491,0.7689,0.5366,0.7952,0.165,0.1721,25000,25000,63435
214698,Pennsylvania State University-Penn State Beaver,Monaca,PA,3,1,21,0.9565,1214,482,0.4315,0.0456,14408,24134,26210,9066,9688,0.5556,0.5476,0.7561,0.2174,0.2147,25000,25000,63435
214704,Pennsylvania State University-Penn State Berks,Reading,PA,3,1,21,0.9867,1174,1872,0.4145,0.0727,15972,26958,32242,6869,10158,0.7006,0.518,0.7675,0.3152,0.277,25000,25000,63435
214713,Pennsylvania State University-Penn State Harrisburg,Middletown,PA,3,1,21,0.976,1227,4031,0.4044,0.0699,15972,26958,32521,7560,11107,0.5979,0.4147,0.8212,0.2612,0.2767,25000,25000,63435
214731,Pennsylvania State University-Penn State Brandywine,Media,PA,3,1,21,0.9811,1200,1223,0.3745,0.045,15208,25392,31088,6372,9857,0.5625,0.4906,0.7262,0.2598,0.2354,25000,25000,63435
214740,Pennsylvania State University-Penn State DuBois,DuBois,PA,3,1,33,0.9712,1080,349,0.3696,0.051,14408,24134,28530,12614,9056,0.7727,0.5099,0.8636,0.3381,0.3148,25000,25000,63435
214759,Pennsylvania State University-Penn State Fayette- Eberly,Lemont Furnace,PA,3,1,41,0.9547,1170,402,0.5299,0.0907,14408,24134,25154,11467,9599,0.7037,0.5823,0.7778,0.3862,0.3614,25000,25000,63435
214768,Pennsylvania State University-Penn State Hazleton,Hazleton,PA,3,1,23,0.9641,1200,501,0.4391,0.0882,15208,25392,29677,10255,9943,0.6792,0.598,0.7514,0.2615,0.2197,25000,25000,63435
214777,Pennsylvania State University-Main Campus,University Park,PA,3,1,13,0.6056,1337,42284,0.4735,0.0177,20644,41790,39694,32506,13120,0.8648,0.3991,0.9264,0.8609,0.8589,25000,25000,63435
214786,Pennsylvania State University-Penn State Greater Allegheny,McKeesport,PA,3,1,21,0.9647,1160,349,0.3754,0.072,14408,24134,26214,13991,10177,0.6735,0.5956,0.7788,0.1897,0.2314,25000,25000,63435
214795,Pennsylvania State University-Penn State Mont Alto,Mont Alto,PA,3,1,41,0.9821,1160,559,0.5975,0.1056,14408,24134,28841,9970,9579,0.6216,0.5077,0.8286,0.3365,0.2944,25000,25000,63435
214801,Pennsylvania State University-Penn State Abington,Abington,PA,3,1,21,0.9677,1181,2877,0.4164,0.0704,15268,25664,28795,5952,9204,0.5424,0.4643,0.7723,0.1975,0.2099,25000,25000,63435
214810,Pennsylvania State University-Penn State Schuylkill,Schuylkill Haven,PA,3,1,31,0.9664,1130,620,0.6339,0.0615,15208,25392,30065,8974,8985,0.8039,0.6215,0.7823,0.3188,0.2564,25000,25000,63435
214829,Pennsylvania State University-Penn State York,York,PA,3,1,22,0.9741,1140,668,0.3802,0.114,15208,25392,27826,9383,10236,0.5538,0.4872,0.7684,0.1627,0.1372,25000,25000,63435
214883,Peirce College,Philadelphia,PA,3,2,11,NA,NA,799,0.7559,0.9089,15060,15060,18660,14996,7911,1,0.6215,NA,0.1,0.0625,31250,31250,50660
214892,Penn Commercial Business/Technical School,Washington,PA,1,3,21,0.5584,NA,265,0.5396,0.426,13654,13654,23804,9815,4152,1,0.4619,NA,NA,NA,11638,11638,31736
214944,Pennco Tech-Bristol,Bristol,PA,1,3,21,NA,NA,771,0.1128,0.3267,NA,NA,NA,18906,NA,NA,0.6212,NA,NA,NA,7917,7917,43493
214971,Pennsylvania Academy of the Fine Arts,Philadelphia,PA,3,2,11,NA,NA,23,0.6957,0.1616,44600,44600,66106,20955,4469,0.875,0.6465,0,0.5758,0.6286,22309,22309,29881
215008,Pennsylvania Gunsmith School,Pittsburgh,PA,1,3,21,NA,NA,64,0.0313,0.3382,NA,NA,NA,12296,NA,NA,0.4494,NA,NA,NA,PS,PS,40747
215044,Cortiva Institute,King of Prussia,PA,1,3,21,NA,NA,125,0.84,0.6861,NA,NA,NA,11801,NA,NA,0.261,NA,NA,NA,8677,8677,32094
215053,Pennsylvania College of Art and Design,Lancaster,PA,3,2,13,0.9924,NA,400,0.685,0.0743,32150,32150,43815,24354,4574,0.2375,0.6935,0.8511,0.6852,0.6585,27000,27000,33301
215062,University of Pennsylvania,Philadelphia,PA,3,2,11,0.054,1553,10650,0.5501,0.0683,68686,68686,89028,45809,22117,0.7865,0.0972,0.9888,0.9654,0.9668,15715,15715,111371
215114,Cairn University-Langhorne,Langhorne,PA,3,2,21,0.8817,1110,775,0.4929,0.0538,34009,34009,46233,9826,6206,0.3615,0.531,0.7662,0.5968,0.6217,26926,26926,44172
215123,Philadelphia College of Osteopathic Medicine,Philadelphia,PA,4,2,11,NA,NA,NA,NA,NA,NA,NA,NA,44891,NA,NA,NA,NA,NA,NA,PS,PS,138767
215239,Community College of Philadelphia,Philadelphia,PA,2,1,11,NA,NA,11948,0.6642,0.3865,4632,12744,19172,2545,8748,0.3237,0.2969,NA,NA,NA,10750,10750,40852
215266,University of Pittsburgh-Bradford,Bradford,PA,3,1,33,0.8854,1125,995,0.5126,0.0399,14770,26644,30478,6711,9088,0.7979,0.6152,0.6557,0.4761,0.4556,24250,24250,66125
215275,University of Pittsburgh-Greensburg,Greensburg,PA,3,1,21,0.9521,1160,1305,0.5441,0.0437,14710,26584,30141,10652,8269,0.6333,0.5656,0.6907,0.397,0.3966,24250,24250,66125
215284,University of Pittsburgh-Johnstown,Johnstown,PA,3,1,23,0.9484,1105,1808,0.4392,0.033,14906,26780,30349,10474,8540,0.82,0.5753,0.7511,0.5582,0.5455,24250,24250,66125
215293,University of Pittsburgh-Pittsburgh Campus,Pittsburgh,PA,3,1,11,0.5808,1370,20370,0.5794,0.0217,21926,41430,38105,21644,12140,0.8067,0.361,0.9199,0.855,0.8493,24250,24250,66125
215309,University of Pittsburgh-Titusville,Titusville,PA,2,1,32,0.3478,NA,33,0.9394,0.3929,11918,22210,25231,12167,8525,0.75,0.7857,NA,NA,NA,24250,24250,66125
215381,Pittsburgh Institute of Aeronautics,West Mifflin,PA,1,2,21,NA,NA,663,0.0679,0.2014,18730,18730,37350,11492,4688,NA,0.6599,NA,NA,NA,12230,12230,66642
215390,Pittsburgh Institute of Mortuary Science Inc,Pittsburgh,PA,2,2,11,NA,NA,351,0.7835,0.5597,NA,NA,NA,11925,4291,NA,0.4578,NA,NA,NA,19295,19295,53524
215424,Pittsburgh Theological Seminary,Pittsburgh,PA,4,2,11,NA,NA,NA,NA,NA,NA,NA,NA,6037,10747,1,NA,NA,NA,NA,PS,PS,NA
215442,Point Park University,Pittsburgh,PA,3,2,11,0.9691,NA,2331,0.6469,0.1192,39570,39570,52643,18174,9211,0.3066,0.7382,0.7394,0.5854,0.5906,27000,27000,45856
215479,Joseph F McCloskey School of Nursing,Pottsville,PA,1,2,32,NA,NA,100,0.95,0.4909,NA,NA,NA,16297,NA,NA,0.8909,NA,NA,NA,14400,14400,86138
215530,The Salon Professional Academy-Altoona,Altoona,PA,1,3,23,NA,NA,83,1,0.1515,NA,NA,NA,9858,NA,NA,0.5966,NA,NA,NA,6333,6333,20809
215585,Reading Area Community College,Reading,PA,2,1,13,NA,NA,3703,0.6921,0.2611,6480,12510,14563,2771,6774,1,0.1984,NA,NA,NA,8750,8750,39082
215594,Reading Hospital School of Health Sciences,Reading,PA,1,2,13,0.2925,NA,294,0.8265,0.5037,12225,12225,29377,14185,NA,NA,0.6,NA,NA,NA,20885,20885,74572
215619,Reconstructionist Rabbinical College,Wyncote,PA,4,2,21,NA,NA,NA,NA,NA,NA,NA,NA,17122,7333,0.875,NA,NA,NA,NA,NA,NA,NA
215637,Walnut Hill College,Philadelphia,PA,2,3,11,0.4272,NA,175,0.4457,0.126,29499,29499,35504,21615,6197,0.6897,0.5669,0.8571,0.5763,0.5877,18765,18765,36689
215655,Robert Morris University,Moon Township,PA,3,2,21,0.8989,NA,2896,0.4517,0.065,35970,35970,51621,17196,13576,1,0.4136,0.832,0.6569,0.6562,26950,26950,62105
215682,Rosedale Technical College,Pittsburgh,PA,2,2,21,0.75,NA,475,0.0863,0.237,17402,17402,29468,13887,5398,0.8529,0.7432,NA,NA,NA,12000,12000,47880
215691,Rosemont College,Rosemont,PA,3,2,21,0.7634,NA,486,0.4877,0.2789,23845,23845,38498,11237,6270,0.1985,0.7098,0.8202,0.5714,0.4891,27000,27000,48555
215743,Saint Francis University,Loretto,PA,3,2,42,0.7682,1155,1557,0.6018,0.0638,44000,44000,59815,15927,7645,1,0.3713,0.8302,0.7439,0.7352,27000,27000,62101
215770,Saint Joseph's University - Philadelphia,Philadelphia,PA,3,2,11,0.8883,1258,4948,0.5424,0.0215,53260,53260,67954,22909,11284,1,0.5623,0.8868,0.7884,0.7933,25500,25500,86881
215798,Saint Vincent College,Latrobe,PA,3,2,21,0.6173,1116,1259,0.4059,0.0211,42396,42396,56752,17334,8302,1,0.8156,0.8225,0.6859,0.7045,27000,27000,59982
215813,Saint Vincent Seminary,Latrobe,PA,4,2,21,NA,NA,NA,NA,NA,NA,NA,NA,16509,2348,NA,NA,NA,NA,NA,27000,27000,59982
215886,Schuylkill Technology Center,Frackville,PA,1,1,32,NA,NA,102,0.6471,0.8243,NA,NA,NA,9394,NA,NA,0.4519,NA,NA,NA,15275,15275,49148
215929,University of Scranton,Scranton,PA,3,2,13,0.8123,1237,3554,0.5585,0.0205,53983,53983,69552,21592,11510,0.6867,0.6386,0.8538,0.7979,0.8028,27000,27000,74652
215947,Seton Hill University,Greensburg,PA,3,2,21,0.7953,1117,1492,0.6387,0.1271,42944,42944,56183,14374,8143,0.9322,0.7071,0.8088,0.6736,0.6927,27000,27000,51748
215974,UPMC Shadyside School of Nursing,Pittsburgh,PA,1,2,11,0.7795,NA,715,0.8545,0.7256,16190,16190,33489,12607,NA,NA,0.6437,NA,NA,NA,19666,19666,68801
215992,Laurel Technical Institute,Hermitage,PA,2,3,41,0.8529,NA,163,0.6687,0.2375,13431,13431,14270,12436,5467,0.8293,0.8188,NA,NA,NA,10706,10706,28311
216010,Shippensburg University of Pennsylvania,Shippensburg,PA,3,1,31,0.865,1120,4086,0.5091,0.0491,13720,15974,30785,7818,12033,0.8066,0.5815,0.7681,0.557,0.5377,25000,25000,56351
216038,Slippery Rock University of Pennsylvania,Slippery Rock,PA,3,1,32,0.7147,1095,6788,0.5549,0.0509,10568,14676,25537,7962,11014,0.8697,0.6053,0.8401,0.6557,0.6574,25000,25000,53032
216047,Saint Charles Borromeo Seminary-Overbrook,Ambler,PA,3,2,21,1,NA,38,0,0.122,25774,25774,NA,16429,5231,0.9444,0.0488,0.5833,0.4167,0.5246,PS,PS,55225
216074,South Hills Beauty Academy,Pittsburgh,PA,1,3,21,NA,NA,183,0.9836,0.1383,NA,NA,NA,6011,NA,NA,0.1876,NA,NA,NA,3431,3431,23453
216083,South Hills School of Business & Technology,State College,PA,2,3,13,0.9727,NA,260,0.7462,0.2149,19905,19905,27981,16764,6060,0.6304,0.7479,NA,NA,NA,16000,16000,35539
216162,St Lukes Hospital School of Nursing,Bethlehem,PA,1,2,21,NA,NA,329,0.8845,0.7735,NA,NA,NA,5706,NA,NA,0.4941,NA,NA,NA,14000,14000,80244
216223,The Beauty Institute,Stroudsburg,PA,1,3,31,NA,NA,49,1,0.4314,NA,NA,NA,10741,NA,NA,0.5745,NA,NA,NA,10830,10830,30577
216278,Susquehanna University,Selinsgrove,PA,3,2,32,0.8143,1232,2163,0.5696,0.0187,59850,59850,75410,15665,9249,0.6364,0.6591,0.8633,0.8174,0.7787,27000,27000,61723
216287,Swarthmore College,Swarthmore,PA,3,2,21,0.0746,1534,1613,0.5208,0.0055,65494,65494,84103,33044,14961,0.9366,0.1064,0.9398,0.9227,0.9317,17500,17500,80257
216296,Thaddeus Stevens College of Technology,Lancaster,PA,2,1,13,0.7122,NA,1446,0.1183,0.064,9050,9050,18694,8159,10035,0.8053,0.5567,NA,NA,NA,9990,9990,54681
216311,Talmudical Yeshiva of Philadelphia,Philadelphia,PA,3,2,11,0.9024,NA,112,0,NA,11512,11512,22680,17064,5704,NA,0,0.8529,0.5,0.6622,PS,PS,NA
216339,Temple University,Philadelphia,PA,3,1,11,0.8041,NA,20970,0.5562,0.0789,23011,38958,40903,26118,12479,0.5657,0.5332,0.8261,0.7505,0.7486,24395,24395,63727
216348,Theological Seminary of the Reformed Episcopal Church,Oreland,PA,4,2,21,NA,NA,NA,NA,NA,NA,NA,NA,11960,2180,NA,NA,NA,NA,NA,NA,NA,NA
216357,Thiel College,Greenville,PA,3,2,32,0.7155,NA,788,0.481,0.0195,38344,38344,53202,12146,7413,0.6744,0.7875,0.7327,0.4873,0.4645,27000,27000,49714
216366,Thomas Jefferson University,Philadelphia,PA,3,2,11,0.8097,1243,3755,0.7361,0.1871,47505,47505,64197,26576,10627,0.3988,0.8609,0.8246,0.6857,0.684,14744,14744,77449
216463,Trinity Anglican Seminary,Ambridge,PA,4,2,21,NA,NA,NA,NA,NA,NA,NA,NA,5717,8082,0.1098,NA,NA,NA,NA,NA,NA,NA
216524,Ursinus College,Collegeville,PA,3,2,21,0.9177,1310,1491,0.4782,0.0094,61210,61210,76815,19297,9216,0.8043,0.6542,0.8691,0.7328,0.75,27000,27000,73721
216542,University of Valley Forge,Phoenixville,PA,3,2,21,0.612,NA,471,0.4926,0.1004,25240,25240,45422,11186,5928,0.3038,0.7189,0.7849,0.4904,0.5247,27000,27000,39016
216551,Valley Forge Military College,Wayne,PA,2,2,21,NA,NA,90,0.1667,0.0116,32176,32176,53511,36025,5060,NA,0.0941,NA,NA,NA,9500,9500,50798
216579,Venus Beauty Academy,Aston,PA,1,3,21,NA,NA,56,0.9464,0.338,NA,NA,NA,13460,NA,NA,0.4771,NA,NA,NA,7388,7388,22727
216597,Villanova University,Villanova,PA,3,2,21,0.2698,1460,6938,0.5382,0.0368,67776,67776,84793,37180,13825,0.6312,0.3499,0.9506,0.9186,0.9214,25874,25874,100423
216630,Washington Health System School of Nursing,Washington,PA,1,2,21,NA,NA,37,0.7838,0.3846,NA,NA,NA,10546,NA,NA,0.5641,NA,NA,NA,14750,14750,63504
216667,Washington & Jefferson College,Washington,PA,3,2,21,0.8064,NA,1295,0.4564,0.0077,29392,29392,42972,12329,8324,1,0.6928,0.8121,0.6952,0.7044,27000,27000,67918
216694,Waynesburg University,Waynesburg,PA,3,2,32,0.8982,1090,1009,0.5144,0.034,30480,30480,44397,11141,6739,0.4106,0.7313,0.7164,0.6554,0.6276,27000,27000,58537
216746,Welder Training and Testing Institute,Allentown,PA,1,3,12,NA,NA,55,0.1091,0.2157,NA,NA,NA,13925,NA,NA,0.4568,NA,NA,NA,PS,PS,55598
216764,West Chester University of Pennsylvania,West Chester,PA,3,1,21,0.784,1187,14164,0.5825,0.0702,10775,22599,28394,9935,11216,0.7179,0.5436,0.8311,0.7051,0.7016,23500,23500,61258
216773,Western Pennsylvania Hospital School of Nursing,Pittsburgh,PA,1,2,11,1,NA,164,0.8049,0.4897,13410,13410,29938,9593,NA,NA,0.6552,NA,NA,NA,13838,13838,56487
216807,Westminster College,New Wilmington,PA,3,2,42,0.9256,NA,1041,0.488,0.0511,40290,40290,53003,10523,7574,0.608,0.6696,0.8097,0.6455,0.6519,26060,26060,53861
216816,Westminster Theological Seminary,Glenside,PA,4,2,21,NA,NA,NA,NA,NA,NA,NA,NA,13440,8755,0.9231,NA,NA,NA,NA,PS,PS,NA
216825,Westmoreland County Community College,Youngwood,PA,2,1,21,NA,NA,2441,0.6538,0.2237,6018,14424,10573,6129,7600,0.3062,0.2651,NA,NA,NA,11000,PS,37439
216852,Widener University,Chester,PA,3,2,21,0.7093,1180,2951,0.6113,0.0996,55730,55730,70621,22157,8979,0.3946,0.7165,0.7836,0.6832,0.6591,27000,27000,70920
216931,Wilkes University,Wilkes-Barre,PA,3,2,13,0.9064,1136,1985,0.5184,0.0736,43496,43496,56765,20107,9848,0.3949,0.7249,0.7157,0.6317,0.6182,26000,26000,63454
216940,Williamson College of the Trades,Media,PA,2,2,21,0.2188,NA,322,0,NA,31611,31611,37263,6916,7892,0.5581,0,NA,NA,NA,PS,PS,NA
217013,Wilson College,Chambersburg,PA,3,2,13,0.9211,1000,865,0.8405,0.4169,27100,27100,39344,12091,7205,1,0.6746,0.7447,0.4815,0.4986,26328,26328,43326
217040,Yeshivath Beth Moshe,Scranton,PA,2,2,13,1,NA,34,0,NA,10600,10600,20400,24716,6863,NA,0,0.5714,1,0.7561,PS,PS,NA
217059,York College of Pennsylvania,York,PA,3,2,22,0.7374,1162,3265,0.5694,0.0605,25588,25588,37319,15753,9539,0.4182,0.5813,0.7821,0.641,0.619,26000,26000,61012
217077,YTI Career Institute-York,York,PA,1,3,22,NA,NA,642,0.5639,0.497,NA,NA,NA,11565,4595,NA,0.7085,NA,NA,NA,13426,13426,40672
217156,Brown University,Providence,RI,3,2,12,0.0539,1546,7226,0.5003,0.0168,71412,71412,87648,39682,17839,0.9243,0.0959,0.9882,0.9569,0.957,11428,11428,93487
217165,Bryant University,Smithfield,RI,3,2,21,0.6546,1265,3194,0.3544,0.0046,52677,52677,69964,25970,14681,0.5648,0.5151,0.8691,0.7975,0.8018,26849,26849,90008
217235,Johnson & Wales University-Providence,Providence,RI,3,2,12,0.8841,1050,3868,0.6251,0.038,42419,42419,60314,21554,10624,1,0.7171,0.8199,0.5541,0.5513,26000,26000,43418
217305,New England Institute of Technology,East Greenwich,RI,2,2,21,0.6673,NA,1718,0.4348,0.3082,37275,37275,48543,19130,7564,1,0.712,0.74,0.5954,0.5851,16668,16668,48684
217323,New England Tractor Trailer Training School of Rhode Island,Pawtucket,RI,1,3,21,NA,NA,646,0.0619,0.8111,NA,NA,NA,10059,NA,NA,0.5801,NA,NA,NA,6333,6333,53085
217402,Providence College,Providence,RI,3,2,12,0.5089,1346,4229,0.541,0.0215,63550,63550,80466,36098,12190,0.7234,0.5705,0.9395,0.8582,0.8681,27000,27000,87054
217420,Rhode Island College,Providence,RI,3,1,21,0.9182,990,5049,0.678,0.2234,11300,27299,17454,7664,11523,1,0.4706,0.7334,0.4813,0.4705,20500,20500,56318
217475,Community College of Rhode Island,Warwick,RI,2,1,13,NA,NA,11171,0.6403,0.3205,5550,14834,12725,2755,8205,1,0.1138,NA,NA,NA,10920,10920,42659
217484,University of Rhode Island,Kingston,RI,3,1,21,0.7216,1160,13381,0.5822,0.0327,16942,37146,34321,17074,11089,0.6941,0.4917,0.8362,0.7331,0.7216,22250,22250,69743
217493,Rhode Island School of Design,Providence,RI,3,2,12,0.1866,1473,2084,0.7063,0.0158,62688,62688,81727,46163,11226,0.3891,0.2859,0.9504,0.8877,0.8862,27000,27000,68140
217518,Roger Williams University,Bristol,RI,3,2,21,0.8771,1223,3946,0.5188,0.077,44418,44418,61950,22596,13293,0.4227,0.556,0.8109,0.6865,0.6805,26940,26940,70266
217536,Salve Regina University,Newport,RI,3,2,21,0.6817,1232,2121,0.6978,0.026,50100,50100,70630,20716,9135,0.95,0.7024,0.8279,0.7688,0.7581,27000,27000,72975
217581,Empire Beauty School-Warwick,Providence,RI,1,3,12,NA,NA,107,0.9626,0.4091,NA,NA,NA,11291,NA,NA,0.5023,NA,NA,NA,10231,10231,23589
217606,Northpoint Bible College,Haverhill,MA,3,2,21,NA,NA,86,0.4419,0.4348,14160,14160,29902,9404,3491,0.2,0.6196,0.4,0.5435,0.5238,25000,25000,42210
217615,Aiken Technical College,Graniteville,SC,2,1,21,NA,NA,1925,0.6888,0.3864,5174,7924,13171,2160,6782,0.3353,0.1276,NA,NA,NA,12250,12250,39225
217624,Allen University,Columbia,SC,3,2,12,0.7254,NA,576,0.4392,0.0693,14304,14304,23998,9026,5502,0.4937,0.8016,0.4497,0.1331,0.1328,34290,34290,30497
217633,Anderson University,Anderson,SC,3,2,13,0.5471,1202,3183,0.6177,0.0522,34970,34970,50192,17953,7635,0.9953,0.4199,0.8186,0.6568,0.6705,26700,26700,42101
217688,Charleston Southern University,Charleston,SC,3,2,12,0.9646,1059,2893,0.6253,0.1191,32520,32520,44558,14064,6523,0.5833,0.4846,0.6314,0.4724,0.4794,26471,26471,45898
217712,Technical College of the Lowcountry,Beaufort,SC,2,1,13,NA,NA,1679,0.6742,0.3172,6156,11916,23832,3427,6701,0.3816,0.0694,NA,NA,NA,10000,10000,35090
217721,Benedict College,Columbia,SC,3,2,12,0.957,NA,1536,0.5052,0.0714,17440,17440,32000,9794,6890,0.7333,0.6334,0.5732,0.2426,0.2288,32500,32500,31902
217749,Bob Jones University,Greenville,SC,3,2,13,NA,NA,2005,0.5322,0.0412,24470,24470,36580,12531,6581,0.9356,0.2378,0.8245,0.6475,0.6718,16585,16585,44354
217776,Southern Wesleyan University,Central,SC,3,2,22,0.9953,1140,747,0.6158,0.2097,29800,29800,39914,13100,5744,1,0.7824,0.6899,0.5236,0.522,26000,26000,47756
217794,Charleston Cosmetology Institute,Charleston,SC,1,3,12,NA,NA,100,0.97,0.4944,NA,NA,NA,7939,NA,NA,0.4426,NA,NA,NA,5655,5655,25812
217819,College of Charleston,Charleston,SC,3,1,12,0.6003,1247,10558,0.678,0.057,12978,38296,32362,18357,10384,0.6458,0.3804,0.8196,0.6583,0.6544,23250,23250,56416
217837,Northeastern Technical College,Cheraw,SC,1,1,41,NA,NA,921,0.7286,0.348,5664,6024,18221,3204,5752,0.4583,0,NA,NA,NA,PS,PS,32141
217864,Citadel Military College of South Carolina,Charleston,SC,3,1,12,0.2272,1208,2705,0.1357,0.0955,12570,38508,33880,11982,10071,0.6981,0.3649,0.8578,0.75,0.7393,21096,21096,72085
217873,Claflin University,Orangeburg,SC,3,2,32,0.6493,NA,1706,0.7057,0.0964,18282,18282,33530,12842,7329,0.7195,0.7355,0.7549,0.516,0.5041,29000,29000,40304
217882,Clemson University,Clemson,SC,3,1,22,0.3834,1353,23300,0.5429,0.0238,15554,40866,35015,20464,12153,0.8764,0.3116,0.9347,0.8656,0.8722,21500,21500,71513
217891,Clinton College,Rock Hill,SC,3,2,13,NA,NA,126,0.619,0.3491,11136,11136,25015,7606,5295,1,0.8939,0.5814,0.1405,0.1325,28987,PS,30180
217907,Coker University,Hartsville,SC,3,2,32,0.9396,NA,840,0.5679,0.1238,33416,33416,45805,10738,5977,0.4156,0.4212,0.6941,0.3953,0.375,26000,26000,40117
217925,Columbia International University,Columbia,SC,3,2,12,0.9447,NA,716,0.5098,0.1605,27900,27900,43045,12189,6410,0.9636,0.4585,0.5327,0.4679,0.551,20000,20000,38951
217934,Columbia College,Columbia,SC,3,2,12,0.9393,NA,1343,0.7863,0.4322,22214,22214,35258,13180,5937,0.337,0.6525,0.6042,0.3688,0.4514,22750,22750,41338
217961,Converse University,Spartanburg,SC,3,2,13,0.6774,1138,1173,0.7298,0.0552,25240,25240,38838,9481,6564,0.9787,0.6097,0.7964,0.6154,0.5353,27000,27000,40867
217989,Denmark Technical College,Denmark,SC,1,1,43,NA,NA,519,0.5915,0.1703,6315,11955,24590,4031,4747,0.6154,0.1161,NA,NA,NA,15250,PS,25351
217998,Erskine College,Due West,SC,3,2,42,0.6274,NA,766,0.3107,0.0082,36710,36710,55248,8678,5645,1,0.7537,0.5578,0.4518,0.4694,27000,27000,53459
218025,Florence-Darlington Technical College,Florence,SC,1,1,41,NA,NA,3055,0.6691,0.3084,4636,6772,10731,2938,6458,0.44,0.1136,NA,NA,NA,12250,12250,32748
218061,Francis Marion University,Florence,SC,3,1,41,0.8639,1015,2628,0.6366,0.0817,11160,21544,23850,5412,8506,0.6809,0.3848,0.7002,0.4339,0.4307,27000,27000,43888
218070,Furman University,Greenville,SC,3,2,21,0.4295,1371,2379,0.5784,0.0043,59770,59770,76798,21247,10399,0.8359,0.278,0.9061,0.7876,0.8011,23250,23250,68635
218113,Greenville Technical College,Greenville,SC,1,1,13,NA,NA,8916,0.5961,0.2847,5495,10775,20166,2757,8257,0.4359,0.0904,NA,0.2087,0.191,15392,15392,39473
218140,Horry-Georgetown Technical College,Conway,SC,1,1,13,NA,NA,6274,0.6551,0.2914,4468,8836,11909,3403,7000,0.4754,0.2402,NA,NA,NA,14250,14250,35507
218159,Kenneth Shuler School of Cosmetology-North Augusta,North Augusta,SC,1,3,21,NA,NA,118,0.9492,0.352,NA,NA,NA,10595,NA,NA,0.6256,NA,NA,NA,8661,8661,25542
218195,Kenneth Shuler School of Cosmetology and Nails-Columbia,West Columbia,SC,1,3,21,NA,NA,127,0.9843,0.4516,NA,NA,NA,10235,NA,NA,0.6698,NA,NA,NA,5858,5858,25088
218229,Lander University,Greenwood,SC,3,1,32,0.8131,1057,3397,0.6759,0.0641,11700,21300,27277,3591,7527,0.5432,0.4871,0.6961,0.4977,0.493,25000,25000,42396
218335,Medical University of South Carolina,Charleston,SC,3,1,12,NA,NA,303,0.901,0.4342,NA,NA,NA,29467,11127,0.9143,0.6085,NA,NA,NA,15000,15000,88420
218353,Midlands Technical College,West Columbia,SC,2,1,21,NA,NA,7564,0.6199,0.3047,5100,14700,14274,4094,7082,1,0.1459,NA,NA,NA,12000,12000,38701
218399,Morris College,Sumter,SC,3,2,13,NA,NA,383,0.4987,0.171,16664,16664,30148,12119,5816,0.4833,1,0.4127,0.1735,0.1903,31400,31400,30614
218414,Newberry College,Newberry,SC,3,2,32,0.8979,NA,1479,0.5112,0.0417,31100,31100,46442,11991,7467,1,0.7312,0.6925,0.4514,0.4476,26805,26805,48040
218441,North Greenville University,Tigerville,SC,3,2,41,0.6667,1156,1819,0.5256,0.1013,25800,25800,42034,11833,6276,0.6711,0.4946,0.7249,0.5453,0.5472,23082,23082,43035
218487,Orangeburg Calhoun Technical College,Orangeburg,SC,1,1,32,NA,NA,1539,0.7375,0.3369,5210,8354,15165,1915,6609,0.488,0.089,NA,NA,NA,10562,10562,35761
218520,Piedmont Technical College,Greenwood,SC,1,1,32,NA,NA,3977,0.7005,0.3991,4775,6923,21746,2103,6080,0.4107,0.2701,NA,NA,NA,15000,15000,35768
218539,Presbyterian College,Clinton,SC,3,2,32,0.6837,1118,852,0.5,0.0022,44910,44910,60242,16778,8263,0.9894,0.505,0.7955,0.5146,0.5636,26000,26000,60194
218645,University of South Carolina Aiken,Aiken,SC,3,1,21,0.7854,1120,2962,0.6087,0.1782,10760,21218,21540,5829,8537,0.6095,0.4341,0.6678,0.3985,0.3998,24275,24275,45603
218654,University of South Carolina Beaufort,Bluffton,SC,3,1,31,0.725,NA,2052,0.6706,0.1548,10730,21776,24353,5853,8392,0.5272,0.4862,0.6126,0.3399,0.3649,24000,24000,48088
218663,University of South Carolina-Columbia,Columbia,SC,3,1,12,0.6015,1297,29820,0.5923,0.0283,12688,35972,31638,13778,12414,0.7509,0.4112,0.922,0.7882,0.7828,21500,21500,62177
218672,University of South Carolina-Lancaster,Lancaster,SC,2,1,32,0.8344,NA,668,0.518,0.0842,7558,18238,18682,1531,7756,0.725,0.0975,NA,NA,NA,9616,9616,39426
218681,University of South Carolina-Salkehatchie,Allendale,SC,2,1,43,0.7599,NA,271,0.5424,0.2769,7558,18238,19297,2195,6880,0.4468,0.1248,NA,NA,NA,11000,11000,31360
218690,University of South Carolina-Sumter,Sumter,SC,2,1,13,0.7406,NA,716,0.5042,0.0621,7558,18238,17964,2068,7501,0.5,0.0969,NA,NA,NA,9250,9250,42437
218706,University of South Carolina-Union,Union,SC,2,1,32,0.6222,NA,270,0.4222,0.0366,7558,18238,19112,1802,7408,0.2973,0.0625,NA,NA,NA,11000,11000,33699
218724,Coastal Carolina University,Conway,SC,3,1,13,0.7527,1143,10377,0.5607,0.0348,11640,29628,26692,15364,9103,1,0.567,0.7743,0.4846,0.4967,23750,23750,47258
218733,South Carolina State University,Orangeburg,SC,3,1,32,0.8262,NA,2934,0.5457,0.046,11060,21750,30015,8433,8174,1,0.672,0.5646,0.3663,0.3272,31000,31000,38262
218742,University of South Carolina-Upstate,Spartanburg,SC,3,1,22,0.6726,1099,4038,0.6538,0.1742,11588,23090,25124,5381,8412,0.555,0.493,0.6985,0.4304,0.4275,22310,22310,48587
218751,Sherman College of Chiropractic,Boiling Springs,SC,4,2,22,NA,NA,NA,NA,NA,NA,NA,NA,30480,7778,0.8511,NA,NA,NA,NA,NA,NA,NA
218821,Spartanburg Methodist College,Spartanburg,SC,2,2,22,0.7816,NA,1116,0.5717,0.0622,20650,20650,32183,11962,5865,0.432,0.4593,NA,0.4292,0.4064,12000,12000,42895
218830,Spartanburg Community College,Spartanburg,SC,1,1,22,NA,NA,5006,0.638,0.33,5071,10135,11505,3178,6461,0.4005,0.0438,NA,NA,NA,6500,6500,37097
218858,Central Carolina Technical College,Sumter,SC,1,1,13,NA,NA,2163,0.6953,0.3818,5715,9016,13774,1183,5810,0.4551,0.0784,NA,NA,NA,9977,9977,32603
218885,Tri-County Technical College,Pendleton,SC,1,1,22,NA,NA,5071,0.5409,0.1647,4448,11815,25057,2959,6311,0.3907,0.1102,NA,NA,NA,9000,9000,40101
218894,Trident Technical College,Charleston,SC,2,1,12,NA,NA,10512,0.6476,0.3718,4546,8620,13408,2198,6683,0.4599,0.1325,NA,NA,NA,13029,13029,38253
218919,Voorhees University,Denmark,SC,3,2,43,NA,NA,440,0.475,0.1717,12630,12630,25574,16597,5492,0.3524,0.5599,0.5631,0.4295,0.4019,26700,26700,35339
218955,Williamsburg Technical College,Kingstree,SC,1,1,32,NA,NA,448,0.7567,0.3005,4488,8592,15806,477,5236,0.5333,0,NA,NA,NA,PS,PS,29935
218964,Winthrop University,Rock Hill,SC,3,1,13,0.7925,1139,3523,0.6432,0.0702,14678,28676,30710,7568,8923,0.6395,0.5432,0.7361,0.5698,0.5916,26975,26975,47185
218973,Wofford College,Spartanburg,SC,3,2,13,0.5194,1296,1816,0.5154,0.0032,56005,56005,72441,18153,9083,0.7708,0.4079,0.9098,0.842,0.8249,25732,25732,68964
218991,York Technical College,Rock Hill,SC,1,1,13,NA,NA,3816,0.5977,0.2805,8036,13340,15395,1046,6520,0.5021,0.0892,NA,NA,NA,7000,7000,37257
219000,Augustana University,Sioux Falls,SD,3,2,12,0.6775,1195,1965,0.6071,0.0273,40160,40160,55159,14383,6324,0.5993,0.5168,0.8612,0.7297,0.7433,25000,25000,59217
219037,The Salon Professional Academy,Rapid City,SD,1,3,13,NA,NA,80,1,0.2615,NA,NA,NA,11514,NA,NA,0.4615,NA,NA,NA,8500,8500,23641
219046,Black Hills State University,Spearfish,SD,3,1,32,0.9633,1087,1928,0.6649,0.1086,8764,11866,21277,6121,8430,0.6608,0.276,0.7165,0.4263,0.4048,26000,26000,46674
219082,Dakota State University,Madison,SD,3,1,32,0.8805,1215,2071,0.3573,0.1905,9654,12756,25753,7296,9954,0.7516,0.3397,0.7546,0.513,0.5033,23500,23500,50970
219091,Dakota Wesleyan University,Mitchell,SD,3,2,33,0.7338,NA,670,0.497,0.103,33790,33790,43864,13186,6962,0.5222,0.7275,0.7514,0.4832,0.4732,27000,27000,53728
219125,Paul Mitchell the School-Rapid City,Rapid City,SD,1,3,13,NA,NA,66,0.9242,0.4304,NA,NA,NA,10776,NA,NA,0.5231,NA,NA,NA,7917,7917,29547
219143,Lake Area Technical College,Watertown,SD,2,1,33,NA,NA,1812,0.4719,0.1193,6718,6718,19637,5609,7792,0.7943,0.5737,NA,NA,NA,12000,12000,45473
219189,Mitchell Technical College,Mitchell,SD,2,1,33,NA,NA,990,0.3141,0.121,7524,7524,16994,2161,7841,0.9012,0.424,NA,NA,NA,12000,12000,50743
219198,Mount Marty University,Yankton,SD,3,2,33,0.4257,1120,697,0.429,0.0967,34600,34600,48247,12576,7411,0.313,0.4106,0.6759,0.5238,0.5617,26396,26396,48179
219204,National American University-Rapid City,Rapid City,SD,3,3,13,NA,NA,764,0.4503,0.8457,16065,16065,34452,13577,5111,0.0147,0.5359,0.3333,0,0.1957,29020,29020,37325
219240,Kairos University,Sioux Falls,SD,3,2,12,0.8462,NA,82,0.4146,0.6944,3600,3600,NA,6462,6343,1,0,NA,NA,NA,PS,PS,NA
219259,Northern State University,Aberdeen,SD,3,1,33,0.93,1089,1273,0.5703,0.0703,8845,11947,22077,4809,8949,0.9453,0.2214,0.7698,0.4894,0.5054,22320,22320,47618
219277,Oglala Lakota College,Kyle,SD,2,1,43,NA,NA,1097,0.701,0.65,2684,2684,10494,3568,6957,0.6087,0,0.6207,0.0874,0.1005,PS,PS,22517
219347,South Dakota School of Mines and Technology,Rapid City,SD,3,1,13,0.7987,1245,2071,0.2115,0.0641,10500,14900,25385,8704,11245,0.8804,0.4037,0.8409,0.5295,0.5557,27000,27000,72257
219356,South Dakota State University,Brookings,SD,3,1,33,0.9834,1120,9198,0.5432,0.0616,9299,12809,24636,8874,10231,0.8065,0.4261,0.8381,0.6235,0.6097,23250,23250,55070
219374,Sinte Gleska University,Mission,SD,2,1,43,NA,NA,487,0.7536,0.7232,4714,4714,20714,1096,4795,1,0,1,0.1538,0.0625,PS,PS,20948
219383,University of Sioux Falls,Sioux Falls,SD,3,2,12,0.8289,NA,1218,0.6141,0.0878,21750,21750,34274,11508,7056,1,0.6701,0.745,0.6291,0.6177,23249,23249,54521
219392,Sanford Medical Center,Sioux Falls,SD,1,2,12,NA,NA,28,0.7857,0.0741,NA,NA,NA,1375,NA,NA,0,NA,NA,NA,PS,PS,NA
219408,Sisseton Wahpeton College,Sisseton,SD,2,1,43,NA,NA,194,0.634,0.5721,4330,4330,9998,1414,6422,0.5,0,NA,0.2059,0.1591,PS,PS,31546
219426,Southeast Technical College,Sioux Falls,SD,2,1,12,NA,NA,2310,0.5654,0.2482,7650,7650,20272,7421,7762,0.4038,0.5371,NA,NA,NA,12000,12000,46709
219453,Stewart School,Sioux Falls,SD,1,3,12,NA,NA,133,0.9925,0.1622,NA,NA,NA,7306,NA,NA,0.4444,NA,NA,NA,6864,6864,31843
219471,University of South Dakota,Vermillion,SD,3,1,32,0.9878,1125,5439,0.6448,0.0719,9432,12942,24422,8328,9264,0.6522,0.4038,0.7934,0.5991,0.6064,23592,23592,51926
219480,Western Dakota Technical College,Rapid City,SD,2,1,13,NA,NA,753,0.5525,0.2865,8294,8294,18845,7206,6826,0.5684,0.4145,NA,NA,NA,15000,15000,40240
219505,American Baptist College,Nashville,TN,3,2,11,NA,NA,46,0.413,0.75,13604,13604,27044,39966,NA,NA,0.6667,1,0.3889,0.3064,PS,PS,41216
219587,Arnolds Beauty School,Milan,TN,1,3,32,NA,NA,63,1,0.0952,NA,NA,NA,8267,NA,NA,0.2316,NA,NA,NA,PS,PS,27828
219596,TCAT Athens,Athens,TN,1,1,32,NA,NA,205,0.3512,0.4192,NA,NA,NA,855,NA,NA,0,NA,NA,NA,PS,PS,40540
219602,Austin Peay State University,Clarksville,TN,3,1,12,0.9641,1088,7560,0.5864,0.2385,9006,14766,22233,5974,9044,1,0.3405,0.6997,0.4024,0.4233,20547,20547,44301
219639,Baptist Health Sciences University,Memphis,TN,3,2,11,0.8202,1050,770,0.9221,0.3383,13796,13796,22227,20373,10403,1,0.6903,0.5263,0.398,0.4607,29500,29500,72529
219709,Belmont University,Nashville,TN,3,2,11,0.9528,1280,7137,0.649,0.0426,42540,42540,62570,25643,10550,0.6443,0.3428,0.8694,0.7066,0.7118,20500,20500,55930
219718,Bethel University,McKenzie,TN,3,2,32,0.6023,972,1547,0.4441,0.1872,18712,18712,31203,7366,3147,1,0.3821,0.5392,0.3505,0.3497,27249,27249,47482
219790,Bryan College-Dayton,Dayton,TN,3,2,32,NA,NA,814,0.4914,0.0758,19800,19800,31270,10111,5751,0.2979,0.3405,0.7105,0.4974,0.5272,23000,23000,54434
219806,Carson-Newman University,Jefferson City,TN,3,2,23,0.9045,1117,1387,0.5076,0.0479,34700,34700,49024,10994,6387,0.5203,0.4554,0.7417,0.5324,0.5017,21500,21500,48382
219824,Chattanooga State Community College,Chattanooga,TN,2,1,12,NA,NA,5284,0.6429,0.2357,4772,17756,13348,2118,6519,0.4826,0.1297,NA,NA,NA,10419,10419,37598
219833,Christian Brothers University,Memphis,TN,3,2,11,0.867,1098,905,0.5359,0.0889,38420,38420,48038,12801,8036,1,0.2907,0.7487,0.5471,0.5534,27000,27000,57478
219842,Pentecostal Theological Seminary,Cleveland,TN,1,2,13,NA,NA,0,0,NA,NA,NA,NA,8550,6538,0.7308,0,NA,NA,NA,PS,PS,NA
219851,Austin's Beauty College Inc,Clarksville,TN,1,3,12,NA,NA,101,0.9802,0.4082,NA,NA,NA,15705,NA,NA,0.4853,NA,NA,NA,7917,7917,NA
219879,Cleveland State Community College,Cleveland,TN,2,1,13,NA,NA,1975,0.5595,0.1672,4762,17746,14834,1216,7052,0.3793,0.0591,NA,NA,NA,7954,7954,36671
219888,Columbia State Community College,Columbia,TN,2,1,31,NA,NA,3897,0.6282,0.165,5296,18112,13179,2033,6556,1,0.0518,NA,NA,NA,8500,8500,40256
219903,Concorde Career College-Memphis,Memphis,TN,1,3,11,0.9506,NA,517,0.9342,0.4357,NA,NA,NA,19712,5513,0.7054,0.7961,NA,NA,NA,9500,9500,31599
219949,Cumberland University,Lebanon,TN,3,2,31,0.6733,NA,2104,0.5594,0.0539,27840,27840,43358,8672,6114,0.3313,0.1912,0.5947,0.4559,0.4626,17952,17952,57687
219976,Lipscomb University,Nashville,TN,3,2,11,0.6773,1256,2997,0.6069,0.0795,40572,40572,55117,19384,8832,0.4975,0.2942,0.8357,0.7216,0.7046,19500,19500,55541
219994,Tennessee College of Applied Technology-Dickson,Dickson,TN,1,1,41,NA,NA,714,0.3599,0.1619,NA,NA,NA,2101,NA,NA,0,NA,NA,NA,PS,PS,36829
220057,Dyersburg State Community College,Dyersburg,TN,2,1,33,NA,NA,2103,0.6938,0.2625,4758,17742,14329,1198,7114,0.2836,0.0678,NA,NA,NA,6900,6900,36132
220075,East Tennessee State University,Johnson City,TN,3,1,13,0.8619,1144,10004,0.6049,0.1385,10472,14522,27042,8854,8574,0.6769,0.3367,0.7572,0.5321,0.5152,19442,19442,44859
220118,Chattanooga College Medical Dental and & Technical Careers,Chattanooga,TN,1,3,12,NA,NA,252,0.9405,0.672,12709,12709,37746,14819,5129,0.6667,0.8632,0.3143,0.12,PS,7891,7891,25954
220127,Tennessee College of Applied Technology-Elizabethton,Elizabethton,TN,1,1,22,NA,NA,546,0.4414,0.1446,NA,NA,NA,2007,NA,NA,0,NA,NA,NA,PS,PS,35069
220163,The Hair Academy LLC,Fayetteville,TN,1,3,32,NA,NA,82,0.9756,0.2911,NA,NA,NA,9802,NA,NA,0.5932,NA,NA,NA,7917,7917,22193
220181,Fisk University,Nashville,TN,3,2,11,0.3742,1200,1035,0.6309,0.0347,25858,25858,39450,10096,6116,0.5238,0.5284,0.7381,0.2993,0.3481,27000,27000,45454
220206,Welch College,Gallatin,TN,3,2,21,NA,NA,226,0.4779,0.1732,21400,21400,37072,8633,4449,0.5,0.5307,0.6122,0.5342,0.5734,19500,19500,42198
220215,Freed-Hardeman University,Henderson,TN,3,2,32,0.5968,1109,1212,0.5264,0.017,25620,25620,38315,9850,7300,1,0.3447,0.8587,0.7078,0.6956,21500,21500,47485
220251,Tennessee College of Applied Technology-Harriman,Harriman,TN,1,1,41,NA,NA,246,0.435,0.0848,NA,NA,NA,2508,NA,NA,0,NA,NA,NA,PS,PS,31591
220279,Tennessee College of Applied Technology-Hartsville,Hartsville,TN,1,1,42,NA,NA,247,0.2996,0.0728,NA,NA,NA,2927,NA,NA,0,NA,NA,NA,PS,PS,40469
220321,Tennessee College of Applied Technology-Hohenwald,Hohenwald,TN,1,1,43,NA,NA,346,0.5029,0.0485,NA,NA,NA,2400,NA,NA,0,NA,NA,NA,PS,PS,36106
220394,Tennessee College of Applied Technology-Jacksboro,Jacksboro,TN,1,1,32,NA,NA,231,0.4069,0.1327,NA,NA,NA,1371,NA,NA,0,NA,NA,NA,PS,PS,36449
220400,Jackson State Community College,Jackson,TN,2,1,13,NA,NA,2511,0.6945,0.2287,4740,17724,15183,1367,7039,0.3396,0,NA,NA,NA,PS,PS,35224
220464,John A Gupton College,Nashville,TN,2,2,11,1,1020,166,0.7048,0.625,12223,12223,28125,13449,7160,NA,0.3563,NA,NA,NA,12610,PS,46902
220473,Johnson University,Knoxville,TN,3,2,41,0.6511,1078,743,0.498,0.1158,21122,21122,34244,13896,6075,1,0.5523,0.6941,0.5677,0.594,21500,21500,40596
220491,Paul Mitchell the School-Murfreesboro,Murfreesboro,TN,1,3,12,NA,NA,201,0.9801,0.342,NA,NA,NA,12530,NA,NA,0.4696,NA,NA,NA,7917,7917,30461
220516,King University,Bristol,TN,3,2,13,0.9972,NA,908,0.5859,0.2742,36194,36194,49004,11125,5235,0.5905,0.552,0.6012,0.4787,0.4714,22750,22750,59831
220552,South College,Knoxville,TN,2,3,12,NA,NA,8745,0.8959,0.6133,18535,18535,30954,15748,8750,0.3353,0.6247,0.5217,0.4211,0.4026,18668,18668,36642
220598,Lane College,Jackson,TN,3,2,13,NA,NA,736,0.4484,0.0864,11790,11790,23441,7436,5344,1,0.6679,0.4426,0.1839,0.1765,30500,30500,31670
220604,Le Moyne-Owen College,Memphis,TN,3,2,11,0.9923,NA,581,0.6213,0.2105,12076,12076,19001,9353,5132,0.4731,0.5387,0.4724,0.2703,0.258,28070,28070,35594
220613,Lee University,Cleveland,TN,3,2,13,0.7052,1145,2617,0.6091,0.1798,23790,23790,35688,14207,7655,0.8404,0.4196,0.8227,0.6259,0.6162,25750,25750,43222
220631,Lincoln Memorial University,Harrogate,TN,3,2,32,0.6259,1092,1572,0.7048,0.1659,26938,26938,41530,35950,7938,0.5871,0.4953,0.7167,0.4966,0.5184,20000,20000,49956
220640,Tennessee College of Applied Technology-Livingston,Livingston,TN,1,1,43,NA,NA,340,0.4235,0.0805,NA,NA,NA,2513,NA,NA,0,NA,NA,NA,PS,PS,33497
220701,The University of Tennessee Southern,Pulaski,TN,3,1,32,0.8671,1083,864,0.6053,0.0941,10924,10924,24750,3188,6695,1,0.2685,0.7717,0.369,0.3631,21500,21500,38924
220710,Maryville College,Maryville,TN,3,2,21,0.6092,NA,1005,0.5403,0.0359,39284,39284,54622,14265,6851,1,0.5797,0.7129,0.5,0.4854,25375,25375,49279
220765,Genesis Career College-Cookeville,Cookeville,TN,1,3,33,NA,NA,300,0.7833,0.4498,NA,NA,NA,8399,NA,NA,0.8033,NA,NA,NA,6343,6343,22652
220792,Meharry Medical College,Nashville,TN,4,2,11,NA,NA,NA,NA,NA,NA,NA,NA,49592,NA,NA,NA,NA,NA,NA,PS,PS,NA
220853,Tennessee College of Applied Technology-Memphis,Memphis,TN,1,1,11,NA,NA,1391,0.2739,0.2602,NA,NA,NA,1391,NA,NA,0,NA,NA,NA,PS,PS,31192
220862,University of Memphis,Memphis,TN,3,1,11,0.7203,1088,12701,0.5992,0.1789,10728,15384,25169,7903,9632,0.7276,0.3789,0.7738,0.5089,0.5013,23300,23300,48458
220871,Memphis Theological Seminary,Memphis,TN,4,2,11,NA,NA,NA,NA,NA,NA,NA,NA,13697,5321,0.875,NA,NA,NA,NA,PS,PS,NA
220978,Middle Tennessee State University,Murfreesboro,TN,3,1,12,0.6909,1121,16301,0.5186,0.1376,10266,31574,24289,7560,9739,0.8114,0.28,0.7952,0.537,0.5385,20000,20000,48541
220996,Middle Tennessee School of Anesthesia Inc,Madison,TN,4,2,11,NA,NA,NA,NA,NA,NA,NA,NA,23227,21023,0.5238,NA,NA,NA,NA,NA,NA,NA
221050,Tennessee College of Applied Technology-Morristown,Morristown,TN,1,1,13,NA,NA,642,0.2523,0.2101,NA,NA,NA,1560,NA,NA,0,NA,NA,NA,PS,PS,38837
221096,Motlow State Community College,Tullahoma,TN,2,1,41,NA,NA,3962,0.6227,0.1706,4738,17722,24326,2166,7390,0.4542,0,NA,NA,NA,PS,PS,40397
221102,Tennessee College of Applied Technology-Murfreesboro,Murfreesboro,TN,1,1,12,NA,NA,709,0.268,0.3,NA,NA,NA,2729,NA,NA,0,NA,NA,NA,PS,PS,40869
221148,Nashville Auto-Diesel College,Nashville,TN,1,3,11,NA,NA,967,0.0879,0.2034,NA,NA,NA,15403,7358,0.9714,0.653,NA,NA,NA,11730,11730,46396
221184,Nashville State Community College,Nashville,TN,2,1,11,NA,NA,5653,0.6466,0.3459,4730,17714,14385,1958,6921,0.3379,0.0583,NA,NA,NA,9595,9595,38519
221236,Tennessee College of Applied Technology Northwest,Newbern,TN,1,1,42,NA,NA,717,0.3877,0.1212,NA,NA,NA,2718,NA,NA,0,NA,NA,NA,PS,PS,38514
221281,Tennessee College of Applied Technology-Henry/Carroll,Paris,TN,1,1,33,NA,NA,180,0.5,0.2554,NA,NA,NA,1339,NA,NA,0,NA,NA,NA,PS,PS,29074
221333,Tennessee College of Applied Technology-Pulaski,Pulaski,TN,1,1,32,NA,NA,246,0.3455,0.1064,NA,NA,NA,2387,NA,NA,0,NA,NA,NA,PS,PS,40368
221351,Rhodes College,Memphis,TN,3,2,11,0.5035,1362,1836,0.5882,0.0176,57110,57110,71136,18534,9481,0.8502,0.5074,0.9232,0.8453,0.8313,21761,21761,66651
221397,Roane State Community College,Harriman,TN,2,1,32,NA,NA,3250,0.6732,0.2082,4998,18630,13397,2523,7139,0.3903,0.0356,NA,NA,NA,8454,8454,39407
221430,Tennessee College of Applied Technology Crump,Crump,TN,1,1,42,NA,NA,388,0.3325,0.0687,NA,NA,NA,2306,NA,NA,0,NA,NA,NA,PS,PS,30796
221485,Southwest Tennessee Community College,Memphis,TN,2,1,11,NA,NA,5047,0.6836,0.2947,4778,17750,12999,2176,6874,0.4615,0,NA,NA,NA,PS,PS,34071
221494,Tennessee College of Applied Technology-Shelbyville,Shelbyville,TN,1,1,32,NA,NA,412,0.1966,0.1985,NA,NA,NA,1994,NA,NA,0,NA,NA,NA,PS,PS,38700
221519,The University of the South,Sewanee,TN,3,2,42,0.569,1344,1607,0.5308,0.0019,56120,56120,71986,23772,10158,0.887,0.3356,0.8886,0.7979,0.8104,22855,22855,64911
221582,Tennessee College of Applied Technology-Oneida-Huntsville,Huntsville,TN,1,1,43,NA,NA,171,0.345,0.1126,NA,NA,NA,3774,NA,NA,0,NA,NA,NA,PS,PS,31949
221591,Tennessee College of Applied Technology-Upper Cumberland,Crossville,TN,1,1,33,NA,NA,360,0.3667,0.1516,NA,NA,NA,1924,NA,NA,0,NA,NA,NA,PS,PS,35551
221607,Tennessee College of Applied Technology-McMinnville,McMinnville,TN,1,1,32,NA,NA,302,0.394,0.1128,NA,NA,NA,2239,NA,NA,0,NA,NA,NA,PS,PS,40322
221616,Tennessee College of Applied Technology-Jackson,Jackson,TN,1,1,41,NA,NA,563,0.3126,0.0791,NA,NA,NA,2272,NA,NA,0,NA,NA,NA,PS,PS,38383
221625,Tennessee College of Applied Technology-Knoxville,Knoxville,TN,1,1,12,NA,NA,887,0.4014,0.1824,NA,NA,NA,1908,NA,NA,0,NA,NA,NA,PS,PS,37235
221643,Pellissippi State Community College,Knoxville,TN,2,1,21,NA,NA,6715,0.5105,0.1907,4786,17770,13431,1578,7673,0.4291,0.0265,NA,NA,NA,8725,8725,38440
221661,Southern Adventist University,Collegedale,TN,3,2,21,0.655,1129,2773,0.5398,0.0672,27300,27300,38618,16117,6732,1,0.4199,0.8281,0.4939,0.5048,24500,24500,53723
221670,Southern College of Optometry,Memphis,TN,4,2,11,NA,NA,NA,NA,NA,NA,NA,NA,33978,11319,0.8182,NA,NA,NA,NA,PS,PS,NA
221731,Tennessee Wesleyan University,Athens,TN,3,2,32,0.6885,1090,846,0.6383,0.1307,30814,30814,39440,12726,5870,1,0.5216,0.7202,0.4759,0.4553,20000,20000,45989
221740,The University of Tennessee-Chattanooga,Chattanooga,TN,3,1,12,0.8109,1147,10074,0.5825,0.0913,10448,18512,25489,6691,10181,0.7035,0.3713,0.7252,0.5024,0.5163,19500,19500,51151
221759,The University of Tennessee-Knoxville,Knoxville,TN,3,1,12,0.416,1311,30418,0.5346,0.04,13812,33256,33678,14224,12968,0.8341,0.2889,0.919,0.7392,0.7372,20500,20500,60249
221768,The University of Tennessee-Martin,Martin,TN,3,1,33,0.882,1120,4866,0.6165,0.0938,10560,16600,23079,4482,8367,0.6808,0.3073,0.7696,0.5254,0.5364,21024,21024,44213
221829,Tennessee School of Beauty of Knoxville Inc,Knoxville,TN,1,3,12,NA,NA,323,0.9814,0.1958,NA,NA,NA,11622,NA,NA,0.302,NA,NA,NA,6803,6803,19913
221838,Tennessee State University,Nashville,TN,3,1,11,0.7011,1000,4848,0.6545,0.0752,8616,22416,25637,5396,8732,0.7725,0.4631,0.335,0.3399,0.3346,27000,27000,42730
221847,Tennessee Technological University,Cookeville,TN,3,1,33,0.7613,1151,8698,0.4469,0.0695,11376,15576,25663,6047,9427,0.7601,0.3348,0.7816,0.5767,0.5601,15650,15650,48501
221892,Trevecca Nazarene University,Nashville,TN,3,2,11,0.6944,1091,1737,0.6149,0.1786,31300,31300,41548,14002,7392,0.9404,0.3931,0.736,0.5315,0.5402,18744,18744,49378
221908,Northeast State Community College,Blountville,TN,2,1,41,NA,NA,4404,0.5277,0.2861,4782,17766,15793,1430,6830,0.4945,0,NA,NA,NA,6827,PS,34553
221953,Tusculum University,Greeneville,TN,3,2,32,0.7217,NA,785,0.4484,0.1262,29250,29250,43776,10859,5085,0.6024,0.5314,0.6286,0.2545,0.2824,23250,23250,44367
221971,Union University,Jackson,TN,3,2,13,0.6041,1256,1607,0.6254,0.1835,40025,40025,58363,17020,8181,0.9892,0.4241,0.89,0.6596,0.683,20714,20714,53990
221999,Vanderbilt University,Nashville,TN,3,2,11,0.0586,1549,7208,0.5248,0.0021,67498,67498,89590,31931,16361,0.8473,0.0956,0.9634,0.9354,0.9311,14000,14000,91565
222053,Volunteer State Community College,Gallatin,TN,2,1,21,NA,NA,5339,0.6278,0.2466,4756,17740,16401,1630,7754,0.4371,0.0503,NA,NA,NA,7550,7550,41150
222062,Walters State Community College,Morristown,TN,2,1,13,NA,NA,3591,0.6491,0.1596,4752,17736,14313,2011,7127,0.4645,0,NA,NA,NA,PS,PS,37085
222105,William R Moore College of Technology,Memphis,TN,1,2,11,NA,NA,366,0.0492,0.269,9723,9723,21985,4199,5354,0.7931,0,NA,NA,NA,PS,PS,32194
222178,Abilene Christian University,Abilene,TX,3,2,12,0.6603,1194,3195,0.5959,0.0204,44200,44200,59256,17294,8928,0.6513,0.399,0.8051,0.5901,0.5962,24250,24250,55736
222567,Alvin Community College,Alvin,TX,2,1,21,NA,NA,3342,0.5835,0.2372,1906,4402,16962,2082,7473,0.4784,0.0448,NA,0.2397,0.2397,4519,4519,45762
222576,Amarillo College,Amarillo,TX,2,1,12,NA,NA,7399,0.6559,0.2779,2136,4704,10854,2279,6155,1,0.1245,NA,NA,NA,15000,15000,41302
222628,Amberton University,Garland,TX,3,2,21,NA,NA,114,0.6754,0.8829,NA,NA,NA,8100,7078,0.3182,0.1351,NA,NA,NA,PS,PS,NA
222822,Angelina College,Lufkin,TX,1,1,33,NA,NA,2370,0.6827,0.1992,3430,6490,14848,1295,6727,1,0,NA,NA,NA,PS,PS,37301
222831,Angelo State University,San Angelo,TX,3,1,13,0.8301,1054,5643,0.5634,0.0746,8460,18300,23441,5960,8211,0.8127,0.234,0.6864,0.4397,0.4233,20000,20000,50116
222877,Arlington Baptist University,Arlington,TX,3,2,11,NA,NA,284,0.3169,0.0448,20830,20830,33424,12703,4195,0.2188,0.6836,0.4124,0.1944,0.1379,27000,27000,44644
222886,Arlington Career Institute,Arlington,TX,1,3,11,NA,NA,562,0.9342,0.8087,NA,NA,NA,13103,NA,NA,0.3787,NA,NA,NA,8347,8347,36674
222983,Austin College,Sherman,TX,3,2,13,0.4765,1212,1165,0.5133,0.0115,48680,48680,61607,14082,8628,0.8714,0.5,0.7939,0.6705,0.6811,24500,24500,61296
222992,Austin Community College District,Austin,TX,2,1,11,NA,NA,30189,0.5746,0.3115,2550,10590,15190,2716,8962,0.4047,0.1304,NA,0.202,0.1913,10499,10499,43177
223001,Austin Presbyterian Theological Seminary,Austin,TX,4,2,11,NA,NA,NA,NA,NA,NA,NA,NA,1759,10959,1,NA,NA,NA,NA,PS,PS,NA
223056,Baldwin Beauty School-South Austin,Austin,TX,1,3,11,NA,NA,31,0.9355,0.3043,NA,NA,NA,7533,NA,NA,0.5541,NA,NA,NA,6980,6980,24801
223083,Baptist Health System School of Health Professions,San Antonio,TX,2,3,11,1,NA,575,0.833,0.7176,13760,13760,NA,15687,7640,0.5789,0.7576,NA,NA,NA,18592,18592,74220
223117,Baptist Missionary Association Theological Seminary,Jacksonville,TX,3,2,32,0.2857,NA,39,0.1282,0.9423,10050,10050,NA,11117,4717,NA,0.0385,NA,NA,NA,PS,PS,NA
223223,Baylor College of Medicine,Houston,TX,4,2,11,NA,NA,NA,NA,NA,NA,NA,NA,13619,14645,0.9055,NA,NA,NA,NA,PS,PS,NA
223232,Baylor University,Waco,TX,3,2,12,0.5128,1329,14785,0.5927,0.0207,58100,58100,74226,29003,11998,0.6726,0.3124,0.9095,0.7999,0.8007,23000,23000,65793
223320,Coastal Bend College,Beeville,TX,2,1,33,NA,NA,1958,0.7155,0.1448,2916,5226,12875,169,5808,0.2857,0.0554,NA,NA,NA,PS,PS,35086
223427,Blinn College District,Brenham,TX,2,1,32,NA,NA,15535,0.5029,0.0737,4890,11370,15252,5123,7074,0.5968,0.1834,NA,NA,NA,11500,11500,46318
223463,Remington College-Dallas Campus,Dallas,TX,1,2,11,NA,NA,250,0.624,0.5817,15025,15025,35534,8809,4609,NA,0.4423,NA,NA,NA,13271,13271,31349
223472,Vet Tech Institute of Houston,Houston,TX,2,3,11,0.8095,NA,200,0.895,0.2211,16324,16324,19973,12983,6170,0.6667,0.7316,NA,NA,NA,12000,12000,35765
223506,Brazosport College,Lake Jackson,TX,1,1,23,NA,NA,2622,0.5454,0.2734,2388,4711,12167,3400,7974,0.9596,0.012,NA,0.562,0.4678,5641,PS,45910
223816,Central Texas College,Killeen,TX,2,1,21,NA,NA,6247,0.5841,0.4061,3750,7500,13822,4400,6654,1,0.4185,NA,NA,NA,6750,6750,40995
223852,Charles and Sues School of Hair Design,Bryan,TX,1,3,13,NA,NA,69,0.9855,0.1552,NA,NA,NA,16458,NA,NA,0.6214,NA,NA,NA,9500,9500,27724
223898,Cisco College,Cisco,TX,1,1,43,NA,NA,1620,0.6327,0.1686,4710,7140,17469,2664,5165,0.4948,0.0643,NA,NA,NA,9500,9500,39092
223922,Clarendon College,Clarendon,TX,2,1,43,NA,NA,1520,0.575,0.2068,3720,5400,14589,2698,4756,0.3033,0.1175,NA,NA,NA,11000,11000,38696
224004,Concordia University Texas,Austin,TX,3,2,11,0.9125,NA,1185,0.6439,0.317,23500,23500,53020,19514,6271,1,0.4982,0.583,0.446,0.423,21852,21852,60883
224013,BK Cosmo College of Cosmetology,Kerrville,TX,1,3,33,NA,NA,55,0.9818,0.359,NA,NA,NA,9702,NA,NA,0.5833,NA,NA,NA,PS,PS,20270
224110,North Central Texas College,Gainesville,TX,2,1,32,NA,NA,5863,0.5806,0.2224,3600,5739,10200,3980,6920,1,0.2032,NA,NA,NA,11250,11250,45809
224147,Texas A & M University-Corpus Christi,Corpus Christi,TX,3,1,11,0.8858,1086,8034,0.6042,0.1336,9748,20794,25210,8862,9497,0.7653,0.417,0.5843,0.4015,0.3668,23000,23000,51865
224156,Paul Mitchell the School-Dallas,Carrollton,TX,1,3,21,NA,NA,328,0.9634,0.3851,NA,NA,NA,10748,NA,NA,0.4653,NA,NA,NA,8505,8505,28693
224226,Dallas Baptist University,Dallas,TX,3,2,11,0.8884,1120,2403,0.5859,0.1232,40190,40190,52716,20751,8487,1,0.3189,0.6437,0.5701,0.5871,21591,21591,56807
224244,Dallas Christian College,Dallas,TX,3,2,21,0.218,931,224,0.375,0.2122,21730,21730,34502,12649,5606,0.4545,0.5647,0.4091,0.2857,0.2631,24912,24912,43503
224271,Dallas Institute of Funeral Service,Dallas,TX,2,2,11,NA,NA,454,0.8172,0.6729,17640,17640,27708,10971,5185,0.3571,0.4607,NA,NA,NA,12820,12820,45866
224305,Dallas Theological Seminary,Dallas,TX,4,2,11,NA,NA,NA,NA,NA,NA,NA,NA,8382,9457,0.9487,NA,NA,NA,NA,PS,PS,NA
224323,University of Dallas,Irving,TX,3,2,11,0.5344,1227,1403,0.5317,0.0182,53930,53930,68583,18103,8867,0.5953,0.4373,0.7723,0.7307,0.704,23117,23117,58285
224350,Del Mar College,Corpus Christi,TX,2,1,11,NA,NA,9501,0.5655,0.2758,3440,6050,12895,2241,8068,1,0.0489,NA,0.1109,0.1194,5500,5500,38656
224527,East Texas Baptist University,Marshall,TX,3,2,32,0.5776,NA,1352,0.5222,0.0747,30680,30680,44211,12107,7437,1,0.5081,0.7084,0.4712,0.4755,23250,23250,52788
224545,Texas A&M University-Texarkana,Texarkana,TX,3,1,13,0.6354,NA,1982,0.6054,0.2966,8349,45080,23778,8002,8835,0.623,0.4535,0.6371,0.2957,0.3039,18953,18953,45515
224554,East Texas A&M University,Commerce,TX,3,1,32,0.9224,1076,9912,0.5964,0.3233,10026,22326,23438,7597,8866,0.4475,0.3522,0.5723,0.4281,0.4435,20500,20500,50296
224615,Dallas College,Dallas,TX,2,1,11,NA,NA,43869,0.5989,0.2226,2730,6900,9704,1330,9350,0.3426,0.0555,0.6667,0.3232,0.34,9500,9500,41714
224642,El Paso Community College,El Paso,TX,2,1,11,NA,NA,24214,0.5722,0.1617,4080,6630,13337,1466,6687,0.4887,0.0162,NA,NA,NA,6566,6566,35212
224660,Western Technical College,El Paso,TX,2,3,11,NA,NA,600,0.4633,0.7431,NA,NA,NA,11002,5160,0.5556,0.2298,0.8889,0.7163,0.6933,17277,17277,36156
224679,Western Technical College,El Paso,TX,1,3,11,NA,NA,1206,0.1468,0.5087,NA,NA,NA,7513,4426,0.84,0.2681,0.8462,0.7194,0.7162,17277,17277,36156
224712,Episcopal Theological Seminary of the Southwest,Austin,TX,4,2,11,NA,NA,NA,NA,NA,NA,NA,NA,10927,8511,0.7037,NA,NA,NA,NA,NA,NA,NA
224891,Frank Phillips College,Borger,TX,1,1,32,NA,NA,623,0.5891,0.0807,3712,4882,12877,2309,5312,0.3964,0.0418,NA,NA,NA,9500,9500,37179
224961,Galveston College,Galveston,TX,1,1,13,NA,NA,1528,0.6865,0.294,2726,6176,15338,1653,7614,0.5243,0.0878,NA,0.327,0.3254,10311,10311,37233
225043,Graham's Barber College,DALLAS,TX,1,3,11,NA,NA,8,0.25,0.375,NA,NA,NA,6980,NA,NA,0,NA,NA,NA,NA,NA,NA
225070,Grayson College,Denison,TX,1,1,41,NA,NA,3075,0.6237,0.2395,3052,6352,14866,2381,8078,0.601,0.0888,0.6667,0.3994,0.2729,12250,12250,40873
225201,Hallmark University,San Antonio,TX,3,2,11,0.5134,NA,769,0.3485,0.6905,NA,NA,NA,16727,6897,0.3723,0.6002,0.7407,0.6633,0.6725,25438,25438,40183
225247,Hardin-Simmons University,Abilene,TX,3,2,12,0.9,1108,1283,0.4957,0.0561,32960,32960,45904,13362,8035,0.6369,0.8215,0.6487,0.4604,0.4775,24711,24711,54771
225308,Trinity Valley Community College,Athens,TX,2,1,32,NA,NA,5655,0.5848,0.1945,2640,5970,14467,1616,6941,0.6995,0.123,NA,0.2721,0.2565,10426,10426,38567
225371,Hill College,Hillsboro,TX,2,1,32,NA,NA,2253,0.6103,0.1728,3570,3570,13417,1606,6890,0.3004,0.1683,NA,NA,NA,10000,10000,39572
225399,Houston Christian University,Houston,TX,3,2,11,0.8444,1084,2886,0.5908,0.145,39430,39430,50082,13013,8257,0.3507,0.5852,0.6933,0.4912,0.4946,22642,22642,55933
225414,University of Houston-Clear Lake,Houston,TX,3,1,12,0.9052,1060,6078,0.6104,0.388,7770,21114,24622,8128,10108,0.5866,0.2798,0.7444,0.5163,0.5125,17831,17831,59004
225423,Houston City College,Houston,TX,2,1,11,NA,NA,40503,0.5855,0.3316,2040,5460,12009,2505,8308,0.3557,0.1462,NA,0.1653,0.1675,13921,13921,39254
225432,University of Houston-Downtown,Houston,TX,3,1,11,0.8996,1029,12555,0.6213,0.4188,7708,17548,20749,6936,9421,0.5444,0.2985,0.6709,0.332,0.3346,18750,18750,53551
225502,Texas A&M University-Victoria,Victoria,TX,3,1,13,0.959,NA,2513,0.6176,0.4666,7149,16989,21401,7508,9358,0.5,0.3781,0.651,0.2638,0.2645,18973,18973,54467
225511,University of Houston,Houston,TX,3,1,11,0.7392,1250,38380,0.5205,0.1156,9717,22547,26185,10810,13242,0.7984,0.3168,0.8699,0.6456,0.6474,18194,18194,62377
225520,Howard College,Big Spring,TX,2,1,33,NA,NA,1611,0.7238,0.1499,2766,6716,13858,1699,5756,1,0.087,NA,NA,NA,9500,9500,38382
225548,Howard Payne University,Brownwood,TX,3,2,33,0.6737,1026,713,0.4811,0.0938,34982,34982,46766,12959,6842,1,0.6927,0.5174,0.2798,0.2955,26793,26793,48376
225575,Huston-Tillotson University,Austin,TX,3,2,11,0.3909,1014,1005,0.5403,0.2704,26709,26709,25384,19129,6364,0.3507,0.6918,0.5819,0.3394,0.3491,30750,30750,42937
225627,University of the Incarnate Word,San Antonio,TX,3,2,11,0.9814,NA,4440,0.643,0.2063,37090,37090,48681,21137,9001,0.4582,0.4856,0.7129,0.5098,0.514,27000,27000,56733
225876,Jacksonville College-Main Campus,Jacksonville,TX,2,2,32,NA,NA,157,0.3885,0.0413,8850,8850,19359,6183,3362,0.1613,0,NA,NA,NA,PS,PS,38885
225885,Jarvis Christian University,Hawkins,TX,3,2,42,NA,NA,577,0.5303,0.1589,11720,11720,25185,8346,7267,0.319,0.5233,0.4765,0.1519,0.1514,27000,27000,32992
225991,KD Conservatory College of Film and Dramatic Arts,Dallas,TX,2,3,11,0.6818,NA,70,0.4,0.2874,20521,20521,29037,11219,NA,NA,0.3617,NA,NA,NA,12750,12750,30187
226019,Kilgore College,Kilgore,TX,2,1,31,NA,NA,3215,0.6174,0.1658,2160,5256,14080,2607,5905,0.3261,0.1223,NA,NA,NA,14967,14967,37975
226091,Lamar University,Beaumont,TX,3,1,12,0.8641,1061,8150,0.594,0.3222,8905,18745,22254,7948,9286,0.7723,0.418,0.6187,0.3732,0.3725,21250,21250,49652
226107,Lamar State College-Orange,Orange,TX,1,1,31,NA,NA,1391,0.7017,0.2119,3540,17280,7264,1768,6129,0.4183,0.1034,NA,NA,NA,10959,10959,36587
226116,Lamar State College-Port Arthur,Port Arthur,TX,1,1,13,NA,NA,1508,0.6306,0.1454,1770,8070,10754,878,5460,0.5902,0.0721,NA,NA,NA,13250,13250,37120
226134,Laredo College,Laredo,TX,2,1,11,NA,NA,5818,0.5853,0.12,3300,5748,11469,345,7525,0.6014,0,NA,0.3045,0.3049,2959,PS,33934
226152,Texas A & M International University,Laredo,TX,3,1,11,0.4437,993,6667,0.5964,0.1298,7894,19454,15558,4752,9203,0.5546,0.26,0.7783,0.4647,0.476,15000,15000,48386
226204,Lee College,Baytown,TX,1,1,13,NA,NA,5116,0.4419,0.2892,2520,5190,12107,1257,8145,0.412,0.0492,NA,NA,NA,7500,7500,42178
226231,LeTourneau University,Longview,TX,3,2,13,0.3801,1208,1468,0.3713,0.0722,37160,37160,51124,15638,6550,0.3534,0.2395,0.8078,0.5858,0.598,26000,26000,57103
226277,Lincoln College of Technology-Grand Prairie,Grand Prairie,TX,1,3,21,NA,NA,1539,0.0812,0.2902,NA,NA,NA,14701,5312,0.9231,0.6791,NA,NA,NA,11730,11730,46396
226383,Lubbock Christian University,Lubbock,TX,3,2,11,0.731,1100,1252,0.5966,0.0955,28540,28540,41944,14667,6790,0.5057,0.6894,0.7032,0.5136,0.5,20948,20948,53787
226408,College of the Mainland,Texas City,TX,2,1,13,NA,NA,3368,0.6485,0.2221,2310,4140,8357,2352,7492,0.981,0.0274,NA,0.3118,0.298,5960,5960,39639
226471,University of Mary Hardin-Baylor,Belton,TX,3,2,22,0.9576,1099,2759,0.6176,0.0903,32020,32020,46874,20866,8752,0.4828,0.6071,0.6242,0.4931,0.512,26000,26000,56132
226578,McLennan Community College,Waco,TX,2,1,12,NA,NA,5668,0.6971,0.2507,3660,5910,12920,2465,8839,0.5063,0.2024,NA,NA,NA,10500,10500,39163
226587,McMurry University,Abilene,TX,3,2,12,0.5704,1043,1176,0.5077,0.0708,32340,32340,43778,10527,7497,1,0.2944,0.6352,0.4429,0.4129,27000,27000,48779
226675,Covenant School of Nursing and Allied Health,Lubbock,TX,1,2,11,NA,NA,360,0.8361,0.4024,NA,NA,NA,8318,NA,NA,0.5549,NA,NA,NA,12969,12969,78724
226806,Midland College,Midland,TX,1,1,12,NA,NA,5542,0.5976,0.2219,3180,6180,12707,2566,7546,0.4945,0.0213,NA,0.2315,0.198,10670,10670,43958
226833,Midwestern State University,Wichita Falls,TX,3,1,12,0.9352,NA,4087,0.6354,0.2166,10580,12530,22652,7084,8183,0.7318,0.3976,0.6393,0.4274,0.4204,21030,21030,55747
226860,William Edge Institute,New Braunfels,TX,1,3,12,NA,NA,73,1,0.2,NA,NA,NA,11777,NA,NA,0,NA,NA,NA,PS,PS,23040
226879,Wade College,Dallas,TX,2,3,11,NA,NA,252,0.7817,0.4829,17692,17692,25506,14668,6500,0.4,0.7931,1,0.5417,0.5143,22938,22938,36657
226903,Southern Careers Institute-Austin,Austin,TX,1,3,11,NA,NA,746,0.6649,0.7071,NA,NA,NA,12016,4162,0.6,0.5568,NA,NA,NA,8708,8708,27035
227058,Tint School of Makeup & Cosmetology,Irving,TX,1,3,11,NA,NA,44,0.9773,0.4815,NA,NA,NA,14458,NA,NA,0.4512,NA,NA,NA,6333,6333,26381
227146,Navarro College,Corsicana,TX,2,1,32,NA,NA,3781,0.6485,0.1554,3008,6578,18757,2929,6861,0.2483,0.1811,NA,0.2257,0.2325,11000,11000,38716
227182,Lone Star College System,The Woodlands,TX,2,1,12,NA,NA,45188,0.5877,0.1924,3330,9390,15521,1636,8339,1,0.0733,NA,0.2114,0.198,8600,8600,42466
227216,University of North Texas,Denton,TX,3,1,12,0.7223,1109,34341,0.5348,0.1323,11309,21149,26243,11410,11092,0.7199,0.3612,0.7665,0.6071,0.6013,19250,19250,57010
227225,Northeast Texas Community College,Mount Pleasant,TX,1,1,42,NA,NA,1973,0.6548,0.2388,2980,5620,13564,1765,6511,1,0.106,NA,NA,NA,10946,10946,37870
227289,Oblate School of Theology,San Antonio,TX,4,2,11,NA,NA,NA,NA,NA,NA,NA,NA,14817,5795,1,NA,NA,NA,NA,NA,NA,NA
227298,Ocean Corporation,Houston,TX,1,3,11,NA,NA,192,0.0625,0.441,NA,NA,NA,22324,NA,NA,0.465,NA,NA,NA,9500,9500,53474
227304,Odessa College,Odessa,TX,2,1,12,NA,NA,4654,0.6493,0.201,2688,4926,13086,2820,6404,0.303,0.0154,0.6635,0.3702,0.3217,7750,7750,42026
227313,Ogle School Hair Skin Nails-Arlington,Arlington,TX,1,3,21,NA,NA,374,0.9759,0.5481,NA,NA,NA,15681,NA,NA,0.6046,NA,NA,NA,7917,7917,31055
227322,Ogle School Hair Skin Nails-Ft Worth,Fort Worth,TX,1,3,11,NA,NA,500,0.972,0.5202,NA,NA,NA,16268,NA,NA,0.563,NA,NA,NA,7917,7917,26885
227331,Our Lady of the Lake University,San Antonio,TX,3,2,11,NA,NA,1066,0.6745,0.1822,32106,32106,42865,17190,7790,0.4954,0.592,0.6277,0.4611,0.4436,24999,24999,48675
227368,The University of Texas Rio Grande Valley,Edinburg,TX,3,1,12,0.9419,985,28666,0.5684,0.1432,9987,19827,16830,4589,9041,0.8373,0.2617,0.8111,0.509,0.5009,12950,12950,49620
227377,Texas Southmost College,Brownsville,TX,2,1,12,NA,NA,3372,0.5721,0.0774,3148,4948,10999,682,6323,0.3,0.0629,NA,NA,NA,9000,9000,41900
227386,Panola College,Carthage,TX,1,1,32,NA,NA,1388,0.7212,0.1761,2352,5232,13654,2185,6629,1,0.0734,NA,NA,NA,10500,10500,36072
227401,Paris Junior College,Paris,TX,2,1,33,NA,NA,2204,0.6475,0.1757,2700,5700,13626,2164,7433,0.5725,0.0238,NA,NA,NA,5342,5342,36515
227429,Paul Quinn College,Dallas,TX,3,2,11,0.4028,NA,620,0.6435,0.36,13498,13498,23587,11966,6785,0.2093,0.8347,0.4898,0.2687,0.3274,23373,PS,29288
227526,Prairie View A & M University,Prairie View,TX,3,1,42,0.7931,980,8877,0.6619,0.07,11299,26874,26362,5822,9530,0.8204,0.6811,0.7562,0.432,0.4321,27000,27000,45411
227687,Ranger College,Ranger,TX,2,1,43,NA,NA,971,0.6004,0.0649,2766,9066,15017,2784,4027,0.2756,0.0653,NA,NA,NA,9500,9500,35552
227748,Aviation Institute of Maintenance-Houston,Houston,TX,1,3,11,NA,NA,360,0.075,0.5196,16757,16757,29992,18473,NA,NA,0.2135,NA,NA,NA,31875,31875,58327
227757,Rice University,Houston,TX,3,2,11,0.08,1553,4776,0.4958,0.0037,64144,64144,79788,31452,18454,0.8381,0.0647,0.9741,0.9464,0.9519,11000,11000,89718
227845,Saint Edward's University,Austin,TX,3,2,11,0.8142,1138,2493,0.5933,0.0666,51384,51384,66719,22717,9902,0.5584,0.4767,0.7967,0.6259,0.6338,24803,24803,58826
227854,St Philip's College,San Antonio,TX,1,1,11,NA,NA,12914,0.5938,0.2953,3412,9952,11985,1992,7384,0.6045,0.027,NA,0.2827,0.2827,9500,9500,38224
227863,University of St Thomas,Houston,TX,3,2,11,0.8992,1090,3220,0.5916,0.222,34634,34634,45672,16393,7661,0.9553,0.3453,0.777,0.6877,0.687,19928,19928,59224
227881,Sam Houston State University,Huntsville,TX,3,1,32,0.9026,1041,17743,0.6255,0.1427,9228,19068,25505,9508,8196,0.7914,0.4565,0.7325,0.5476,0.5491,21983,21983,54211
227924,San Antonio College,San Antonio,TX,2,1,11,NA,NA,16416,0.6155,0.3245,3412,9952,12343,1557,7993,0.5215,0.0476,NA,0.2551,0.2393,10500,10500,39711
227979,San Jacinto Community College,Pasadena,TX,2,1,12,NA,NA,22969,0.5972,0.1962,2490,6690,21293,2977,8105,0.4252,0.0206,NA,0.3011,0.3221,9500,9500,43062
228042,Schreiner University,Kerrville,TX,3,2,33,0.882,NA,1053,0.5366,0.0725,39266,39266,48004,13040,7796,0.4531,0.6394,0.6679,0.4318,0.4343,23250,23250,52228
228088,Seguin Beauty School-Seguin,Seguin,TX,1,3,31,NA,NA,38,1,0.3462,NA,NA,NA,19184,NA,NA,0.66,NA,NA,NA,9995,9995,21891
228149,St. Mary's University,San Antonio,TX,3,2,11,0.9776,1089,1951,0.6023,0.0447,37434,37434,47999,18241,10724,0.6333,0.463,0.73,0.5893,0.5956,25563,25563,56955
228158,South Plains College,Levelland,TX,2,1,32,NA,NA,6005,0.62,0.2166,2731,5155,13784,2760,6658,0.5,0.1455,NA,NA,NA,10500,10500,41276
228194,South Texas College of Law Houston,Houston,TX,4,2,11,NA,NA,NA,NA,NA,NA,NA,NA,36206,15938,0.4224,NA,NA,NA,NA,PS,PS,NA
228200,South Texas Vocational Technical Institute-Weslaco,Weslaco,TX,1,3,21,NA,NA,521,0.4338,0.2167,NA,NA,NA,10223,NA,NA,0.8559,NA,NA,NA,15917,15917,31102
228219,Miller-Motte College-STVT-McAllen,McAllen,TX,1,3,12,NA,NA,546,0.4304,0.4597,NA,NA,NA,10341,NA,NA,0.7935,NA,NA,NA,15917,15917,31102
228246,Southern Methodist University,Dallas,TX,3,2,21,0.6335,1428,7277,0.512,0.0191,67040,67040,85606,35466,14916,0.6916,0.2146,0.9052,0.8427,0.8378,19500,19500,78354
228282,Southwest School of Business and Technical Careers-San Antonio,San Antonio,TX,1,3,11,NA,NA,21,0.9048,0.2727,NA,NA,NA,7257,NA,NA,0.9205,NA,NA,NA,7273,7273,24251
228316,Southwest Texas College,Uvalde,TX,1,1,33,NA,NA,3306,0.6307,0.1181,2646,6294,13554,2169,5739,0.7,0.023,NA,NA,NA,6200,6200,35563
228325,Nelson University,Waxahachie,TX,3,2,21,0.8902,980,1479,0.4936,0.1635,25064,25064,34504,9589,6539,0.4648,0.6133,0.7516,0.4156,0.3856,24725,24725,46238
228343,Southwestern University,Georgetown,TX,3,2,13,0.4305,1241,1440,0.5465,0.0261,53813,53813,67493,19203,8920,0.7742,0.4557,0.806,0.7279,0.7123,25000,25000,56878
228431,Stephen F Austin State University,Nacogdoches,TX,3,1,33,0.9399,1066,8728,0.6316,0.1062,11128,23426,25791,5465,8694,0.7604,0.4135,0.7169,0.5333,0.5252,23409,23409,49634
228459,Texas State University,San Marcos,TX,3,1,13,0.8932,1103,36177,0.5949,0.0841,11450,22930,28073,8532,9186,0.7942,0.4102,0.8008,0.5528,0.5572,21000,21000,56906
228468,Southwestern Adventist University,Keene,TX,3,2,31,0.7836,1031,570,0.5632,0.1501,25380,25380,35592,16382,6313,0.96,0.5304,0.7267,0.5234,0.4669,26998,26998,52946
228486,Southwestern Christian College,Terrell,TX,2,2,32,NA,NA,110,0.4364,0.1797,14638,14638,21854,10790,2916,0.9615,0.5234,1,0.0313,0.3333,PS,PS,32672
228501,Sul Ross State University,Alpine,TX,3,1,33,0.9871,1024,1396,0.5716,0.2561,7592,17672,24529,6783,7971,0.5668,0.4053,0.4491,0.2994,0.2872,15900,15900,41871
228529,Tarleton State University,Stephenville,TX,3,1,33,0.8955,1075,12673,0.6095,0.1501,8302,18142,24100,7611,8339,0.5942,0.4004,0.6985,0.4821,0.496,19606,19606,53040
228547,Tarrant County College District,Fort Worth,TX,2,1,11,NA,NA,42300,0.5819,0.2308,1863,8370,11130,1595,8399,0.4114,0.074,NA,NA,NA,9104,9104,42727
228608,Temple College,Temple,TX,2,1,13,NA,NA,3178,0.6728,0.2916,3000,7224,14200,3605,6823,0.6333,0.2101,NA,NA,NA,12813,12813,38678
228635,University of Texas Southwestern Medical Center,Dallas,TX,4,1,11,NA,NA,NA,NA,NA,NA,NA,NA,13210,11736,0.9423,NA,NA,NA,NA,PS,PS,76860
228644,The University of Texas Health Science Center at San Antonio,San Antonio,TX,3,1,11,NA,NA,930,0.7495,0.4421,NA,NA,NA,15832,11689,0.7634,0.5208,NA,NA,NA,15000,15000,82206
228653,The University of Texas Medical Branch at Galveston,Galveston,TX,3,1,13,NA,NA,545,0.8037,0.3721,NA,NA,NA,13929,11237,0.9722,0.6208,NA,NA,NA,13396,13396,92961
228699,Texarkana College,Texarkana,TX,2,1,13,NA,NA,1502,0.7144,0.1953,2476,5332,15998,1952,6004,0.6489,0.0734,NA,NA,NA,10500,10500,34647
228705,Texas A&M University-Kingsville,Kingsville,TX,3,1,32,0.9092,1050,4748,0.4933,0.0993,9892,25746,24060,6822,8761,0.7483,0.3808,0.6459,0.4187,0.4362,22934,22934,51450
228723,Texas A&M University-College Station,College Station,TX,3,1,12,0.5743,1280,59615,0.4736,0.0169,13154,40124,32696,13324,14776,0.8885,0.2565,0.9431,0.8391,0.8385,17804,17804,72097
228769,The University of Texas at Arlington,Arlington,TX,3,1,11,0.799,1124,32294,0.5865,0.2948,11950,29582,25261,9188,11502,0.6474,0.312,0.7294,0.5402,0.5522,17527,17527,63199
228778,The University of Texas at Austin,Austin,TX,3,1,11,0.2664,1395,42855,0.5776,0.0185,11688,44908,31247,11405,15819,0.8419,0.2727,0.9674,0.889,0.8829,20500,20500,75121
228787,The University of Texas at Dallas,Richardson,TX,3,1,12,0.6513,1286,21751,0.4365,0.0713,14644,40144,29807,13881,15085,0.7535,0.3308,0.8995,0.7569,0.7526,18000,18000,68227
228796,The University of Texas at El Paso,El Paso,TX,3,1,11,0.9992,962,21005,0.5456,0.1818,9744,25502,19836,6813,10239,0.6836,0.2675,0.7894,0.5017,0.4799,18000,18000,50923
228802,The University of Texas at Tyler,Tyler,TX,3,1,12,0.9402,1114,7440,0.6137,0.2057,9736,25494,24505,7204,10385,0.7771,0.3199,0.7678,0.5413,0.5088,17137,17137,57053
228866,Texas Chiropractic College Foundation Inc,Pasadena,TX,4,2,12,NA,NA,NA,NA,NA,NA,NA,NA,35465,8084,0.6471,NA,NA,NA,NA,PS,PS,NA
228875,Texas Christian University,Fort Worth,TX,3,2,11,0.4449,1298,11026,0.6146,0.0285,61740,61740,76604,31173,13971,1,0.2508,0.9287,0.8551,0.856,21500,21500,68424
228884,Texas College,Tyler,TX,3,2,12,NA,NA,614,0.3648,0.1801,10008,10008,20339,8741,5251,0.8182,0.6439,0.3403,0.1375,0.1224,31000,31000,33752
228909,University of North Texas Health Science Center,Fort Worth,TX,3,1,11,NA,NA,41,0.7561,0.5294,NA,NA,NA,12232,12105,0.8196,0.5294,NA,NA,NA,PS,PS,93615
228981,Texas Lutheran University,Seguin,TX,3,2,31,0.9571,NA,1304,0.5284,0.1147,36230,36230,50002,13247,7741,0.5778,0.6189,0.6181,0.5385,0.5456,25000,25000,53863
229018,The University of Texas Permian Basin,Odessa,TX,3,1,12,0.9489,1033,3911,0.6101,0.3159,9236,21504,23886,6332,9381,1,0.2902,0.6093,0.3967,0.415,17750,17750,56073
229027,The University of Texas at San Antonio,San Antonio,TX,3,1,11,0.8679,1105,30580,0.5102,0.15,9011,22051,22352,8203,10588,0.7587,0.3936,0.7984,0.5264,0.5191,20500,20500,57131
229063,Texas Southern University,Houston,TX,3,1,11,0.9691,914,6844,0.647,0.1407,9173,21473,27052,7725,8730,0.5882,0.6744,0.6621,0.2216,0.2094,29000,29000,38924
229115,Texas Tech University,Lubbock,TX,3,1,11,0.7265,1190,32394,0.5003,0.0651,11852,24451,27443,10140,11757,0.8532,0.4109,0.8495,0.6869,0.6811,21500,21500,62454
229160,Texas Wesleyan University,Fort Worth,TX,3,2,11,0.6916,1070,1741,0.5416,0.1246,39582,39582,57451,16753,8367,0.4094,0.3773,0.6082,0.3154,0.3195,23125,23125,54053
229179,Texas Woman's University,Denton,TX,3,1,12,0.9612,NA,8767,0.9179,0.2062,8640,18480,22234,5812,9526,0.9938,0.3796,0.6955,0.4906,0.4661,19218,19218,56544
229267,Trinity University,San Antonio,TX,3,2,11,0.2592,1416,2505,0.5461,0.0075,53676,53676,68224,20565,12354,0.7873,0.4358,0.9287,0.8397,0.8298,22954,22954,71668
229300,The University of Texas Health Science Center at Houston,Houston,TX,3,1,11,NA,NA,465,0.8409,0.3804,NA,NA,NA,14853,12103,0.645,0.7152,NA,NA,NA,13063,13063,88757
229337,Texas Tech University Health Sciences Center,Lubbock,TX,3,1,11,NA,NA,1482,0.8671,0.393,NA,NA,NA,10154,9671,0.956,0.4338,NA,NA,NA,12268,12268,92348
229355,Tyler Junior College,Tyler,TX,2,1,12,NA,NA,9087,0.6469,0.197,2400,4512,16654,2786,6299,0.6099,0.1892,0.5958,0.2739,0.2706,11995,11995,38140
229416,Universal Technical Institute of Texas Inc.,Houston,TX,1,3,11,NA,NA,2632,0.0813,0.1799,NA,NA,NA,15519,6230,NA,0.5943,NA,NA,NA,14267,14267,51222
229425,UCAS University of Cosmetology Arts & Sciences-McAllen,McAllen,TX,1,3,12,NA,NA,53,1,0.413,NA,NA,NA,15284,NA,NA,0.3673,NA,NA,NA,6447,6447,19880
229504,Vernon College,Vernon,TX,2,1,33,NA,NA,2113,0.6436,0.2959,3720,6120,14564,596,5784,0.5034,0.2992,NA,NA,NA,11000,11000,40464
229522,Victoria Beauty & Barber College,Victoria,TX,1,3,13,NA,NA,73,0.8082,0.3125,NA,NA,NA,12214,NA,NA,0.549,NA,NA,NA,9500,9500,18831
229540,Victoria College,Victoria,TX,2,1,13,NA,NA,2351,0.664,0.2869,2976,5328,10514,5283,7011,0.3472,0.0713,NA,NA,NA,10500,10500,42382
229656,Vogue College of Cosmetology-McAllen,McAllen,TX,1,3,12,NA,NA,344,0.9942,0.381,NA,NA,NA,11315,NA,NA,0.743,NA,NA,NA,7917,7917,NA
229780,Wayland Baptist University,Plainview,TX,3,2,33,0.5596,NA,2041,0.5022,0.5768,23782,23782,36323,11069,5999,1,0.4995,0.4453,0.1929,0.1924,23106,23106,51838
229799,Weatherford College,Weatherford,TX,2,1,31,NA,NA,5094,0.6547,0.2083,5250,10860,15978,3815,7685,1,0.1526,NA,0.3462,0.2828,9948,9948,42397
229814,West Texas A & M University,Canyon,TX,3,1,31,0.9868,1050,6917,0.5761,0.207,9101,10996,23482,7233,8482,0.8171,0.3632,0.6963,0.5504,0.5108,19500,19500,50741
229832,Western Texas College,Snyder,TX,2,1,33,NA,NA,599,0.4491,0.099,3300,6150,13335,3975,5449,0.4706,0.0146,NA,NA,NA,7515,7515,42508
229841,Wharton County Junior College,Wharton,TX,2,1,32,NA,NA,4585,0.5795,0.1463,3192,5904,11463,4290,6482,0.5685,0.1625,NA,NA,NA,7703,7703,44960
229887,Wiley University,Marshall,TX,3,2,32,NA,NA,712,0.5183,0.1336,12500,12500,19097,8695,6212,0.5085,0.706,0.4958,0.2424,0.2153,24989,24989,33159
230010,Bridgerland Technical College,Logan,UT,1,1,13,NA,NA,1567,0.4269,0.3435,NA,NA,NA,2603,NA,NA,0,NA,NA,NA,PS,PS,38347
230038,Brigham Young University,Provo,UT,3,2,12,0.6778,1376,32952,0.5158,0.0739,6688,6688,22690,6756,14370,0.7047,0.1078,0.9097,0.8098,0.8157,11069,11069,75790
230047,Brigham Young University-Hawaii,Laie,HI,3,2,31,0.4696,1130,2889,0.5822,0.329,6630,6630,25098,3097,10793,1,0.0729,0.7354,0.5264,0.5359,9413,9413,52064
230065,Cameo College of Essential Beauty,Murray,UT,1,3,13,NA,NA,257,0.9844,0.3321,NA,NA,NA,10068,NA,NA,0.2267,NA,NA,NA,5500,5500,32364
230144,Collectiv Academy,Sandy,UT,1,3,21,NA,NA,70,0.9714,0.2222,NA,NA,NA,8038,NA,NA,0.6641,NA,NA,NA,10540,10540,29334
230162,Davis Technical College,Kaysville,UT,1,1,21,NA,NA,3027,0.4014,0.2806,NA,NA,NA,1438,NA,NA,0,NA,NA,NA,PS,PS,41734
230171,Utah Tech University,Saint George,UT,1,1,12,NA,NA,8552,0.5955,0.1148,6306,18246,20763,5557,8674,0.4214,0.1522,0.6791,0.3839,0.3623,15000,15000,44570
230199,Evans Hairstyling College-Cedar City,Cedar City,UT,1,3,33,NA,NA,51,0.9608,0.1563,NA,NA,NA,3197,NA,NA,0.1237,NA,NA,NA,PS,PS,NA
230205,Evans Hairstyling College-St George,Saint George,UT,1,3,12,NA,NA,66,1,0.0526,NA,NA,NA,4213,NA,NA,0,NA,NA,NA,PS,PS,16916
230214,Paul Mitchell the School-Salt Lake City,Holladay,UT,1,3,21,NA,NA,287,0.8885,0.391,NA,NA,NA,10213,NA,NA,0.3913,NA,NA,NA,9500,9500,26893
230366,Eagle Gate College-Murray,Murray,UT,1,3,13,NA,NA,351,0.9031,0.6692,16548,16548,33765,14526,7172,0.6098,0.384,1,0.48,0.4918,43021,43021,37518
230418,Ensign College,Salt Lake City,UT,1,2,12,NA,NA,7568,0.5206,0.6426,4004,4004,14145,1714,8956,0.0866,0.0191,0.5435,0.4329,0.3764,PS,PS,50630
230490,Ogden-Weber Technical College,Ogden,UT,1,1,13,NA,NA,2928,0.3675,0.2897,NA,NA,NA,843,NA,NA,0,NA,NA,NA,PS,PS,35032
230597,Snow College,Ephraim,UT,2,1,33,NA,NA,3549,0.5568,0.0607,4338,14288,12514,2468,7550,1,0.1201,NA,0.4582,0.4469,7000,7000,41022
230603,Southern Utah University,Cedar City,UT,3,1,33,0.8179,NA,9289,0.5526,0.2678,6962,21192,19416,7200,8847,0.7333,0.1746,0.7552,0.6067,0.5988,12500,12500,50296
230676,Uintah Basin Technical College,Roosevelt,UT,1,1,33,NA,NA,544,0.2132,0.1512,NA,NA,NA,1521,NA,NA,0,NA,NA,NA,PS,PS,28178
230728,Utah State University,Logan,UT,3,1,13,0.9247,1187,20272,0.5365,0.1159,9228,24802,21654,6344,11173,0.9689,0.1904,0.7084,0.5913,0.5824,14340,14340,54022
230737,Utah Valley University,Orem,UT,2,1,13,NA,NA,28453,0.4868,0.173,6507,18489,14765,5030,10149,0.3914,0.0906,0.7307,0.4511,0.4313,14750,14750,55486
230746,Salt Lake Community College,Salt Lake City,UT,2,1,21,NA,NA,18136,0.5498,0.2479,4426,14244,14417,3580,7935,0.2356,0.0797,NA,NA,NA,8003,8003,47867
230764,University of Utah,Salt Lake City,UT,3,1,12,0.8598,1257,27264,0.4797,0.1211,9620,30860,25557,14227,12776,0.8759,0.2051,0.8619,0.6505,0.6449,19000,19000,67170
230782,Weber State University,Ogden,UT,2,1,13,NA,NA,16360,0.5897,0.1697,6557,17545,16035,4879,9800,0.9634,0.1017,0.6731,0.462,0.4467,15113,15113,56287
230807,Westminster University,Salt Lake City,UT,3,2,12,0.6657,1220,823,0.5772,0.1039,43528,43528,57616,15883,8756,1,0.6603,0.7634,0.6381,0.6633,22250,22250,66215
230816,Bennington College,Bennington,VT,3,2,32,0.4453,1364,780,0.7346,0.0593,66262,66262,87284,27185,10055,0.4122,0.504,0.8204,0.7121,0.6883,26000,26000,38289
230852,Champlain College,Burlington,VT,3,2,13,0.8292,1312,2752,0.3914,0.3482,47850,47850,65009,17657,9955,1,0.5187,0.817,0.6523,0.6407,26814,26814,58386
230861,Community College of Vermont,Montpelier,VT,2,1,41,NA,NA,2841,0.7269,0.3844,6920,13640,21123,4632,NA,NA,0.0368,NA,NA,NA,10491,10491,36234
230959,Middlebury College,Middlebury,VT,3,2,32,0.1075,1508,2738,0.5351,0.0036,67600,67600,85880,52031,13875,0.9113,0.2271,0.9366,0.914,0.92,13857,13857,76310
230995,Norwich University,Northfield,VT,3,2,42,0.7444,1190,2428,0.2805,0.1942,49740,49740,67357,15815,8275,0.493,0.4637,0.7926,0.6021,0.6062,25000,25000,65575
231004,O'Briens Aveda Institute,Williston,VT,1,3,22,NA,NA,80,0.9,0.3765,NA,NA,NA,9711,NA,NA,0.1333,NA,NA,NA,6333,6333,NA
231059,Saint Michael's College,Colchester,VT,3,2,22,0.8451,1245,1092,0.5357,0.0127,51450,51450,69079,19480,9332,0.9722,0.5756,0.7994,0.7277,0.7091,26922,26922,61317
231068,SIT Graduate Institute,Brattleboro,VT,4,2,41,NA,NA,0,0,NA,NA,NA,NA,49385,6869,0.2308,NA,NA,NA,NA,PS,PS,NA
231095,Sterling College,Craftsbury Common,VT,3,2,43,0.6667,NA,50,0.56,0.2051,40760,40760,54410,11293,5583,0.72,0.3718,0.8571,0.3158,0.383,23000,PS,30573
231147,Vermont Law and Graduate School,South Royalton,VT,4,2,43,NA,NA,NA,NA,NA,NA,NA,NA,28758,9238,0.8793,NA,NA,NA,NA,PS,PS,NA
231165,Vermont State University,Randolph,VT,3,1,43,0.8167,NA,3590,0.5618,0.2784,11952,22296,25988,13559,7714,1,0.5801,0.6783,0.4722,0.4806,15000,15000,50331
231174,University of Vermont,Burlington,VT,3,1,13,0.653,1374,11743,0.6317,0.0376,19058,45502,35649,23110,10288,0.7677,0.3743,0.8918,0.7859,0.7857,20951,20951,62472
231280,Paul Mitchell the School-Roanoke,Roanoke,VA,1,3,13,NA,NA,169,0.9231,0.1644,NA,NA,NA,9848,NA,NA,0.7136,NA,NA,NA,9833,9833,19217
231411,Advanced Technology Institute,Virginia Beach,VA,1,3,11,0.5354,NA,415,0.1012,0.435,14568,14568,23713,18561,5089,0.6765,0.3687,NA,NA,NA,14873,14873,46342
231420,Averett University,Danville,VA,3,2,32,0.5659,1135,1231,0.5126,0.2331,38550,38550,53460,13408,6196,1,0.6331,0.6525,0.4814,0.4591,25000,25000,51516
231536,Blue Ridge Community College,Weyers Cave,VA,1,1,41,NA,NA,2730,0.6007,0.2219,5646,12084,20788,2747,7881,0.4437,0.0455,NA,NA,NA,10409,10409,42644
231554,Bluefield University,Bluefield,VA,3,2,32,0.5931,NA,614,0.4414,0.1513,26770,26770,42539,16169,5619,1,0.7088,0.6149,0.1778,0.223,21855,21855,48896
231581,Bridgewater College,Bridgewater,VA,3,2,23,0.9172,1180,1400,0.4729,0.0043,16090,16090,58702,10127,7326,0.6972,0.6032,0.7529,0.5305,0.5134,26000,26000,53453
231624,William & Mary,Williamsburg,VA,3,1,23,0.3407,1473,7055,0.587,0.0112,25914,51038,43035,23637,12942,0.7872,0.2169,0.9456,0.8942,0.9021,18500,18500,73490
231651,Regent University,Virginia Beach,VA,3,2,11,0.3812,1153,4729,0.6122,0.5838,21650,21650,32838,14700,8375,0.7581,0.5662,0.7458,0.5692,0.5559,24534,24534,44498
231688,Central School of Practical Nursing,Norfolk,VA,1,1,12,NA,NA,24,1,0.7917,NA,NA,NA,2842,NA,NA,0,NA,NA,NA,PS,PS,59399
231697,Central Virginia Community College,Lynchburg,VA,1,1,13,NA,NA,2249,0.606,0.2252,5157,11595,12829,3321,8179,0.2967,0.0314,NA,NA,NA,8625,8625,36627
231712,Christopher Newport University,Newport News,VA,3,1,12,0.8604,1180,4365,0.5249,0.012,16828,31178,33766,7611,10989,0.6739,0.3669,0.8124,0.7164,0.734,25000,25000,60509
231785,Bryant & Stratton College-Virginia Beach,Virginia Beach,VA,2,2,11,NA,NA,1709,0.8373,0.6124,18489,18489,23803,22400,6392,0.2286,0.7738,1,0.2446,0.2615,21549,21549,32568
231873,Mountain Gateway Community College,Clifton Forge,VA,1,1,41,NA,NA,425,0.6447,0.1437,5022,11460,12565,3644,6860,0.2754,0.0509,NA,NA,NA,9182,9182,34293
231882,Danville Community College,Danville,VA,1,1,32,NA,NA,1306,0.6263,0.2037,4992,11430,14126,1179,7817,0.4673,0.0398,NA,NA,NA,9000,9000,31664
232016,Centura College-Chesapeake,Chesapeake,VA,1,3,11,NA,NA,0,0,0.625,16637,16637,NA,31017,NA,NA,0,NA,NA,NA,14750,14750,25930
232025,Emory & Henry University,Emory,VA,3,2,41,0.8365,1135,1078,0.5584,0.0145,39000,39000,52854,11141,7819,0.9725,0.5899,0.6627,0.5634,0.5508,26332,26332,47385
232043,Eastern Mennonite University,Harrisonburg,VA,3,2,13,1,NA,754,0.5584,0.0498,43920,43920,56756,15938,6452,0.9565,0.5562,0.7609,0.67,0.5733,24813,24813,54869
232052,Eastern Shore Community College,Melfa,VA,1,1,43,NA,NA,495,0.6485,0.1931,5082,11520,10998,2789,8214,0.4,0,NA,NA,NA,PS,PS,32418
232089,Ferrum College,Ferrum,VA,3,2,42,0.8898,NA,699,0.3948,0.0335,28520,28520,54526,10440,5763,1,0.8541,0.6414,0.319,0.3047,27000,27000,44296
232186,George Mason University,Fairfax,VA,3,1,21,0.8748,1274,27752,0.4875,0.1671,14220,38688,28604,10826,14486,0.531,0.3071,0.8599,0.6784,0.6856,19500,19500,76343
232195,Germanna Community College,Locust Grove,VA,2,1,41,NA,NA,5508,0.6367,0.2163,5257,11648,12249,2427,8998,0.3323,0.04,NA,NA,NA,8400,8400,39644
232256,Hampden-Sydney College,Hampden-Sydney,VA,3,2,42,0.4092,1207,946,0,0.0011,54550,54550,70325,14046,9550,0.8981,0.472,0.8368,0.6217,0.6365,26000,26000,67640
232265,Hampton University,Hampton,VA,3,2,21,0.6225,969,3727,0.6778,0.0458,30592,30592,46027,15952,8778,1,0.5604,0.8534,0.5716,0.5637,25442,25442,59159
232308,Hollins University,Roanoke,VA,3,2,22,0.6795,1230,665,1,0.0297,43560,43560,58698,10622,7276,0.6165,0.563,0.7396,0.6465,0.6686,27000,27000,40075
232414,J Sargeant Reynolds Community College,Richmond,VA,1,1,21,NA,NA,5586,0.5911,0.3074,5280,11718,12428,3338,8298,0.2682,0.0459,NA,NA,NA,10500,10500,39529
232423,James Madison University,Harrisonburg,VA,3,1,13,0.7152,1256,20888,0.5642,0.0294,14250,31604,31735,11213,10916,0.8094,0.2903,0.9198,0.7972,0.803,20093,20093,69954
232450,Brightpoint Community College,Chester,VA,1,1,21,NA,NA,5792,0.5858,0.2191,5082,11520,12196,1593,8521,0.3181,0.0328,NA,NA,NA,9500,9500,41223
232557,Liberty University,Lynchburg,VA,3,2,13,0.9898,NA,50012,0.5459,0.4819,22465,22465,42025,11527,8826,0.1594,0.4625,0.8013,0.6533,0.6444,24500,24500,44813
232566,Longwood University,Farmville,VA,3,1,32,0.9022,1120,3015,0.7075,0.0549,15744,27978,34588,4781,9246,1,0.4592,0.7977,0.6123,0.6142,25000,25000,52347
232575,Laurel Ridge Community College,Middletown,VA,1,1,41,NA,NA,3195,0.6407,0.1675,5072,11510,12110,3475,8298,0.2664,0.0239,NA,NA,NA,9750,9750,41000
232609,University of Lynchburg,Lynchburg,VA,3,2,13,0.4301,1125,1577,0.5694,0.0452,36750,36750,50067,16079,8271,0.7731,0.6696,0.7061,0.5736,0.5954,27000,27000,56380
232618,Centra College,Lynchburg,VA,2,2,13,1,NA,219,0.9132,0.5047,12983,12983,NA,16018,7046,0.566,0.6934,NA,1,PS,15250,15250,60122
232672,Mary Baldwin University,Staunton,VA,3,2,13,NA,NA,1090,0.7477,0.2177,34152,34152,45935,14573,7926,0.2989,0.7068,0.6678,0.393,0.4295,26586,26586,44427
232681,University of Mary Washington,Fredericksburg,VA,3,1,22,0.7978,1272,3566,0.6411,0.1232,14640,27560,31137,4539,9957,0.6799,0.2927,0.844,0.6641,0.669,20500,20500,60613
232706,Marymount University,Arlington,VA,3,2,12,0.9316,NA,1810,0.6022,0.1241,40920,40920,57184,21384,9455,0.4286,0.343,0.7259,0.5351,0.5566,25000,25000,67516
232724,Sovah School of Health Professions,Danville,VA,2,3,32,NA,NA,30,0.9333,0.15,NA,NA,NA,18685,5513,NA,0.35,NA,NA,NA,PS,PS,69924
232788,Mountain Empire Community College,Big Stone Gap,VA,1,1,32,NA,NA,1282,0.6108,0.2367,5007,11445,15605,1522,7595,0.2394,0,NA,NA,NA,PS,PS,32622
232797,American National University,Salem,VA,2,3,22,NA,NA,630,0.7825,0.8818,10961,10961,25159,8505,4119,NA,0.7201,0.8333,0.3333,0.3056,12814,12814,26370
232867,New River Community College,Dublin,VA,1,1,32,NA,NA,1965,0.4901,0.1675,4979,11417,13864,3282,8915,0.3333,0.0318,NA,NA,NA,9000,9000,40025
232885,Sentara College of Health Sciences,Chesapeake,VA,3,2,11,NA,NA,242,0.9215,0.551,NA,NA,NA,13561,8947,0.6167,0.5513,NA,NA,NA,19450,19450,77821
232919,Tidewater Tech-Trades,Norfolk,VA,1,3,12,NA,NA,367,0.1608,0.5545,16337,16337,31796,13618,NA,NA,0.3852,NA,NA,NA,9500,9500,31657
232937,Norfolk State University,Norfolk,VA,3,1,12,0.8777,927,5392,0.6754,0.1367,10180,21682,26633,3982,9767,0.536,0.6388,0.7256,0.385,0.3566,29000,29000,44666
232946,Northern Virginia Community College,Annandale,VA,2,1,21,NA,NA,33048,0.5129,0.177,5891,12409,17153,3422,10012,0.3821,0.0684,NA,NA,NA,11000,11000,53557
232982,Old Dominion University,Norfolk,VA,3,1,12,0.9036,1197,17514,0.5415,0.2518,12750,33780,29446,6830,10583,0.9572,0.4056,0.7691,0.4632,0.4538,24000,24000,54914
233019,Patrick & Henry Community College,Martinsville,VA,2,1,41,NA,NA,1350,0.5533,0.1951,5002,11440,12043,2205,7973,0.3116,0,NA,NA,NA,PS,PS,33323
233037,Paul D Camp Community College,Franklin,VA,2,1,32,NA,NA,613,0.6427,0.2175,5012,11450,10577,4255,7625,0.2088,0.0616,NA,NA,NA,6880,6880,36031
233082,Southside College of Health Sciences,Colonial Heights,VA,2,2,21,NA,NA,151,0.9073,0.5934,NA,NA,NA,10394,7671,0.8667,0.4891,NA,NA,NA,13758,13758,71380
233116,Piedmont Virginia Community College,Charlottesville,VA,2,1,22,NA,NA,3045,0.6076,0.2366,5072,11510,13297,2283,8347,0.3578,0.0284,NA,NA,NA,8750,8750,40752
233277,Radford University,Radford,VA,3,1,31,0.8953,1060,6038,0.6413,0.1269,12548,25633,28405,5391,9967,0.6767,0.5074,0.7557,0.4866,0.4915,24000,24000,53739
233286,Sylvain Melloul International Hair Academy,Lynchburg,VA,1,3,13,NA,NA,175,0.8743,0.3725,NA,NA,NA,10966,NA,NA,0.6014,NA,NA,NA,9500,9500,17106
233295,Randolph-Macon College,Ashland,VA,3,2,21,0.8661,1095,1639,0.5308,0.0073,49466,49466,63985,19499,9162,0.67,0.5733,0.8372,0.7048,0.7242,27000,27000,58448
233301,Randolph College,Lynchburg,VA,3,2,13,0.9371,1134,658,0.5684,0.0277,30310,30310,45040,11482,8701,1,0.671,0.745,0.4639,0.4919,26950,26950,53409
233310,Rappahannock Community College,Glenns,VA,1,1,42,NA,NA,1367,0.6891,0.1803,5102,11540,12333,2263,8283,0.2394,0,NA,NA,NA,PS,PS,36121
233329,Fortis College-Norfolk,Norfolk,VA,1,3,12,NA,NA,399,0.9649,0.7448,14801,14801,32005,10343,6977,0.2683,0.7273,NA,NA,NA,9500,9500,32754
233338,Richard Bland College,South Prince George,VA,2,1,41,0.8926,NA,894,0.594,0.0208,9090,14970,24206,3147,7693,0.2991,0.1443,NA,NA,NA,11000,11000,41452
233356,Bon Secours Memorial College of Nursing,Richmond,VA,3,2,21,NA,NA,591,0.9002,0.5446,NA,NA,NA,12723,8730,0.7541,0.4129,NA,NA,NA,26500,26500,77014
233374,University of Richmond,University of Richmond,VA,3,2,12,0.222,1497,2980,0.5409,0.0275,65230,65230,80961,32170,14442,0.736,0.3166,0.9075,0.852,0.8649,21000,21000,76178
233408,Riverside College of Health Sciences,Newport News,VA,2,2,12,0.129,NA,350,0.9143,0.5662,17250,17250,27018,11637,8175,0.7561,0.7477,NA,1,PS,14787,14787,66072
233426,Roanoke College,Salem,VA,3,2,22,0.8306,1211,1767,0.5241,0.0274,38068,38068,54283,15267,7553,0.8315,0.8032,0.7571,0.6736,0.6664,27000,27000,58047
233480,Bon Secours St Mary's Hospital School of Medical Imaging,Richmond,VA,2,2,21,NA,NA,35,0.8286,0.4839,NA,NA,NA,7112,5926,NA,0.5806,NA,NA,NA,PS,PS,65432
233541,Shenandoah University,Winchester,VA,3,2,13,0.7695,NA,2116,0.5761,0.0676,36950,36950,51928,19942,8154,0.5735,0.5073,0.8174,0.6682,0.6868,25000,25000,58433
233602,Southeastern Free Will Baptist Bible College,Wendell,NC,3,2,41,NA,NA,64,0.375,0.0946,11739,11739,21203,7402,5656,NA,0.1892,0.8125,0.4167,0.5,PS,PS,NA
233611,Southern Virginia University,Buena Vista,VA,3,2,32,0.9642,NA,936,0.469,0.0631,21280,21280,34431,14330,6553,0.6364,0.5719,0.7401,0.3347,0.3601,24224,24224,50002
233639,Southside Virginia Community College,Alberta,VA,1,1,43,NA,NA,1807,0.7034,0.2609,5007,11445,14036,1347,7916,0.2963,0,NA,NA,NA,PS,PS,32371
233648,Southwest Virginia Community College,Cedar Bluff,VA,1,1,42,NA,NA,1651,0.6275,0.2413,5075,11513,13775,1854,7252,0.4058,0,NA,NA,NA,PS,PS,34221
233666,Staunton School of Cosmetology,Staunton,VA,1,3,13,NA,NA,24,0.9167,0.4,NA,NA,NA,9779,NA,NA,0.8125,NA,NA,NA,PS,PS,22660
233684,Strayer University-Virginia,Arlington,VA,3,3,12,NA,NA,1668,0.6853,0.8975,13920,13920,25158,11815,8381,0.1463,0.6836,0.75,0.3636,0.2703,40621,40621,40092
233718,Sweet Briar College,Sweet Briar,VA,3,2,41,0.7554,1230,443,1,0.0108,26160,26160,43898,9191,6914,0.6184,0.4655,0.6934,0.5182,0.5026,27000,27000,51943
233754,Virginia Peninsula Community College,Hampton,VA,2,1,21,NA,NA,3941,0.5836,0.2598,5088,11526,13576,2559,9348,0.2604,0.0543,NA,NA,NA,9500,9500,37996
233772,Tidewater Community College,Norfolk,VA,2,1,12,NA,NA,12082,0.5805,0.3097,5588,12296,19788,2690,8241,0.3315,0.0839,NA,NA,NA,10000,10000,38349
233842,Union Presbyterian Seminary,Richmond,VA,4,2,12,NA,NA,NA,NA,NA,NA,NA,NA,896,8275,0.8,NA,NA,NA,NA,PS,PS,NA
233897,University of Virginia's College at Wise,Wise,VA,3,1,32,0.2854,1050,1101,0.5259,0.343,11780,28010,26593,6195,9197,1,0.2282,0.7157,0.4706,0.4833,16750,16750,45325
233903,Virginia Highlands Community College,Abingdon,VA,1,1,23,NA,NA,1349,0.6464,0.2378,5022,11460,12955,251,7931,0.3361,0,NA,NA,NA,PS,PS,32681
233921,Virginia Polytechnic Institute and State University,Blacksburg,VA,3,1,13,0.5478,1364,30923,0.4331,0.0158,15948,37764,36951,17550,14162,0.9865,0.3362,0.9308,0.8622,0.8625,21500,21500,81698
233949,Virginia Western Community College,Roanoke,VA,1,1,13,NA,NA,3898,0.5808,0.2057,5400,11838,11768,2033,8473,0.3189,0.0452,NA,NA,NA,11000,11000,38787
234030,Virginia Commonwealth University,Richmond,VA,3,1,12,0.9262,1137,20753,0.6339,0.0911,16945,40109,38954,11233,12401,0.6103,0.3878,0.8534,0.6318,0.6423,21500,21500,58128
234076,University of Virginia-Main Campus,Charlottesville,VA,3,1,22,0.1681,1480,17597,0.5612,0.0346,21803,59512,39926,26514,17428,0.9611,0.1999,0.9755,0.956,0.9545,17500,17500,86863
234085,Virginia Military Institute,Lexington,VA,3,1,32,0.7125,1244,1527,0.1441,0.0032,21046,52638,34824,14788,9070,1,0.5949,0.8098,0.7621,0.7891,22996,22996,77369
234137,Virginia University of Lynchburg,Lynchburg,VA,3,2,13,NA,NA,125,0.152,0.1294,11360,11360,25328,15077,4122,0.5789,0.7706,0.75,0.3762,0.3294,24250,24250,28396
234155,Virginia State University,Petersburg,VA,3,1,21,0.8863,948,5074,0.5899,0.0774,10043,22650,27661,5478,9469,0.6473,0.7567,0.6939,0.3944,0.4013,26500,26500,45543
234164,Virginia Union University,Richmond,VA,3,2,12,0.9799,850,1203,0.5204,0.1726,17450,17450,29075,12033,5874,1,0.7103,0.6657,0.3415,0.3921,29000,29000,38275
234173,Virginia Wesleyan University,Virginia Beach,VA,3,2,11,0.7287,NA,1256,0.5685,0.0812,37500,37500,51255,12564,8756,0.7023,0.4502,0.7425,0.4164,0.4568,27000,27000,50074
234207,Washington and Lee University,Lexington,VA,3,2,32,0.1397,1498,1881,0.5109,0.0058,68045,68045,87000,31767,14155,0.8779,0.1449,0.9661,0.9388,0.9439,19500,19500,94810
234377,Wytheville Community College,Wytheville,VA,1,1,33,NA,NA,1255,0.6757,0.2223,5007,11445,12111,1153,7878,0.35,0.0264,NA,NA,NA,7500,7500,34303
234669,Bellevue College,Bellevue,WA,2,1,12,NA,NA,7364,0.5694,0.2742,4436,10502,20309,3263,11874,0.2886,0.0287,NA,0.3578,0.3458,12375,12375,56310
234696,Bellingham Technical College,Bellingham,WA,1,1,13,NA,NA,1733,0.5488,0.4973,4431,5809,16104,3742,10210,1,0.0789,NA,0.4167,0.4444,17459,17459,49748
234711,Big Bend Community College,Moses Lake,WA,2,1,33,NA,NA,1272,0.6116,0.2615,5059,5619,21661,3103,9944,0.9667,0.0677,NA,0.4151,0.3916,9166,9166,43814
234827,Central Washington University,Ellensburg,WA,3,1,32,0.9062,NA,7833,0.5349,0.1967,9417,27526,28816,5549,10124,0.6528,0.3129,0.7005,0.5361,0.5164,19500,19500,61580
234845,Centralia College,Centralia,WA,2,1,32,NA,NA,1552,0.578,0.3533,5266,5651,19910,1698,9395,1,0,NA,0.4172,0.438,PS,PS,43140
234915,City University of Seattle,Seattle,WA,3,2,11,NA,NA,1137,0.5233,0.4831,NA,NA,NA,15005,7147,0.0624,0.1186,NA,NA,PS,25000,25000,69460
234924,Paul Mitchell the School-Richland,Richland,WA,1,3,13,NA,NA,256,0.8789,0.3472,NA,NA,NA,11633,NA,NA,0.5864,NA,NA,NA,9917,9917,27407
234933,Clark College,Vancouver,WA,2,1,12,NA,NA,4945,0.6144,0.2889,5233,11183,19668,3236,11396,0.9836,0.2151,NA,0.3895,0.3732,10881,10881,42356
234951,Clover Park Technical College,Lakewood,WA,1,1,13,NA,NA,2636,0.5956,0.5316,6634,6634,18882,2122,8425,0.9767,0.0536,NA,0.4275,0.4175,12112,12112,41787
234979,Columbia Basin College,Pasco,WA,2,1,21,NA,NA,4640,0.6282,0.3014,6555,8668,18261,4052,9413,0.9813,0.0428,NA,0.333,0.3042,14829,14829,46680
235088,Divers Institute of Technology,Seattle,WA,1,3,11,NA,NA,198,0.0657,0.5699,NA,NA,NA,16883,NA,NA,0.3836,NA,NA,NA,9500,9500,62489
235097,Eastern Washington University,Cheney,WA,3,1,31,0.9075,NA,6222,0.5648,0.1532,8586,25959,24478,8208,10643,0.6296,0.3504,0.674,0.4349,0.4529,19500,19500,57897
235103,Edmonds College,Lynnwood,WA,2,1,21,NA,NA,3656,0.5676,0.3905,4810,10875,20062,3861,10127,0.903,0.0471,NA,0.2901,0.3113,11855,11855,48144
235149,Everett Community College,Everett,WA,2,1,12,NA,NA,4709,0.5901,0.2829,5032,11171,20451,2457,9608,0.9774,0.0261,NA,0.3662,0.3751,10417,10417,45434
235167,The Evergreen State College,Olympia,WA,3,1,22,0.9637,1216,2160,0.6088,0.4061,9264,31905,28477,6761,9212,0.6966,0.3961,0.6986,0.4074,0.4252,20500,20500,45320
235237,Pierce College District,Lakewood,WA,2,1,13,NA,NA,5313,0.6341,0.3046,5418,5976,18085,2658,9325,0.9477,0.1143,NA,0.3077,0.31,12000,12000,47532
235316,Gonzaga University,Spokane,WA,3,2,12,0.8169,1335,5198,0.5341,0.0165,55480,55480,73178,26035,11036,0.5895,0.3556,0.929,0.8629,0.8659,24454,24454,78892
235334,Grays Harbor College,Aberdeen,WA,2,1,41,NA,NA,1010,0.5168,0.4053,5593,12553,15708,1539,9138,0.9688,0.0433,NA,0.3947,0.3527,11075,11075,40865
235343,Green River College,Auburn,WA,2,1,13,NA,NA,4965,0.5138,0.2353,4711,5263,22040,4113,10016,1,0.0639,NA,0.3877,0.3995,11891,11891,50712
235352,Toni & Guy Hairdressing Academy-Shoreline,Shoreline,WA,1,3,21,NA,NA,131,0.771,0.4252,NA,NA,NA,13646,NA,NA,0.4953,NA,NA,NA,9090,9090,29827
235422,Heritage University,Toppenish,WA,3,2,41,NA,NA,812,0.7746,0.3129,20928,20928,31209,15352,8471,0.4041,0.3576,0.568,0.5368,0.463,14573,14573,49416
235431,Highline College,Des Moines,WA,2,1,21,NA,NA,3838,0.6532,0.3227,4772,5332,18812,1774,10738,0.9515,0.0189,NA,0.3546,0.3719,9500,9500,47869
235547,Bastyr University,Kenmore,WA,3,2,21,NA,NA,39,0.8205,0.5862,NA,NA,NA,36087,7395,0.5085,0.1724,NA,NA,NA,13817,13817,49364
235671,Bates Technical College,Tacoma,WA,1,1,12,NA,NA,1813,0.4225,0.6424,6027,12165,18837,2202,8050,0.9681,0.0252,NA,0.4337,0.4337,PS,PS,50051
235699,Lake Washington Institute of Technology,Kirkland,WA,1,1,21,NA,NA,2406,0.579,0.5287,5997,12062,16339,2843,9914,0.9681,0.0486,NA,0.3701,0.3833,15047,15047,50669
235750,Lower Columbia College,Longview,WA,2,1,13,NA,NA,1932,0.7226,0.4046,4626,6003,16169,3094,9911,0.9383,0.1302,NA,0.2338,0.2424,10506,10506,40691
236072,North Seattle College,Seattle,WA,1,1,11,NA,NA,3074,0.5927,0.5942,5238,5796,18943,3871,10673,0.96,0.0217,NA,0.3277,0.326,15458,15458,47728
236133,Northwest University,Kirkland,WA,3,2,21,0.832,1150,645,0.5969,0.0795,36035,36035,50501,19640,8558,0.2461,0.5508,0.8389,0.7078,0.674,20891,20891,54914
236188,Olympic College,Bremerton,WA,2,1,13,NA,NA,3826,0.6009,0.4099,4197,9740,15585,4334,10327,0.9648,0.0637,NA,0.3103,0.3258,12000,12000,43169
236212,Perry Technical Institute,Yakima,WA,1,2,13,NA,NA,1072,0.1735,0.2415,NA,NA,NA,14602,7011,0.95,0.5974,NA,NA,NA,14139,14139,57764
236230,Pacific Lutheran University,Tacoma,WA,3,2,21,0.7802,1168,2401,0.6422,0.0882,52254,52254,62459,18227,8581,0.6962,0.4421,0.8194,0.6857,0.6975,22578,22578,66990
236258,Peninsula College,Port Angeles,WA,1,1,33,NA,NA,1263,0.6089,0.5248,4718,5270,18514,2029,8470,0.9841,0.0735,NA,0.3688,0.3892,15786,15786,37078
236328,University of Puget Sound,Tacoma,WA,3,2,12,0.7225,1296,1594,0.5627,0.0214,62898,62898,78378,30418,10726,0.7479,0.4314,0.8402,0.6799,0.6795,25000,25000,69594
236382,Renton Technical College,Renton,WA,1,1,12,NA,NA,1783,0.5373,0.6252,6308,7369,17585,3309,9928,0.9625,0.0304,NA,0.4586,0.5042,7920,7920,49782
236452,Saint Martin's University,Lacey,WA,3,2,13,0.898,1093,1158,0.563,0.2036,45510,45510,62449,21689,7413,0.5105,0.6867,0.6459,0.519,0.5469,22500,22500,62092
236504,South Seattle College,Seattle,WA,1,1,11,NA,NA,1616,0.4208,0.5547,5238,5796,15385,2789,10627,0.9863,0.0366,NA,0.3142,0.2927,PS,PS,44486
236513,Seattle Central College,Seattle,WA,2,1,11,NA,NA,3953,0.5712,0.3804,5184,5745,17889,5201,11099,0.9863,0.0319,NA,0.3155,0.3147,12000,12000,43307
236577,Seattle Pacific University,Seattle,WA,3,2,11,0.834,NA,1762,0.6493,0.0572,40407,40407,56826,18154,9581,0.5583,0.4892,0.7237,0.6195,0.6205,24000,24000,64506
236595,Seattle University,Seattle,WA,3,2,11,0.7692,1307,4062,0.6027,0.0537,56721,56721,72124,29218,8352,0.6705,0.4939,0.8422,0.7551,0.7448,19883,19883,75272
236610,Shoreline College,Shoreline,WA,2,1,21,NA,NA,3046,0.5955,0.415,5115,7905,16671,5558,9037,0.9758,0.0433,NA,0.2867,0.2867,12021,12021,52009
236638,Skagit Valley College,Mount Vernon,WA,2,1,13,NA,NA,2477,0.6249,0.4324,5400,7500,14866,4870,10052,1,0.0466,NA,0.3612,0.3473,13805,13805,43505
236656,South Puget Sound Community College,Olympia,WA,2,1,13,NA,NA,3075,0.6049,0.3184,5252,5813,17888,2677,9271,0.9211,0.0492,NA,0.437,0.437,11000,11000,45039
236692,Spokane Community College,Spokane,WA,2,1,12,NA,NA,4533,0.6034,0.487,5461,6612,13839,4067,9987,1,0.2111,NA,0.3333,0.3535,13501,13501,41984
236708,Spokane Falls Community College,Spokane,WA,2,1,12,NA,NA,3199,0.5927,0.3013,5461,6612,15685,3261,9920,1,0.1724,NA,0.3204,0.3119,12000,12000,38955
236744,Stylemaster College of Hair Design,Longview,WA,1,3,13,NA,NA,50,0.92,0.5469,NA,NA,NA,5267,NA,NA,0.5778,NA,NA,NA,8953,8953,20580
236753,Tacoma Community College,Tacoma,WA,2,1,12,NA,NA,4668,0.6667,0.3836,5507,11646,16766,3152,10325,0.9608,0.1204,NA,0.3154,0.3214,13000,13000,47168
236887,Walla Walla Community College,Walla Walla,WA,2,1,13,NA,NA,2418,0.4975,0.5003,5279,6700,19268,2683,9594,1,0.1244,NA,0.3822,0.4282,14000,14000,43526
236896,Walla Walla University,College Place,WA,3,2,23,NA,NA,1252,0.4816,0.0553,34227,34227,45903,17561,7406,1,0.4715,0.8491,0.599,0.6181,26842,26842,61885
236939,Washington State University,Pullman,WA,3,1,32,0.8664,NA,21099,0.5326,0.1488,13391,29950,27648,11300,11233,0.8421,0.3031,0.7834,0.605,0.6104,19500,19500,68905
236948,University of Washington-Seattle Campus,Seattle,WA,3,1,11,0.3915,NA,31942,0.5664,0.0531,12973,43209,32446,21839,15198,0.7986,0.1489,0.9473,0.8518,0.8446,14615,14615,78466
236975,Wenatchee Valley College,Wenatchee,WA,2,1,13,NA,NA,1759,0.643,0.2678,5267,5636,20827,4060,10907,1,0.0415,NA,0.433,0.4146,10332,10332,41127
237011,Western Washington University,Bellingham,WA,3,1,13,0.9325,1289,13544,0.5691,0.0728,9582,28707,30359,9081,11802,0.714,0.2921,0.7937,0.6464,0.6509,18500,18500,62569
237039,Whatcom Community College,Bellingham,WA,2,1,13,NA,NA,2378,0.569,0.2691,5115,11037,19672,3345,10799,1,0.0533,NA,0.3639,0.3641,10643,10643,44092
237057,Whitman College,Walla Walla,WA,3,2,13,0.3815,1410,1531,0.5722,0.0162,64050,64050,78092,29631,10628,0.8711,0.5356,0.8671,0.8052,0.8074,18437,18437,67589
237066,Whitworth University,Spokane,WA,3,2,21,0.8978,1220,1858,0.549,0.0273,52880,52880,68516,19377,8332,1,0.557,0.776,0.7089,0.6984,25000,25000,58561
237109,Yakima Valley College,Yakima,WA,2,1,13,NA,NA,2770,0.6993,0.2958,5312,5873,21199,2028,9304,0.9643,0.0724,NA,0.2927,0.311,13966,13966,43499
237127,Appalachian Beauty School,Belfry,KY,1,3,43,NA,NA,49,0.9796,0.2093,NA,NA,NA,5263,NA,NA,0,NA,NA,NA,PS,PS,NA
237136,Appalachian Bible College,Mount Hope,WV,3,2,23,0.7778,1039,193,0.4041,0.2372,18760,18760,31423,6358,3332,0.5526,0.1814,0.6571,0.7105,0.7342,11000,11000,37467
237145,B M Spurr School of Practical Nursing,Glen Dale,WV,1,2,31,NA,NA,17,0.9412,0.5625,NA,NA,NA,2214,NA,NA,0,NA,NA,NA,PS,PS,NA
237172,Ben Franklin Career Center,Dunbar,WV,1,1,22,NA,NA,78,0.4103,0.5152,NA,NA,NA,121,NA,NA,0,NA,NA,NA,PS,PS,37962
237181,Bethany College,Bethany,WV,3,2,41,0.5879,NA,614,0.4137,0.0124,36765,36765,50758,8578,6417,1,0.7473,0.5375,0.4682,0.4655,27000,27000,44512
237215,Bluefield State University,Bluefield,WV,3,1,32,0.9723,989,1042,0.5893,0.1865,10648,18376,21839,7449,7349,0.6296,0.554,0.5484,0.37,0.3573,18250,18250,38217
237242,Cabell County Career Technology Center,Huntington,WV,1,1,22,NA,NA,51,0.5098,0.2308,NA,NA,NA,1589,NA,NA,0,NA,NA,NA,PS,PS,33975
237303,Charleston School of Beauty Culture,Charleston,WV,1,3,13,NA,NA,46,0.7174,0.3704,NA,NA,NA,6860,NA,NA,0.4632,NA,NA,NA,6128,6128,17827
237312,University of Charleston,Charleston,WV,3,2,13,0.6152,NA,2259,0.378,0.529,33800,33800,46470,8160,7297,0.5506,0.3546,0.7479,0.4555,0.4597,19500,19500,55774
237321,Clarksburg Beauty Academy and School of Massage Therapy,Clarksburg,WV,1,3,32,NA,NA,47,0.8936,0.3448,NA,NA,NA,9558,NA,NA,0.2979,NA,NA,NA,6415,6415,16306
237330,Concord University,Athens,WV,3,1,41,0.9256,977,1504,0.5944,0.1406,10664,22000,20434,4078,7270,0.8168,0.4633,0.6484,0.3897,0.4061,18900,18900,42703
237358,Davis & Elkins College,Elkins,WV,3,2,33,0.9433,NA,661,0.5688,0.0761,31820,31820,44888,8837,5987,0.5747,0.631,0.6522,0.3929,0.3782,27000,27000,43411
237367,Fairmont State University,Fairmont,WV,3,1,32,0.9862,996,2590,0.5734,0.1284,8708,18924,20018,3713,7101,0.9167,0.3926,0.6739,0.4425,0.462,21000,21000,46857
237385,Glenville State University,Glenville,WV,3,1,43,NA,NA,1096,0.4261,0.1649,9578,11354,23591,4698,6619,0.5492,0.4309,0.5539,0.3392,0.3471,25000,25000,39315
237437,Ameritas College,Huntington,WV,2,2,13,NA,NA,181,0.6685,0.8756,10050,10050,17951,9650,3756,0.5833,0.7512,NA,NA,NA,21604,21604,21783
237473,James Rumsey Technical Institute,Martinsburg,WV,1,1,41,NA,NA,99,0.0606,0.2555,NA,NA,NA,9761,NA,NA,0,NA,NA,NA,PS,PS,45133
237491,Ralph R Willis Career and Technical Center,Stollings,WV,1,1,41,NA,NA,18,0.7778,0.5,NA,NA,NA,3504,NA,NA,0,NA,NA,NA,PS,PS,51465
237525,Marshall University,Huntington,WV,3,1,13,0.9573,1061,7266,0.5601,0.1126,9162,20342,22022,7163,8576,0.7464,0.3953,0.7218,0.5123,0.4991,23250,23250,46354
237543,Mercer County Technical Education Center,Princeton,WV,1,1,32,NA,NA,120,0.6583,0.4118,NA,NA,NA,1101,NA,NA,0,NA,NA,NA,PS,PS,33511
237561,Monongalia County Technical Education Center,Morgantown,WV,1,1,13,0.5833,NA,43,0.6744,0.3958,NA,NA,NA,729,NA,NA,0,NA,NA,NA,PS,PS,40499
237570,Morgantown Beauty College Inc,Morgantown,WV,1,3,13,NA,NA,68,0.9706,0.2973,NA,NA,NA,9855,NA,NA,0.5984,NA,NA,NA,6365,6365,22230
237686,West Virginia University at Parkersburg,Parkersburg,WV,2,1,41,NA,NA,1868,0.6167,0.2388,4612,9124,9420,4179,6342,0.3231,0.1807,NA,0.0909,0.2003,12570,12570,35171
237701,Potomac State College of West Virginia University,Keyser,WV,2,1,33,NA,NA,853,0.5955,0.1015,5280,13200,17619,4142,7118,0.7538,0.2991,0.577,0.3096,0.2834,22500,22500,55939
237729,Academy of Careers and Technology,Beckley,WV,1,1,13,NA,NA,168,0.5298,0.3333,NA,NA,NA,169,NA,NA,0,NA,NA,NA,PS,PS,32756
237783,Salem University,Salem,WV,3,3,42,NA,NA,892,0.6581,0.4878,11900,11900,18650,13407,4189,0.1667,0.7173,0.5476,0.1992,0.2419,24694,24694,34642
237792,Shepherd University,Shepherdstown,WV,3,1,41,0.9678,1034,2344,0.6054,0.1869,9056,19082,19601,5191,7788,0.5281,0.3922,0.7138,0.5103,0.5025,21600,21600,49358
237817,Southern West Virginia Community and Technical College,Logan,WV,2,1,32,NA,NA,1064,0.7105,0.2806,5136,7872,18725,1273,5819,0.6951,0.1574,NA,NA,NA,9190,9190,32153
237844,Fred W Eberle Technical Center,Buckhannon,WV,1,1,33,NA,NA,109,0.5413,0.2689,NA,NA,NA,2232,NA,NA,0,NA,NA,NA,PS,PS,43364
237880,West Virginia School of Osteopathic Medicine,Lewisburg,WV,4,1,32,NA,NA,NA,NA,NA,NA,NA,NA,45736,NA,NA,NA,NA,NA,NA,PS,PS,NA
237899,West Virginia State University,Institute,WV,3,1,22,0.9596,955,1321,0.5541,0.0795,9570,14990,19772,5447,7141,0.6714,0.1794,0.5673,0.3918,0.3613,23338,23338,40492
237905,West Virginia University Hospital Departments of Rad Tech and Nutrition,Morgantown,WV,1,2,13,NA,NA,62,0.8065,0.1667,NA,NA,NA,3004,NA,NA,0.1,NA,NA,NA,PS,PS,69666
237932,West Liberty University,West Liberty,WV,3,1,41,0.9727,1045,1511,0.6056,0.0586,8893,17442,23809,8363,7150,0.6429,0.4393,0.6886,0.5953,0.6008,23250,23250,43296
237950,West Virginia University Institute of Technology,Beckley,WV,3,1,13,0.3668,1033,981,0.4261,0.0566,8424,21072,18907,7144,8140,0.6916,0.2434,0.6176,0.3296,0.3448,22500,22500,55939
237969,West Virginia Wesleyan College,Buckhannon,WV,3,2,33,0.9334,1052,954,0.5073,0.0299,34090,34090,48190,11707,6450,0.6168,0.6535,0.6732,0.5714,0.5305,27000,27000,51593
237987,West Virginia Junior College-Charleston,Cross Lanes,WV,2,3,22,NA,NA,394,0.8706,0.5647,14798,14798,22249,17564,4259,NA,0.7287,NA,NA,NA,8270,8270,27472
237996,West Virginia Junior College-Morgantown,Morgantown,WV,2,3,13,NA,NA,673,0.8707,0.6336,14798,14798,24052,13891,5677,NA,0.8596,NA,0.7111,0.6532,9881,9881,31912
238005,International Beauty School,Martinsburg,WV,1,3,13,NA,NA,86,0.8953,0.4884,NA,NA,NA,12791,NA,NA,0.812,NA,NA,NA,6333,6333,18906
238014,West Virginia Northern Community College,Wheeling,WV,2,1,13,NA,NA,1014,0.6351,0.2233,4706,12698,13512,2013,7497,0.3784,0.0934,NA,NA,NA,10245,10245,30162
238032,West Virginia University,Morgantown,WV,3,1,13,0.89,1122,17385,0.5122,0.041,10104,28608,26415,15580,11832,0.7414,0.4468,0.8343,0.6466,0.6284,22500,22500,55939
238078,Wheeling University,Wheeling,WV,3,2,13,0.6316,NA,589,0.399,0.0901,29875,29875,42504,10153,5906,1,0.6063,0.5366,0.2333,0.2661,25125,25125,57949
238096,Wood County Technical Center-Practical Nursing,Parkersburg,WV,1,1,13,0.75,NA,31,1,0.5714,NA,NA,NA,5057,NA,NA,0,NA,NA,NA,PS,PS,40547
238175,VICI Beauty School,Greenfield,WI,1,3,21,NA,NA,109,0.9817,0.1442,NA,NA,NA,10970,NA,NA,0.7351,NA,NA,NA,6333,6333,32393
238193,Alverno College,Milwaukee,WI,3,2,11,0.8574,NA,631,0.9857,0.2232,34086,34086,51362,12774,6282,0.2577,0.4667,0.6096,0.4918,0.4987,27000,27000,53145
238263,Madison Area Technical College,Madison,WI,1,1,11,NA,NA,10073,0.5704,0.2953,4977,7255,19434,4591,11116,0.3832,0.155,NA,0.2891,0.2763,14060,14060,45413
238324,Bellin College,Green Bay,WI,3,2,22,0.9718,NA,372,0.9274,0.0997,30952,30952,42941,16733,8323,0.8246,0.3742,0.9464,0.6304,0.679,18000,18000,76222
238333,Beloit College,Beloit,WI,3,2,13,0.6304,1287,926,0.5065,0.0274,60886,60886,71365,12465,7725,0.78,0.5369,0.8056,0.7105,0.6893,25738,25738,53260
238397,Blackhawk Technical College,Janesville,WI,1,1,23,NA,NA,2488,0.6359,0.463,4267,6061,15522,3407,8762,1,0.2332,NA,NA,NA,9550,9550,41620
238458,Carroll University,Waukesha,WI,3,2,13,0.6684,1190,2523,0.6742,0.0503,38890,38890,52639,17962,8605,0.378,0.5864,0.7825,0.707,0.7015,27000,27000,58009
238476,Carthage College,Kenosha,WI,3,2,13,0.8706,1150,2660,0.5733,0.0212,38750,38750,50822,15179,8981,0.4714,0.8641,0.7339,0.6426,0.6246,26000,26000,56950
238616,Concordia University-Wisconsin,Mequon,WI,3,2,21,0.782,1190,2197,0.6017,0.202,35470,35470,53315,16991,7256,1,0.6012,0.781,0.6835,0.6634,25750,25750,56075
238661,Edgewood University,Madison,WI,3,2,11,0.7573,NA,1107,0.6495,0.0898,35860,35860,50903,15737,7213,0.3938,0.575,0.7315,0.6024,0.6398,24424,24424,59728
238722,Fox Valley Technical College,Appleton,WI,1,1,22,NA,NA,5825,0.4584,0.2706,5040,7283,16862,3390,10054,1,0.1065,NA,NA,NA,10402,10402,45684
238759,Gateway Technical College,Kenosha,WI,1,1,13,NA,NA,4759,0.6138,0.2255,4956,7199,16242,3034,10315,0.5752,0.1023,NA,NA,NA,12165,12165,40264
238810,The Professional Hair Design Academy,Eau Claire,WI,1,3,22,NA,NA,60,0.9667,0.3067,NA,NA,NA,7206,NA,NA,0.4272,NA,NA,NA,PS,PS,29587
238980,Lakeland University,Plymouth,WI,3,2,41,0.8628,NA,1212,0.5495,0.2243,33396,33396,48840,12587,7358,0.2083,0.4465,0.6332,0.4245,0.4845,25000,25000,55961
239008,Lakeshore Technical College,Cleveland,WI,1,1,42,NA,NA,1886,0.5037,0.3804,4844,7087,14599,3453,9424,0.6449,0.1238,NA,NA,NA,7000,7000,47113
239017,Lawrence University,Appleton,WI,3,2,13,0.6394,1350,1396,0.5165,0.0057,56982,56982,69849,16735,8785,0.8368,0.4858,0.8657,0.7677,0.766,26000,26000,55789
239071,Maranatha Baptist University,Watertown,WI,3,2,31,0.719,1170,541,0.5638,0.108,21550,21550,37092,12711,4049,0.602,0.2398,0.8824,0.6357,0.6462,14143,14143,45593
239080,Marian University,Fond Du Lac,WI,3,2,13,0.7498,NA,1010,0.6188,0.2326,35178,35178,44450,14327,8154,0.9149,0.7775,0.6746,0.4416,0.4257,25000,25000,53501
239105,Marquette University,Milwaukee,WI,3,2,11,0.8134,1310,7660,0.5604,0.0137,51170,51170,66768,22919,11059,0.5935,0.3838,0.9097,0.8321,0.8169,23940,23940,78257
239169,Medical College of Wisconsin,Milwaukee,WI,4,2,21,NA,NA,NA,NA,NA,NA,NA,NA,42877,NA,NA,NA,NA,NA,NA,PS,PS,NA
239220,Mid-State Technical College,Wisconsin Rapids,WI,1,1,32,NA,NA,2288,0.5358,0.3404,5002,7171,15840,3284,8950,0.399,0.1694,NA,NA,NA,8000,8000,42253
239248,Milwaukee Area Technical College,Milwaukee,WI,1,1,11,NA,NA,12024,0.6084,0.4923,5184,7427,17359,3494,11469,0.4643,0.2582,NA,NA,NA,14955,14955,41113
239309,Milwaukee Institute of Art & Design,Milwaukee,WI,3,2,11,0.6054,NA,837,0.8088,0.0316,43743,43743,53528,21415,6527,0.3219,0.7819,0.795,0.6695,0.6528,27000,27000,41174
239318,Milwaukee School of Engineering,Milwaukee,WI,3,2,11,0.5893,NA,2654,0.2924,0.0524,50480,50480,62648,15716,10194,0.6006,0.5623,0.8378,0.6711,0.6916,27000,27000,89070
239372,Moraine Park Technical College,Fond du Lac,WI,1,1,13,NA,NA,2464,0.586,0.2862,4819,7084,14583,2843,8626,0.6502,0.269,NA,NA,NA,8225,8225,44371
239390,Mount Mary University,Milwaukee,WI,3,2,11,0.6233,1020,631,0.9984,0.1434,35420,35420,49270,14067,6776,0.3977,0.6287,0.6725,0.4296,0.5038,25288,25288,48745
239424,Nashotah House,Nashotah,WI,4,2,21,NA,NA,NA,NA,NA,NA,NA,NA,8395,5572,1,NA,NA,NA,NA,PS,PS,NA
239442,Nicolet Area Technical College,Rhinelander,WI,1,1,41,NA,NA,663,0.6652,0.3217,4793,7066,14072,3600,6773,0.5143,0.1799,NA,NA,NA,7837,7837,38643
239460,Northcentral Technical College,Wausau,WI,1,1,13,NA,NA,3257,0.6006,0.2737,4889,7132,15768,3001,9052,1,0.1387,NA,NA,NA,7500,7500,44925
239488,Northeast Wisconsin Technical College,Green Bay,WI,1,1,12,NA,NA,5704,0.6287,0.26,4960,7233,15436,3817,7321,0.988,0.1106,NA,NA,NA,11719,11719,44553
239628,Ripon College,Ripon,WI,3,2,32,0.7984,1176,688,0.4564,0.0054,51900,51900,63540,12612,8249,1,0.703,0.7231,0.633,0.6172,27000,27000,54902
239637,Sacred Heart Seminary and School of Theology,Franklin,WI,4,2,21,NA,NA,NA,NA,NA,NA,NA,NA,20034,7415,1,NA,NA,NA,NA,NA,NA,NA
239716,Saint Norbert College,De Pere,WI,3,2,22,0.8574,1182,1662,0.5355,0.0057,45580,45580,59422,18268,9440,0.8217,0.4351,0.8367,0.7129,0.7234,26731,26731,58363
239877,State College of Beauty Culture,Wausau,WI,1,3,13,NA,NA,57,0.9649,0.2955,NA,NA,NA,9514,NA,NA,0.3721,NA,NA,NA,5606,5606,28037
239910,Southwest Wisconsin Technical College,Fennimore,WI,1,1,43,NA,NA,1313,0.6291,0.2169,4904,7147,16662,4658,8362,0.5099,0.2282,NA,NA,NA,7500,7500,43470
240107,Viterbo University,La Crosse,WI,3,2,13,0.7243,1190,1249,0.711,0.21,34250,34250,45558,15503,7309,0.4361,0.5814,0.7619,0.6838,0.6678,25000,25000,55660
240116,Chippewa Valley Technical College,Eau Claire,WI,1,1,13,NA,NA,4272,0.6194,0.2205,4844,7087,16986,3211,8348,0.4778,0.1659,NA,NA,NA,11432,11432,46297
240125,Waukesha County Technical College,Pewaukee,WI,1,1,21,NA,NA,4955,0.4319,0.251,4872,7115,15531,3700,9793,0.2911,0.083,NA,NA,NA,12000,12000,46894
240170,Western Technical College,La Crosse,WI,1,1,13,NA,NA,3183,0.5379,0.3466,4820,7078,16078,3421,8499,0.4628,0.3323,NA,NA,NA,11500,11500,45303
240189,University of Wisconsin-Whitewater,Whitewater,WI,3,1,32,0.8572,1050,9405,0.4895,0.1026,8616,18716,18719,8098,9017,0.9461,0.4625,0.7804,0.589,0.6152,23188,23188,55356
240198,Northwood Technical College,Rice Lake,WI,1,1,33,NA,NA,2149,0.6254,0.3868,4926,7169,14981,2072,8812,0.263,0.24,NA,NA,NA,8250,8250,43406
240213,Wisconsin School of Professional Psychology,Milwaukee,WI,4,2,11,NA,NA,NA,NA,NA,NA,NA,NA,22185,NA,NA,NA,NA,NA,NA,PS,PS,NA
240268,University of Wisconsin-Eau Claire,Eau Claire,WI,3,1,13,0.8234,1220,8895,0.6026,0.0413,9642,19228,21705,6379,9157,0.7799,0.4209,0.8175,0.6381,0.6564,20909,20909,58561
240277,University of Wisconsin-Green Bay,Green Bay,WI,3,1,12,0.8859,1120,6341,0.6206,0.1725,8700,17288,19366,5638,8077,0.7169,0.2739,0.6591,0.4822,0.5035,18500,18500,52528
240329,University of Wisconsin-La Crosse,La Crosse,WI,3,1,13,0.755,1220,9277,0.5663,0.0189,10070,19517,19593,7988,8349,0.8112,0.4229,0.8651,0.7096,0.7107,22500,22500,60378
240338,Wisconsin Lutheran College,Milwaukee,WI,3,2,11,0.7816,1239,943,0.5154,0.0255,36110,36110,48785,14235,7508,0.961,0.6768,0.7251,0.6357,0.6317,26000,26000,54664
240365,University of Wisconsin-Oshkosh,Oshkosh,WI,3,1,13,0.865,1090,6877,0.5587,0.0773,8532,16446,19652,6378,8888,0.753,0.2423,0.693,0.4614,0.5077,21500,21500,55548
240374,University of Wisconsin-Parkside,Kenosha,WI,3,1,41,0.7539,1090,2844,0.5471,0.1725,8270,17429,18199,6784,8388,0.7243,0.357,0.6872,0.404,0.4009,20492,20492,51129
240392,Herzing University-Madison,Madison,WI,1,2,11,0.943,NA,2494,0.8765,0.7973,13450,13450,27939,14192,6724,0.1124,0.6864,0.3971,0.284,0.2806,21500,21500,36909
240417,University of Wisconsin-Stout,Menomonie,WI,3,1,32,0.8767,1150,5842,0.4295,0.1301,10701,19265,22797,8166,8344,0.7206,0.4804,0.789,0.5486,0.5365,23000,23000,58084
240426,University of Wisconsin-Superior,Superior,WI,3,1,22,0.9301,1090,1807,0.6375,0.2704,8812,16726,19860,7931,7266,0.8456,0.4343,0.7183,0.4188,0.4303,22500,22500,49606
240444,University of Wisconsin-Madison,Madison,WI,3,1,11,0.452,1427,36902,0.5339,0.0342,11603,42103,28679,19181,15643,0.8584,0.2038,0.9616,0.8955,0.8944,20484,20484,73792
240453,University of Wisconsin-Milwaukee,Milwaukee,WI,3,1,11,0.9068,1090,16758,0.5563,0.1564,10398,22398,22756,8808,9960,0.6381,0.415,0.7295,0.4932,0.5017,23000,23000,54990
240462,University of Wisconsin-Platteville,Platteville,WI,3,1,32,0.8938,1190,5837,0.3713,0.0915,8644,17603,21266,6882,7885,0.8076,0.423,0.7903,0.5576,0.5846,21977,21977,61760
240471,University of Wisconsin-River Falls,River Falls,WI,3,1,32,0.8172,1150,4205,0.6181,0.0541,9008,17470,19781,6878,8788,0.5923,0.4297,0.7645,0.57,0.5887,20500,20500,54458
240480,University of Wisconsin-Stevens Point,Stevens Point,WI,3,1,32,0.918,1150,7306,0.5652,0.0794,9488,18508,20079,6055,7919,0.7597,0.4877,0.7383,0.5078,0.5321,21503,21503,52021
240505,Casper College,Casper,WY,2,1,13,NA,NA,2204,0.6434,0.2871,4470,10770,15256,3432,7544,1,0.13,NA,NA,NA,9534,9534,40935
240514,Central Wyoming College,Riverton,WY,2,1,33,NA,NA,1054,0.5825,0.2574,4800,11100,16891,4056,6832,1,0.098,0.6471,0.3744,0.388,8361,8361,34402
240596,Eastern Wyoming College,Torrington,WY,2,1,33,NA,NA,482,0.6411,0.1079,4290,10590,14076,3033,6292,1,0.0719,NA,NA,NA,7000,7000,37121
240620,Laramie County Community College,Cheyenne,WY,2,1,41,NA,NA,2799,0.6785,0.2515,4613,10913,13504,4385,8068,1,0.1779,NA,0.384,0.3497,11000,11000,44783
240657,Northwest College,Powell,WY,2,1,33,NA,NA,890,0.5607,0.1813,4962,11262,16898,4110,7402,0.9815,0.0711,NA,0.4866,0.46,10000,10000,36950
240666,Northern Wyoming Community College District,Sheridan,WY,2,1,33,NA,NA,1610,0.6149,0.2013,4830,11130,17001,4617,7561,0.9649,0.1201,NA,NA,NA,8622,8622,40477
240693,Western Wyoming Community College,Rock Springs,WY,2,1,33,NA,NA,1319,0.5883,0.2102,4230,10530,14532,2145,7458,1,0.1181,0.6,0.325,0.3292,9000,9000,40939
240709,Cheeks Beauty Academy,Cheyenne,WY,1,3,13,NA,NA,47,0.9149,0.2632,NA,NA,NA,11864,NA,NA,0.5789,NA,NA,NA,7000,7000,25459
240718,WyoTech,Laramie,WY,1,3,33,NA,NA,1334,0.084,0.0207,NA,NA,NA,13919,5843,0.7838,0.6808,NA,NA,NA,6800,6800,50167
240727,University of Wyoming,Laramie,WY,3,1,33,0.9688,NA,7944,0.5428,0.1571,7768,24178,24818,8526,10759,0.9928,0.281,0.7968,0.5884,0.5932,18000,18000,56880
240736,American Samoa Community College,Pago Pago,AS,2,1,41,NA,NA,839,0.7032,0.1232,5300,5600,10560,4575,5099,1,0,NA,0.3241,0.4027,PS,PS,30087
240745,Guam Community College,Mangilao,GU,2,1,22,NA,NA,1139,0.6023,0.3221,3414,4614,10778,2553,7368,0.6667,0,NA,0.2489,0.2359,PS,PS,27820
240754,University of Guam,Mangilao,GU,3,1,22,NA,NA,2515,0.5654,0.2018,6110,11414,14961,4744,10400,0.5765,0.1246,0.7661,0.369,0.3933,16786,16786,35946
240790,Northern Marianas College,Saipan,MP,2,1,33,NA,NA,1225,0.6245,0.1923,4038,5520,10545,4877,4914,0.5,0,0.7333,0.4074,0.4144,PS,PS,27836
240879,Institute of Beauty Careers,Arecibo,PR,1,3,13,NA,NA,93,0.7419,0.3561,NA,NA,NA,7352,NA,NA,0,NA,NA,NA,PS,PS,17713
241146,American Educational College,Bayamon,PR,1,3,12,NA,NA,168,0.75,0.4416,8306,8306,11408,4987,NA,NA,0,NA,NA,NA,PS,PS,17172
241182,Antilles School of Technical Careers,San Juan,PR,1,3,11,NA,NA,286,0.8042,0.4626,NA,NA,NA,7022,NA,NA,0,NA,NA,NA,PS,PS,21766
241191,Universidad Adventista de las Antillas,Mayaguez,PR,3,2,23,1,NA,830,0.5675,0.2638,8350,8350,16834,7307,3531,0.2778,0.2561,0.7952,0.3636,0.4129,15750,15750,28465
241216,Atlantic University,Guaynabo,PR,3,2,13,NA,NA,1451,0.4121,0.0877,8280,8280,12986,11075,2891,0.9815,0.0633,0.8175,0.3941,0.3772,5457,5457,25272
241225,Universidad Central de Bayamon,BayamÃ³n,PR,3,2,12,0.6594,NA,539,0.6642,0.2431,5986,5986,12976,10980,2861,1,0.1637,0.8,0.3438,0.3654,9393,9393,25021
241331,Albizu University-San Juan,San Juan,PR,3,2,11,1,NA,728,0.831,0.1874,8505,8505,18382,7009,4085,0.2287,0.2487,0.8243,0.6703,0.6806,5500,5500,41544
241377,Caribbean University-Bayamon,Bayamon,PR,1,2,12,NA,NA,639,0.5994,0.4619,8844,8844,9835,10982,2398,0.1176,0.2571,0.7119,0.4255,0.3941,10500,10500,22842
241386,Caribbean University-Carolina,Carolina,PR,3,2,21,NA,NA,99,0.6465,0.7402,8844,8844,10710,6031,2100,NA,0.3307,0.7143,0.4444,0.4419,10500,10500,22842
241395,Pontifical Catholic University of Puerto Rico-Arecibo,Arecibo,PR,3,2,23,0.9378,NA,273,0.7033,0.3364,6550,6550,18678,20544,4327,0.5,0.2835,0.8696,0.5395,0.4667,15500,15500,24908
241410,Pontifical Catholic University of Puerto Rico-Ponce,Ponce,PR,3,2,12,0.9808,1300,3874,0.6412,0.0966,6650,6650,20508,6300,4545,0.6914,0.3023,0.8312,0.4859,0.4827,15500,15500,24908
241517,CEM College-San Juan,San Juan,PR,1,3,11,NA,NA,119,0.6891,0.4101,12900,12900,19241,8310,2600,0.4557,0.1243,0.2,0.859,0.5389,5000,5000,21033
241614,Universidad Teologica del Caribe,Trujillo Alto,PR,3,2,21,NA,NA,173,0.4682,0.9436,6660,6660,11510,6308,1110,0.2903,0.6737,1,0.3889,0.2973,12050,PS,23536
241720,Colegio Universitario de San Juan,San Juan,PR,2,1,11,0.7538,NA,491,0.5743,0.4225,2580,2580,6024,576,3129,1,0,0.5556,0.3226,0.3097,PS,PS,26510
241739,Universidad Ana G. Mendez-Cupey Campus,San Juan,PR,3,2,11,NA,NA,4540,0.6654,0.3578,7750,7750,14214,8146,4389,1,0.5835,0.6858,0.3085,0.3099,14250,14250,24490
241766,Puerto Rico Conservatory of Music,San Juan,PR,3,1,11,0.7835,NA,307,0.3029,0.1786,3370,3850,12920,5237,5014,0.5,0.1071,0.875,0.6667,0.6154,8875,8875,19474
241793,Center for Advanced Studies On Puerto Rico and the Caribbean,San Juan,PR,4,2,11,NA,NA,NA,NA,NA,NA,NA,NA,13422,6000,NA,NA,NA,NA,NA,PS,PS,NA
241836,EDP University of Puerto Rico Inc-San Sebastian,San Sebastian,PR,2,2,22,0.9574,NA,1032,0.6938,0.6361,7050,14125,15680,9157,2810,1,0.4784,0.6667,0.287,0.3303,14000,14000,22844
241951,Escuela de Artes Plasticas y Diseno de Puerto Rico,San Juan,PR,3,1,11,1,NA,466,0.7833,0.1207,4902,8502,9057,2749,3063,1,0,0.7229,0.4478,0.4485,PS,PS,21790
242042,Instituto Tecnologico de Puerto Rico-Recinto de Manati,Manati,PR,2,1,21,0.9337,NA,323,0.3127,0.1212,1600,1600,6073,2553,3415,1,0,NA,NA,NA,PS,PS,26293
242112,Huertas College,Caguas,PR,1,3,13,NA,NA,430,0.5349,0.5,8750,8750,14229,9887,2701,0.12,0.1935,0.4,0.4559,0.5211,7500,7500,22927
242121,Humacao Community College,Humacao,PR,1,2,21,NA,NA,173,0.5838,0.4734,6560,6560,9960,5157,2450,0.5,0,0.6,0.3821,0.4433,PS,PS,20064
242130,ICPR Junior College-Arecibo,Arecibo,PR,1,3,13,NA,NA,339,0.8142,0.4713,8664,8664,15358,8281,1658,1,0,NA,NA,NA,PS,PS,18694
242149,ICPR Junior College-Mayaguez,Mayaguez,PR,1,3,13,NA,NA,373,0.7587,0.5198,8664,8664,15988,8185,2071,0.7407,0,NA,NA,NA,PS,PS,18694
242556,Instituto Tecnologico de Puerto Rico-Recinto de Guayama,Guayama,PR,2,1,13,0.7899,NA,216,0.4028,0.126,3608,3608,11845,2360,6108,1,0,NA,NA,NA,PS,PS,26293
242583,Instituto Tecnologico de Puerto Rico-Recinto de San Juan,San Juan,PR,2,1,11,0.6324,NA,179,0.2793,0.2526,1180,1180,4451,2270,3294,1,0,NA,NA,NA,PS,PS,26293
242617,Inter American University of Puerto Rico-San German,San German,PR,3,2,23,0.4248,NA,2569,0.5274,0.1012,5780,5780,16380,5254,5766,1,0.1161,0.7955,0.4316,0.4292,8500,8500,25416
242626,Inter American University of Puerto Rico-Aguadilla,Aguadilla,PR,3,2,22,0.4176,NA,2906,0.6022,0.2071,5742,5742,16057,5201,5059,1,0.1227,0.8056,0.4288,0.4077,6250,6250,24776
242635,Inter American University of Puerto Rico-Arecibo,Arecibo,PR,3,2,13,0.382,NA,2220,0.6414,0.2594,5780,5780,16625,5311,5468,1,0.1535,0.713,0.3892,0.3695,9000,9000,24539
242644,Inter American University of Puerto Rico-Barranquitas,Barranquitas,PR,3,2,21,0.8595,NA,937,0.6446,0.1962,5742,5742,16051,5479,5051,1,0.1066,0.7323,0.3802,0.3821,5200,5200,23204
242653,Inter American University of Puerto Rico-Metro,San Juan,PR,3,2,11,0.6972,NA,2607,0.5972,0.3049,5780,5780,16837,5376,5927,1,0.1741,0.7643,0.3881,0.3501,10975,10975,30821
242662,Inter American University of Puerto Rico-Ponce,Mercedita,PR,3,2,41,0.3373,NA,2404,0.6302,0.2611,5780,5780,16065,6051,5587,1,0.1737,0.6865,0.4144,0.4237,6375,6375,26721
242680,Inter American University of Puerto Rico-Fajardo,Fajardo,PR,3,2,23,0.2654,NA,1072,0.6063,0.2341,5780,5780,16190,6722,5114,1,0.1191,0.7628,0.3767,0.3512,5750,5750,23132
242699,Inter American University of Puerto Rico-Guayama,Guayama,PR,2,2,13,0.3633,NA,2393,0.6899,0.423,5780,5780,16475,5837,4728,1,0.2463,0.8255,0.4421,0.418,9500,9500,25827
242705,Inter American University of Puerto Rico-Bayamon,Bayamon,PR,3,2,12,0.3962,NA,3476,0.4238,0.1365,5780,5780,16324,5663,5400,1,0.1325,0.7387,0.3492,0.3388,8250,8250,29936
242723,Inter American University of Puerto Rico-School of Law,San Juan,PR,4,2,11,NA,NA,NA,NA,NA,NA,NA,NA,14346,9610,1,NA,NA,NA,NA,PS,PS,NA
242820,Liceo de Arte y Tecnologia,San Juan,PR,1,3,11,NA,NA,431,0.2111,0.2061,8451,8451,23233,14502,NA,NA,0.103,NA,NA,NA,4293,4293,26733
242945,Modern Hairstyling Institute-Bayamon,Bayamon,PR,1,3,12,NA,NA,156,0.5705,0.0711,NA,NA,NA,5596,NA,NA,0,NA,NA,NA,PS,PS,17105
242954,Modern Hairstyling Institute-Arecibo,Arecibo,PR,1,3,13,0.74,NA,76,0.75,0.1563,NA,NA,NA,6226,NA,NA,0,NA,NA,NA,PS,PS,15266
242972,NUC University,Bayamon,PR,1,3,12,NA,NA,28918,0.6448,0.5745,12698,13853,15821,10423,2914,0.1503,0.4628,0.6402,0.5435,0.5516,9500,9500,24785
243081,Ponce Health Sciences University,Ponce,PR,4,3,12,NA,NA,NA,NA,NA,NA,NA,NA,49454,6336,0.4877,NA,NA,NA,NA,PS,PS,NA
243106,University of Puerto Rico-Aguadilla,Aguadilla,PR,3,1,22,0.814,909,1883,0.5497,0.0454,5954,5954,14498,107,5687,0.874,0.0606,0.6905,0.4633,0.4706,5500,5500,27997
243115,University of Puerto Rico-Arecibo,Arecibo,PR,3,1,13,0.5918,NA,2669,0.5931,0.0262,5354,5354,17710,506,7301,0.7767,0.0334,0.7612,0.52,0.5137,4500,4500,30512
243133,University of Puerto Rico,Bayamon,PR,3,1,12,0.3533,NA,2851,0.4907,0.0536,6284,6284,12501,714,5869,0.8187,0.0401,0.7784,0.3706,0.3428,5500,5500,34409
243142,University of Puerto Rico-Carolina,Carolina,PR,3,1,21,0.5454,932,2404,0.6493,0.0721,7986,7986,19396,1448,7539,0.58,0.0342,0.7148,0.3727,0.3882,5500,5500,30626
243151,University of Puerto Rico at Cayey,Cayey,PR,3,1,21,0.53,955,2069,0.6825,0.0365,5354,5354,15909,1212,5701,0.8954,0.0036,0.7593,0.4983,0.4917,5000,5000,30958
243179,University of Puerto Rico-Humacao,Humacao,PR,3,1,21,0.548,NA,2529,0.6663,0.036,5364,5364,19547,1441,5890,0.7553,0.0375,0.8133,0.4712,0.5008,5500,5500,29521
243188,University of Puerto Rico-Utuado,Utuado,PR,2,1,41,0.6411,NA,325,0.4862,0.1514,5354,5354,20908,1887,7906,0.8696,0.0662,0.4634,0.2326,0.2406,3500,3500,23906
243197,University of Puerto Rico-Mayaguez,Mayaguez,PR,3,1,13,0.5652,NA,9539,0.4374,0.0613,5274,5274,21637,1956,8407,0.9462,0.0852,0.8701,0.491,0.4799,8250,8250,48992
243203,University of Puerto Rico-Medical Sciences,San Juan,PR,3,1,11,NA,NA,233,0.8369,0.2188,NA,NA,NA,12359,7294,0.7346,0.2857,NA,NA,NA,PS,PS,45953
243212,University of Puerto Rico at Ponce,Ponce,PR,3,1,12,0.5245,NA,2278,0.5334,0.0634,5354,5354,17193,1005,5915,0.5307,0.0785,0.7304,0.4618,0.4843,5500,5500,31394
243221,University of Puerto Rico-Rio Piedras,San Juan,PR,3,1,11,0.5459,NA,8572,0.6253,0.0544,5354,5354,15118,2224,6128,0.7382,0.0473,0.7718,0.5026,0.5136,5500,5500,35723
243346,Universidad Ana G. Mendez-Carolina Campus,Carolina,PR,3,2,21,NA,NA,4468,0.6124,0.2392,7750,7750,14113,8405,4084,1,0.3193,0.7505,0.3426,0.3537,14500,14500,24328
243443,Universidad del Sagrado Corazon,Santurce,PR,3,2,11,0.5802,NA,4442,0.6547,0.1471,6410,6410,19728,8066,4546,0.2158,0.2127,0.7907,0.5207,0.4792,16250,16250,31754
243498,Seminario Evangelico de Puerto Rico,San Juan,PR,4,2,11,NA,NA,NA,NA,NA,NA,NA,NA,7261,4285,0.2045,NA,NA,NA,NA,PS,PS,NA
243568,Universidad Central Del Caribe,Bayamon,PR,1,2,12,0.6,NA,90,0.6667,0.3111,7707,7707,14642,29678,4119,0.7231,0.1778,0.7143,0.4,0.5135,7363,PS,31468
243577,Universidad Politecnica de Puerto Rico,Hato Rey,PR,3,2,11,NA,NA,3594,0.2896,0.2218,9870,9870,23368,9271,4359,0.6215,0.3387,0.7832,0.2808,0.2585,22564,22564,47540
243586,Pontifical Catholic University of Puerto Rico-Mayaguez,Mayaguez,PR,3,2,13,0.9917,NA,555,0.6324,0.1958,6550,6550,18605,19562,4241,0.7193,0.2443,0.7805,0.3989,0.4102,15500,15500,24908
243601,Universidad Ana G. Mendez-Gurabo Campus,Gurabo,PR,3,2,21,NA,NA,7868,0.6049,0.2202,7750,7750,14224,8410,4488,1,0.2771,0.7514,0.314,0.3077,13448,13448,26223
243638,College of Micronesia-FSM,Pohnpei,FM,2,1,-3,0.8707,NA,1729,0.6287,0.1431,5050,5050,10445,788,3195,1,0,0.4,0.3408,0.3188,PS,PS,24651
243647,Palau Community College,Koror,PW,2,1,-3,NA,NA,393,0.6158,0.2506,3730,3970,9624,3504,2271,0.9,0,NA,NA,NA,PS,PS,29898
243665,University of the Virgin Islands,Charlotte Amalie,VI,3,1,41,0.9898,938,1518,0.6864,0.2527,5957,16557,17771,6283,7379,1,0.1711,0.6859,0.2823,0.284,16800,16800,38681
243744,Stanford University,Stanford,CA,3,2,21,0.0361,1553,7554,0.5163,0.0165,65910,65910,87833,31564,25198,0.9917,0.062,0.9818,0.9192,0.9237,12000,12000,124080
243780,Purdue University-Main Campus,West Lafayette,IN,3,1,13,0.4987,1364,44503,0.4099,0.0274,9992,28794,24591,18498,14473,0.9609,0.2245,0.927,0.831,0.831,19500,19500,72424
243823,Parker University,Dallas,TX,3,2,11,NA,NA,607,0.6985,0.7024,17893,17893,42167,26442,7013,0.6048,0.6528,0.5,0.7407,0.7312,12288,12288,42091
243832,EDP University of Puerto Rico Inc-San Juan,San Juan,PR,2,2,11,0.6067,NA,1404,0.7372,0.7297,7050,14125,15740,8535,3031,1,0.4957,0.6,0.2439,0.24,14000,14000,22844
243841,ICPR Junior College,Hato Rey,PR,1,3,11,NA,NA,439,0.8633,0.6729,8664,8664,15133,8107,2369,0.3243,0.0083,NA,NA,NA,PS,PS,18694
244279,Meridian College,Sarasota,FL,1,3,13,NA,NA,163,0.9387,0.4653,NA,NA,NA,13919,3813,NA,0.5249,NA,NA,NA,13000,13000,33735
244437,Georgia State University-Perimeter College,Atlanta,GA,2,1,11,0.9077,919,13693,0.6201,0.2301,3104,10064,17608,2827,6186,0.6706,0.2439,NA,NA,NA,20903,20903,47384
244446,Georgia Piedmont Technical College,Clarkston,GA,1,1,21,NA,NA,2198,0.5924,0.3991,3386,5954,21274,2476,5359,0.3899,0,NA,NA,NA,12666,12666,34619
244613,ETI School of Skilled Trades,Willowbrook,IL,1,3,21,NA,NA,443,0.0587,0.3499,NA,NA,NA,3197,NA,NA,0.4774,NA,NA,NA,9500,9500,52800
245281,Traxlers School of Hair,Jackson,MS,1,3,12,NA,NA,98,0.5714,0.6818,NA,NA,NA,3524,NA,NA,0.5613,NA,NA,NA,PS,PS,16249
245625,Warren County Community College,Washington,NJ,2,1,41,NA,NA,836,0.6196,0.0838,5460,6360,13314,1856,6766,1,0.0123,NA,NA,NA,9300,9300,43359
245652,St. John's College,Santa Fe,NM,3,2,41,0.5315,1426,368,0.5,0.0678,40504,40504,55824,12704,9850,0.6786,0.4178,0.8243,0.5493,0.5745,PS,PS,44985
245777,Bais Medrash Elyon,Monsey,NY,3,2,21,0.375,NA,61,0,0.0488,8600,8600,19500,3664,2789,NA,0,0.75,0,PS,PS,PS,NA
245838,Antioch University-Los Angeles,Culver City,CA,3,2,21,NA,NA,60,0.65,0.918,NA,NA,NA,22063,6831,NA,0.377,NA,NA,NA,23501,23501,51541
245847,Antioch University-Santa Barbara,Santa Barbara,CA,3,2,13,NA,NA,55,0.6364,0.6923,NA,NA,NA,19554,6973,NA,0.3922,NA,NA,NA,23501,23501,51541
245865,Antioch University-New England,Keene,NH,4,2,32,NA,NA,NA,NA,NA,NA,NA,NA,16407,6818,NA,NA,NA,NA,NA,23501,23501,51541
245883,Antioch University-Seattle,Seattle,WA,3,2,11,NA,NA,74,0.7973,0.8519,NA,NA,NA,19438,6973,NA,0.4167,NA,NA,NA,23501,23501,51541
245892,Antioch University,Yellow Springs,OH,3,2,41,NA,NA,77,0.6883,0.8411,NA,NA,NA,16689,6973,NA,0.537,NA,NA,NA,23501,23501,51541
245953,Mid-America Christian University,Oklahoma City,OK,3,2,11,0.9176,1020,1666,0.6675,0.552,21294,21294,31313,10772,5970,1,0.5813,0.6515,0.4423,0.3956,26394,26394,46116
245962,Miller-Motte College-Tulsa,Tulsa,OK,2,3,11,NA,NA,389,0.9152,0.8127,NA,NA,NA,7727,5694,0.4762,0.859,NA,NA,NA,15917,15917,31102
245980,Ponca City Beauty College,Ponca City,OK,1,3,33,NA,NA,38,0.8947,0.5,NA,NA,NA,12159,NA,NA,0.0984,NA,NA,NA,PS,PS,15872
245999,Francis Tuttle Technology Center,Oklahoma City,OK,1,1,11,NA,NA,886,0.4842,0.0867,NA,NA,NA,1291,NA,NA,0,NA,NA,NA,PS,PS,32996
246017,Central Technology Center,Drumright,OK,1,1,42,NA,NA,533,0.3884,0.0967,NA,NA,NA,185,NA,NA,0,NA,NA,NA,PS,PS,36351
246035,Carrington College-Portland,Portland,OR,1,3,11,NA,NA,254,0.5748,0.4542,NA,NA,NA,10777,NA,NA,0.6804,NA,NA,NA,9295,9295,36625
246071,Career Technology Center of Lackawanna County,Scranton,PA,1,1,13,1,NA,113,0.9292,0.7237,NA,NA,NA,754,NA,NA,0.7438,NA,NA,NA,17200,17200,45555
246354,Palo Alto College,San Antonio,TX,2,1,11,NA,NA,8801,0.627,0.222,3412,9952,11946,1105,7853,0.4962,0.0232,NA,0.3296,0.3296,13393,13393,37448
246415,UCAS University of Cosmetology Arts & Sciences-San Antonio 410,San Antonio,TX,1,3,21,NA,NA,39,1,0.4255,NA,NA,NA,4758,NA,NA,0.2688,NA,NA,NA,6333,6333,24450
246460,Central Texas Beauty College-Round Rock,Round Rock,TX,1,3,12,NA,NA,122,0.918,0.6129,NA,NA,NA,3934,NA,NA,0,NA,NA,NA,PS,PS,23338
246789,HJ International Graduate School for Peace and Public Leadership,New York,NY,4,2,11,NA,NA,NA,NA,NA,NA,NA,NA,3318,5990,NA,NA,NA,NA,NA,PS,PS,NA
246813,Athens Technical College,Athens,GA,1,1,12,NA,NA,3318,0.6489,0.2648,3390,5958,15783,3186,5854,1,0,NA,NA,NA,PS,PS,35951
246895,GateWay Community College-Central City,Phoenix,AZ,1,1,11,NA,NA,595,0.6924,0.4193,NA,NA,NA,2336,NA,NA,0.0528,NA,NA,NA,6750,6750,46147
246974,Carrington College-San Leandro Campus,San Leandro,CA,1,3,21,NA,NA,326,0.865,0.3167,NA,NA,NA,11940,6209,0.7368,0.6631,NA,NA,NA,11537,11537,39633
247010,Headmasters School of Hair Design,Lewiston,ID,1,3,13,NA,NA,92,0.9891,0.3125,NA,NA,NA,7545,NA,NA,0.6712,NA,NA,NA,10556,10556,17707
247047,The Salon Professional Academy-Nampa,Nampa,ID,1,3,22,NA,NA,111,0.991,0.2647,NA,NA,NA,10756,NA,NA,0.541,NA,NA,NA,6333,6333,18095
247065,Beckfield College-Florence,Florence,KY,2,3,21,NA,NA,536,0.9328,0.7222,13295,13295,34541,23096,4039,0.96,0.7778,NA,0.3171,0.3108,23500,23500,37114
247153,Dorsey College-Wayne,Wayne,MI,1,3,21,NA,NA,196,0.7296,0.6355,16990,16990,36763,24410,NA,NA,0.9015,NA,NA,NA,13000,13000,29392
247162,Ecumenical Theological Seminary,Detroit,MI,1,2,11,NA,NA,11,0.8182,1,NA,NA,NA,10996,4000,NA,0,NA,NA,NA,PS,PS,NA
247409,Ross Medical Education Center-Saginaw,Saginaw,MI,1,3,22,NA,NA,84,0.9286,0.4521,NA,NA,NA,8254,NA,NA,0.6048,NA,NA,NA,9500,9500,30060
247603,Sussex County Community College,Newton,NJ,2,1,41,NA,NA,2086,0.4545,0.2108,5544,9024,14708,7433,6647,1,0.156,NA,NA,NA,11000,11000,44664
247649,Landmark College,Putney,VT,2,2,42,0.4944,NA,455,0.3516,0.092,66540,66540,83124,51319,7373,1,0.2157,0.6301,0.4302,0.3491,17500,17500,29813
247773,Yeshiva Gedolah of Greater Detroit,Oak Park,MI,3,2,21,0.9,NA,75,0,NA,6100,6100,19682,14019,4864,NA,0,0.96,0.4,0.4,PS,PS,NA
247834,Collin County Community College District,McKinney,TX,2,1,21,NA,NA,26449,0.5268,0.178,2014,6064,15237,1886,8873,0.2605,0.0734,NA,0.2034,0.2105,7500,7500,48701
247940,Owensboro Community and Technical College,Owensboro,KY,1,1,41,NA,NA,2648,0.6129,0.2322,4728,6432,13476,2410,5542,0.9655,0.0863,NA,NA,NA,7933,7933,35798
248527,Cloyd's Beauty School 3 Inc,Monroe,LA,1,3,13,NA,NA,93,0.9892,0.3298,NA,NA,NA,4578,NA,NA,0,NA,NA,NA,PS,PS,15105
248606,Moore Norman Technology Center,Norman,OK,1,1,41,NA,NA,419,0.3628,0.0531,NA,NA,NA,624,NA,NA,0,NA,NA,NA,PS,PS,34000
248624,Fayette County Career & Technical Institute Practical Nursing Program,Uniontown,PA,1,1,41,NA,NA,71,0.7887,0.5507,NA,NA,NA,4573,NA,NA,0.7558,NA,NA,NA,PS,PS,49229
248633,Franklin County Career and Technology Center,Chambersburg,PA,1,1,41,1,NA,60,0.9333,0.4706,NA,NA,NA,10295,NA,NA,0.44,NA,NA,NA,14760,14760,54747
248703,Ogle School Hair Skin Nails-Hurst,Hurst,TX,1,3,21,NA,NA,273,0.9853,0.4826,NA,NA,NA,18255,NA,NA,0.6159,NA,NA,NA,7917,7917,31488
248925,Tennessee College of Applied Technology Nashville,Nashville,TN,1,1,11,NA,NA,759,0.3439,0.234,NA,NA,NA,2376,NA,NA,0,NA,NA,NA,PS,PS,38955
248934,ECPI University,Virginia Beach,VA,2,3,11,0.7452,NA,12090,0.5924,0.6899,18484,18484,30055,17651,6644,0.3209,0.5658,0.5646,0.4246,0.4354,20000,20000,42837
249061,Ms Roberts Academy of Beauty Culture,Hillside,IL,1,3,21,NA,NA,52,0.9615,0.5088,NA,NA,NA,4309,NA,NA,0.2233,NA,NA,NA,PS,PS,24535
249238,Paul Mitchell the School-Houston,Houston,TX,1,3,11,NA,NA,288,0.941,0.4777,NA,NA,NA,13240,NA,NA,0.4846,NA,NA,NA,11336,11336,27384
249609,Fortis Institute-Forty Fort,Forty Fort,PA,1,3,21,NA,NA,15,0,0.673,13955,13955,30808,5345,NA,NA,0.6038,NA,NA,NA,9500,9500,30224
250027,Laurel Technical Institute,Uniontown,PA,2,3,32,0.7685,NA,515,0.7592,0.4534,13713,13713,15483,11063,5996,0.592,0.7154,NA,NA,NA,12000,12000,30819
250285,Aviation Institute of Maintenance-Philadelphia,Philadelphia,PA,1,3,11,NA,NA,385,0.1143,0.4631,16757,16757,30830,16707,NA,NA,0.233,NA,NA,NA,32397,32397,42785
250744,Dorsey College-Roseville,Roseville,MI,1,3,21,NA,NA,437,0.8146,0.6072,16990,16990,33929,22624,5282,0.3333,0.8781,NA,NA,NA,13000,13000,29392
250902,Moler-Pickens Beauty Academy,Fairfield,OH,1,3,21,NA,NA,88,0.9205,0.3371,NA,NA,NA,7554,NA,NA,0.6239,NA,NA,NA,6312,PS,22137
250993,Red River Technology Center,Duncan,OK,1,1,41,NA,NA,516,0.5174,0.0502,NA,NA,NA,1249,NA,NA,0,NA,NA,NA,PS,PS,31415
251260,Southern Union State Community College,Wadley,AL,1,1,43,NA,NA,4173,0.5574,0.162,5040,8910,13637,3540,7235,0.3852,0.2247,NA,NA,NA,11000,11000,36597
251312,South University-Columbia,Columbia,SC,3,3,21,NA,NA,450,0.7933,0.7596,18145,18145,35322,14275,7075,0.3415,0.6472,0.5714,0.2333,0.125,26123,26123,34421
260363,Greene County Career and Technology Center,Waynesburg,PA,1,1,32,1,NA,16,0.75,0.3684,NA,NA,NA,6557,NA,NA,0.8947,NA,NA,NA,PS,PS,34231
260372,Lac Courte Oreilles Ojibwe University,Hayward,WI,2,1,43,NA,NA,176,0.767,0.6995,6030,6030,17202,791,7699,0.7627,0,1,0.2258,0.1803,PS,PS,24302
260664,Diesel Driving Academy-Shreveport,Shreveport,LA,1,3,12,NA,NA,191,0.2984,0.6441,NA,NA,NA,18313,NA,NA,0.6916,NA,NA,NA,6333,6333,38740
260691,Pima Medical Institute-Mesa,Mesa,AZ,2,3,11,NA,NA,705,0.7035,0.527,NA,NA,NA,12157,7432,0.4667,0.6625,NA,NA,NA,9500,9500,38673
260789,Platt College-Los Angeles,Alhambra,CA,1,3,21,NA,NA,570,0.8561,0.5576,14922,14922,32164,15777,6367,0.2763,0.644,NA,0.6345,0.6285,18685,18685,40669
260929,Paul Mitchell the School-Boise,Boise,ID,1,3,12,NA,NA,183,0.9454,0.419,NA,NA,NA,10681,NA,NA,0.5269,NA,NA,NA,10555,10555,25719
260965,Educators of Beauty College of Cosmetology-Rockford,Rockford,IL,1,3,12,NA,NA,97,0.9897,0.198,NA,NA,NA,11011,NA,NA,0.6405,NA,NA,NA,9833,9833,21463
261436,Douglas J Aveda Institute,East Lansing,MI,1,3,13,NA,NA,777,0.9125,0.2287,NA,NA,NA,15059,NA,NA,0.5344,NA,NA,NA,6333,6333,26849
261676,Ross Medical Education Center-Brighton,Brighton,MI,1,3,22,NA,NA,39,0.9744,0.5,NA,NA,NA,9433,NA,NA,0.4688,NA,NA,NA,9500,9500,29898
261685,Ross Medical Education Center-Ann Arbor,Ann Arbor,MI,1,3,21,NA,NA,51,1,0.4848,NA,NA,NA,6637,NA,NA,0.5893,NA,NA,NA,9500,9500,29898
261719,Dorsey School of Beauty,Taylor,MI,1,3,21,NA,NA,164,0.9939,0.478,NA,NA,NA,10974,NA,NA,0.4026,NA,NA,NA,16500,16500,13256
261773,Pike-Lincoln Technical Center,Eolia,MO,1,1,43,NA,NA,32,0.9375,0.3429,NA,NA,NA,6492,NA,NA,0.6486,NA,NA,NA,9500,9500,48581
262031,St Charles Community College,Cottleville,MO,2,1,21,NA,NA,5017,0.5914,0.1809,3048,6096,13629,4091,8555,0.2392,0.0634,NA,NA,NA,6187,6187,42422
262086,University of Massachusetts Global,Aliso Viejo,CA,3,1,21,NA,NA,4491,0.6836,0.7717,12540,12540,35325,14729,9855,0.0958,0.2303,0.6222,0.4286,PS,24276,24276,65703
262129,New College of Florida,Sarasota,FL,3,1,13,0.732,1150,843,0.5386,0.0479,6916,29944,24449,0,10340,0.844,0.1887,0.7557,0.6667,0.6419,17375,17375,48082
262165,Montana Bible College,Billings,MT,3,2,22,NA,NA,24,0.4583,0.1915,14640,14640,NA,NA,NA,NA,NA,0.4286,NA,PS,NA,NA,NA
262341,Conservatory of Recording Arts and Sciences,Tempe,AZ,1,3,12,NA,NA,692,0.1749,0.1931,NA,NA,NA,8500,NA,NA,0.6583,NA,NA,NA,8344,8344,37429
262457,San Joaquin Valley College-Fresno,Fresno,CA,1,3,11,NA,NA,447,0.8859,0.3347,NA,NA,NA,11630,5658,0.5217,0.6364,NA,NA,NA,10674,10674,38317
262466,Dr. Ida Rolf Institute,Boulder,CO,1,2,12,1,NA,12,0.5833,0.875,NA,NA,NA,59706,NA,NA,0.4773,NA,NA,NA,PS,PS,NA
362700,Aveda Institute-Fort Myers,Fort Myers,FL,1,3,13,NA,NA,283,0.9223,0.5407,NA,NA,NA,12348,NA,NA,0.4209,NA,NA,NA,9024,9024,24057
363013,Ross Medical Education Center-Port Huron,Port Huron,MI,1,3,23,NA,NA,38,1,0.3929,NA,NA,NA,8260,NA,NA,0.5636,NA,NA,NA,9500,9500,30060
363147,Raphael's School of Beauty Culture Inc-Alliance,Alliance,OH,1,3,31,NA,NA,339,0.9882,0.461,NA,NA,NA,10603,NA,NA,0.5915,NA,NA,NA,7114,7114,17650
363165,Metro Technology Centers,Oklahoma City,OK,1,1,11,NA,NA,632,0.4225,0.1451,NA,NA,NA,2245,NA,NA,0.0441,NA,NA,NA,9500,9500,38830
363633,Luna Community College,Las Vegas,NM,1,1,41,NA,NA,423,0.6217,0.358,1474,3418,10405,1814,5965,0.5106,0.0211,NA,NA,NA,PS,PS,32461
363679,Grabber School of Hair Design,St. Louis,MO,1,3,21,NA,NA,182,0.9945,0.3361,NA,NA,NA,10574,NA,NA,0.4694,NA,NA,NA,7830,7830,27109
363712,Yeshivah Gedolah Rabbinical College,Miami Beach,FL,3,2,13,NA,NA,60,0,0.039,9300,9300,19300,5037,3599,NA,0,0.5,0,0.1136,PS,PS,30667
363882,Raphael's School of Beauty Culture Inc-Brunswick,Brunswick,OH,1,3,21,NA,NA,73,0.9863,0.4815,NA,NA,NA,13066,NA,NA,0.4714,NA,NA,NA,7538,7538,21307
363907,Caribbean University-Ponce,Ponce,PR,3,2,12,NA,NA,414,0.3647,0.5616,8844,8844,10000,2830,2281,0.2581,0.3402,0.76,0.3667,0.394,10500,10500,22842
363916,Caribbean University-Vega Baja,Vega Baja,PR,3,2,21,NA,NA,152,0.6645,0.5258,8844,8844,9936,3970,2185,NA,0.2165,0.65,0.5,0.55,10500,10500,22842
363934,University of Advancing Technology,Tempe,AZ,2,3,12,0.9806,NA,855,0.2117,0.417,19365,19365,32794,22294,6981,0.7561,0.6839,0.7699,0.3514,0.3692,28812,28812,50719
364016,Paradise Valley Community College,Phoenix,AZ,1,1,11,NA,NA,5117,0.5705,0.3517,2358,8958,18375,2573,10730,1,0.065,NA,0.1885,0.193,6995,6995,47196
364025,Chandler-Gilbert Community College,Chandler,AZ,1,1,11,NA,NA,5051,0.5021,0.1624,2358,8958,17845,2692,10353,1,0.0511,NA,NA,NA,7000,7000,51111
364548,Great Plains Technology Center,Lawton,OK,1,1,13,NA,NA,314,0.4904,0.5789,NA,NA,NA,12032,NA,NA,0,NA,NA,NA,PS,PS,42376
364575,Roane-Jackson Technical Center,Leroy,WV,1,1,42,NA,NA,28,0.8571,0.1818,NA,NA,NA,2717,NA,NA,0,NA,NA,NA,PS,PS,33982
364627,Pioneer Technology Center,Ponca City,OK,1,1,33,NA,NA,89,0.6742,0.122,NA,NA,NA,3420,NA,NA,0,NA,NA,NA,PS,PS,29841
364636,Portage Lakes Career Center,Uniontown,OH,1,1,21,NA,NA,168,0.7976,0.4654,NA,NA,NA,6934,NA,NA,0.4157,NA,NA,NA,8444,8444,38316
364946,Caddo Kiowa Technology Center,Fort Cobb,OK,1,1,43,NA,NA,108,0.6111,0.0824,NA,NA,NA,1718,NA,NA,0,NA,NA,NA,PS,PS,21576
364964,Center for Instruction Technology & Innovation,Mexico,NY,1,1,42,NA,NA,15,0.8667,0.4762,NA,NA,NA,4209,NA,NA,0.7619,NA,NA,NA,7695,PS,NA
365091,International School of Skin Nailcare & Massage Therapy,Sandy Springs,GA,1,3,12,NA,NA,246,0.9268,0.5385,NA,NA,NA,22236,NA,NA,0.5659,NA,NA,NA,6333,6333,25452
365125,Palomar Institute of Cosmetology,San Marcos,CA,1,3,21,NA,NA,193,0.9896,0.3046,NA,NA,NA,14185,NA,NA,0.4309,NA,NA,NA,6333,6333,23451
365198,Southern Oklahoma Technology Center,Ardmore,OK,1,1,41,NA,NA,326,0.7853,0.0951,NA,NA,NA,650,NA,NA,0,NA,NA,NA,PS,PS,29012
365213,Autry Technology Center,Enid,OK,1,1,13,0.7094,NA,259,0.5019,0.111,NA,NA,NA,1078,NA,NA,0,NA,NA,NA,PS,PS,40389
365240,Greene County Career Center,Xenia,OH,1,1,41,NA,NA,12,0.3333,0.5,NA,NA,NA,5301,NA,NA,0.2727,NA,NA,NA,PS,PS,41796
365374,Canadian Valley Technology Center,El Reno,OK,1,1,41,NA,NA,614,0.4805,0.0696,NA,NA,NA,2337,NA,NA,0,NA,NA,NA,PS,PS,31355
365383,Wilkes-Barre Area Career and Technical Center Practical Nursing,Wilkes Barre,PA,1,1,21,0.7925,NA,85,0.8706,0.6667,NA,NA,NA,5624,NA,NA,0.6694,NA,NA,NA,17678,17678,48705
365480,Meridian Technology Center,Stillwater,OK,1,1,32,NA,NA,307,0.4919,0.1161,NA,NA,NA,1693,NA,NA,0,NA,NA,NA,PS,PS,34451
365505,Waynesville Career Center,Waynesville,MO,1,1,33,NA,NA,27,0.9259,0.4211,NA,NA,NA,9470,NA,NA,0.4286,NA,NA,NA,PS,PS,40979
365693,Capitol Beauty School,Omaha,NE,1,3,11,NA,NA,161,0.9876,0.1138,NA,NA,NA,10620,NA,NA,0.4564,NA,NA,NA,6650,6650,31349
365763,Morris County Vocational School District,Denville,NJ,1,1,21,1,NA,36,0.7778,0.8125,NA,NA,NA,9289,NA,NA,0.463,NA,NA,NA,PS,PS,47174
365824,Ross Medical Education Center-Roosevelt Park,Roosevelt Park,MI,1,3,22,NA,NA,130,0.9769,0.4312,NA,NA,NA,8339,NA,NA,0.6033,NA,NA,NA,9500,9500,30060
365833,Ross Medical Education Center-Kentwood,Kentwood,MI,1,3,13,NA,NA,134,0.9627,0.3839,NA,NA,NA,8301,NA,NA,0.5365,NA,NA,NA,9500,9500,30072
366003,South Florida Bible College and Theological Seminary,Deerfield Beach,FL,2,2,13,NA,NA,373,0.5764,0.6923,7980,7980,25161,14588,4103,0.6154,0.1978,0.5385,0.3636,0.25,PS,PS,45354
366155,Cloyd's Barber School 2 Inc,Monroe,LA,1,3,13,NA,NA,35,0.4857,0.5676,NA,NA,NA,4388,NA,NA,0,NA,NA,NA,PS,PS,23220
366191,Universal Technical Institute of Illinois Inc,Lisle,IL,1,3,21,NA,NA,1156,0.0701,0.1073,NA,NA,NA,15368,NA,NA,0.6818,NA,NA,NA,13124,13124,52873
366252,Pennsylvania College of Technology,Williamsport,PA,2,1,13,NA,NA,4464,0.3528,0.1451,18240,25980,33192,22323,9818,0.5589,0.5981,0.8054,0.5348,0.5195,23961,23961,52567
366261,Commonwealth Institute of Funeral Service,Houston,TX,2,2,11,0.8642,1110,254,0.7047,0.7277,15313,15313,45244,6812,5139,NA,0.5131,NA,NA,NA,9500,9500,37786
366270,Delta College of Arts & Technology,Baton Rouge,LA,1,3,12,NA,NA,326,0.954,0.5602,NA,NA,NA,8953,5030,0.5455,0.7014,NA,NA,NA,7393,7393,34222
366340,Stone Child College,Box Elder,MT,2,1,43,NA,NA,193,0.6425,0.6015,3610,3610,15570,2517,6202,0.7059,0,NA,0.3421,0.3333,PS,PS,24555
366368,New York Academy of Art,New York,NY,4,2,11,NA,NA,NA,NA,NA,NA,NA,NA,41414,6250,0.0617,NA,NA,NA,NA,PS,PS,NA
366395,Suffolk County Community College,Selden,NY,2,1,21,NA,NA,14218,0.544,0.1557,6630,12460,12429,5351,12296,0.3771,0.0721,NA,NA,NA,8250,8250,49907
366401,Las Positas College,Livermore,CA,2,1,13,NA,NA,7299,0.5086,0.2838,1168,9808,15138,1358,13256,0.3567,0.0028,NA,NA,NA,PS,PS,51088
366465,Ogeechee Technical College,Statesboro,GA,1,1,32,NA,NA,1820,0.7082,0.2862,3388,5956,17125,2702,5637,NA,0,NA,NA,NA,9500,9500,31248
366535,Remington College-Mobile Campus,Mobile,AL,1,2,12,NA,NA,257,0.821,0.5984,16411,16411,32998,11049,4179,NA,0.5779,NA,NA,NA,13271,13271,31349
366553,Southern Technical College,Fort Myers,FL,1,3,13,NA,NA,550,0.4836,0.4699,14894,14894,26505,15490,5616,0.5,0.8064,NA,NA,NA,11250,11250,36155
366571,Mercy-St Luke's School of Radiologic Technology,Cedar Rapids,IA,1,2,12,NA,NA,21,0.9048,0.1429,NA,NA,NA,2465,NA,NA,0.3182,NA,NA,NA,PS,PS,NA
366623,Northwest Technology Center-Alva,Alva,OK,1,1,41,NA,NA,58,0.6379,0.0189,NA,NA,NA,77,NA,NA,0,NA,NA,NA,PS,PS,32501
366711,California State University-San Marcos,San Marcos,CA,3,1,21,0.951,NA,14877,0.5746,0.1775,8082,20682,21649,5856,12046,0.4631,0.2834,0.7864,0.5456,0.5437,17350,17350,62908
367088,Tricoci University of Beauty Culture LLC-Bloomington,Bloomington,IN,1,3,13,NA,NA,109,0.9908,0.252,NA,NA,NA,12766,NA,NA,0.6021,NA,NA,NA,7307,7307,27925
367103,Interactive College of Technology-Newport,Newport,KY,1,3,21,NA,NA,101,0.1287,0.8493,10970,10970,21837,6429,5157,NA,0.411,NA,NA,NA,10555,10555,27065
367158,Ross Medical Education Center-Taylor,Taylor,MI,1,3,21,NA,NA,75,0.9733,0.5614,NA,NA,NA,7326,NA,NA,0.5962,NA,NA,NA,9500,9500,30481
367361,Interactive College of Technology,Houston,TX,2,3,11,NA,NA,65,0.3231,0.6901,10970,10970,21770,9246,NA,NA,0.2817,NA,NA,NA,5353,5353,27182
367431,Butler Beauty Academy-New Castle Beauty Academy,New Castle,PA,1,3,31,NA,NA,15,0.9333,0.4333,NA,NA,NA,9691,NA,NA,0.4595,NA,NA,NA,7500,7500,23003
367459,NorthWest Arkansas Community College,Bentonville,AR,1,1,13,NA,NA,4953,0.5952,0.1829,3342,5238,12157,3703,6872,0.278,0.1139,NA,NA,NA,9506,9506,43505
367875,H W Brewster Technical College,Tampa,FL,1,1,11,NA,NA,695,0.6403,0.0123,NA,NA,NA,321,NA,NA,0,NA,NA,NA,PS,PS,27053
367954,University of St. Augustine for Health Sciences,San Marcos,CA,4,3,21,NA,NA,NA,NA,NA,NA,NA,NA,35246,8870,0.3319,NA,NA,NA,NA,PS,PS,79150
367972,Capital Area Career Center,Springfield,IL,1,1,41,0.9444,NA,161,0.9689,0.687,12075,12075,20495,2596,NA,NA,0.6087,NA,NA,NA,9500,9500,55357
367981,Hair Professionals Career College,Palos Hills,IL,1,3,21,NA,NA,86,0.9767,0.3125,NA,NA,NA,7830,NA,NA,0.5948,NA,NA,NA,9500,9500,23417
368230,Empire Beauty School-Bloomfield,Bloomfield,NJ,1,3,21,NA,NA,164,0.9451,0.4957,NA,NA,NA,10744,NA,NA,0.6351,NA,NA,NA,13000,13000,23925
368364,Southwest Technology Center,Altus,OK,1,1,41,NA,NA,332,0.4488,0.2104,NA,NA,NA,945,NA,NA,0,NA,NA,NA,PS,PS,48966
368407,Western Area Career & Technology Center,Canonsburg,PA,1,1,41,NA,NA,23,1,0.8205,NA,NA,NA,1008,NA,NA,0.7045,NA,NA,NA,PS,PS,43189
368452,Nossi College of Art and Design,Nashville,TN,3,3,11,0.4631,NA,247,0.5547,0.1871,20350,20350,27710,16973,7917,0.1702,0.5279,0.88,0.418,0.3967,33498,33498,35113
368629,Pima Medical Institute-Seattle,Seattle,WA,1,3,11,NA,NA,471,0.7728,0.6222,NA,NA,NA,14124,7859,0.4074,0.5146,NA,NA,NA,9500,9500,38673
368647,Mineral County Vocational Technical Center,Keyser,WV,1,1,33,NA,NA,14,0.8571,0.4286,NA,NA,NA,4645,NA,NA,0,NA,NA,NA,PS,PS,46022
368771,Hypnosis Motivation Institute,Tarzana,CA,1,2,11,NA,NA,209,0.7799,0.991,NA,NA,NA,11355,NA,0.4386,0.8999,NA,NA,NA,9500,9500,24244
368832,Thanh Le College School of Cosmetology,Garden Grove,CA,1,3,21,NA,NA,43,0.7442,0.8704,NA,NA,NA,7588,NA,NA,0,NA,NA,NA,PS,PS,13265
368911,Southeastern Technical College,Vidalia,GA,1,1,33,NA,NA,1008,0.748,0.2342,3400,5968,19660,3218,5636,0.5,0,NA,NA,NA,5750,PS,30329
369002,Massachusetts School of Law,Andover,MA,4,2,21,NA,NA,NA,NA,NA,NA,NA,NA,18099,13341,0.3256,NA,NA,NA,NA,PS,PS,NA
369400,Universal Technical Institute-Orlando,Orlando,FL,2,3,21,NA,NA,788,0.0609,0.4249,NA,NA,NA,16796,5963,NA,0.5466,NA,NA,NA,13097,13097,48341
369419,Erwin Technical College,Tampa,FL,1,1,11,NA,NA,581,0.4854,0.3831,NA,NA,NA,7450,NA,NA,0,NA,NA,NA,PS,PS,37966
369446,Rosel School of Cosmetology,Niles,IL,1,3,21,NA,NA,55,0.9818,0.7143,NA,NA,NA,10148,NA,NA,0,NA,NA,NA,PS,PS,19819
369455,Worsham College of Mortuary Science,Wheeling,IL,2,3,21,0.92,NA,183,0.7869,0.6096,20500,20500,30495,25477,6528,NA,0.8877,NA,NA,NA,15024,15024,61574
369516,Bryan University,Springfield,MO,2,3,12,NA,NA,144,0.8889,0.913,15868,15868,26626,11949,3000,0.15,0.7787,NA,0.8958,0.6136,22764,22764,28725
369668,Central Pennsylvania Institute of Science and Technology,Pleasant Gap,PA,1,1,41,0.962,NA,171,0.6491,0.3968,NA,NA,NA,11423,6330,1,0.5116,NA,NA,NA,9454,9454,41677
369686,Northwest Educational Center,Houston,TX,1,3,11,NA,NA,305,0.6361,0.2017,NA,NA,NA,6154,NA,NA,0,NA,NA,NA,PS,PS,25442
369783,PCI Health Training Center,Dallas,TX,1,3,11,NA,NA,256,0.9531,0.3907,NA,NA,NA,8763,NA,NA,0.8154,NA,NA,NA,7943,7943,34096
369950,Hamrick School,Medina,OH,1,3,41,NA,NA,89,0.1124,0.8652,NA,NA,NA,15249,NA,NA,0.1909,NA,NA,NA,5481,5481,44797
371052,Fortis College,Mobile,AL,1,3,12,NA,NA,315,0.7556,0.3968,NA,NA,NA,9461,NA,NA,0.6958,NA,NA,NA,9500,9500,26652
371690,Downey Adult School,Downey,CA,1,1,21,NA,NA,875,0.8811,0.6838,NA,NA,NA,5192,NA,NA,0,NA,NA,NA,PS,PS,46851
371830,CRU Institute of Cosmetology and Barbering,Garden Grove,CA,1,3,21,NA,NA,91,0.3407,0.3643,NA,NA,NA,11827,NA,NA,0.5978,NA,NA,NA,9833,9833,20125
371928,Modern Technology School,Fountain Valley,CA,1,3,13,NA,NA,101,0.7426,0.4343,NA,NA,NA,18574,NA,NA,0.365,NA,NA,NA,14875,14875,50667
371964,National Career Education,Citrus Heights,CA,1,3,21,NA,NA,515,0.2136,0.4954,NA,NA,NA,15580,NA,NA,0.529,NA,NA,NA,7853,7853,38015
372028,North-West College-Glendale,Glendale,CA,1,3,12,NA,NA,71,0.8732,0.54,NA,NA,NA,24735,NA,NA,0.5208,NA,NA,NA,9500,9500,37542
372073,Fremont University,Cerritos,CA,2,3,21,NA,NA,157,0.828,0.8431,NA,NA,NA,11016,NA,0.08,0.6707,0,0.3947,0.3578,20000,20000,39003
372082,Pomona Unified School District Adult and Career Education,Pomona,CA,1,1,21,NA,NA,57,0.7895,0.5,NA,NA,NA,4874,NA,NA,0,NA,NA,NA,PS,PS,34849
372240,Universal College of Beauty Inc-Los Angeles 2,Los Angeles,CA,1,3,11,NA,NA,44,1,0.5789,NA,NA,NA,5173,NA,NA,0,NA,NA,NA,PS,PS,17821
372329,IBMC College,Fort Collins,CO,1,3,12,NA,NA,297,0.8754,0.3693,NA,NA,NA,16143,3765,0.5244,0.7373,NA,NA,NA,8750,8750,34432
372356,Avalon Institute-Aurora,Aurora,CO,1,3,11,NA,NA,162,0.9877,0.3733,NA,NA,NA,14653,NA,NA,0.8381,NA,NA,NA,6332,6332,24367
372462,Academy of Cosmetology,Merritt Island,FL,1,3,21,NA,NA,50,0.9,0.5702,NA,NA,NA,13023,NA,NA,0.3287,NA,NA,NA,5500,5500,20144
372921,Fortis College-Smyrna,Smyrna,GA,1,3,21,NA,NA,607,0.542,0.5123,15543,15543,31288,9869,5950,0.2889,0.703,NA,NA,NA,12547,12547,36368
373085,Ross College-Davenport,Davenport,IA,1,3,12,NA,NA,42,0.9524,0.675,NA,NA,NA,7193,NA,NA,0.6667,NA,NA,NA,9500,9500,29898
373216,Pivot Point Academy,Bloomingdale,IL,1,3,21,NA,NA,103,0.9709,0.2832,NA,NA,NA,12872,NA,NA,0.434,NA,NA,NA,9833,9833,30453
373456,Blalock's Professional Beauty College,Shreveport,LA,1,3,12,NA,NA,32,0.9688,0.32,NA,NA,NA,11073,NA,NA,1,NA,NA,NA,PS,PS,NA
373526,Diesel Driving Academy-Baton Rouge,Baton Rouge,LA,1,3,12,NA,NA,282,0.2624,0.7306,NA,NA,NA,18568,NA,NA,0.7687,NA,NA,NA,6333,6333,43011
373678,New England Hair Academy,Malden,MA,1,3,21,NA,NA,87,0.5977,0.5196,NA,NA,NA,14959,NA,NA,0.1679,NA,NA,NA,PS,PS,NA
373696,Rob Roy Academy-Worcester,Worcester,MA,1,3,12,NA,NA,109,0.4679,0.4711,NA,NA,NA,13752,NA,NA,0.5691,NA,NA,NA,9465,9465,30033
373711,Upper Cape Cod Regional Technical School,Bourne,MA,1,1,41,0.7143,NA,70,0.9286,0.6364,NA,NA,NA,7806,NA,NA,0.6706,NA,NA,NA,9500,9500,NA
373784,All-State Career-Baltimore,Baltimore,MD,1,3,11,NA,NA,563,0.3179,0.6561,NA,NA,NA,7773,NA,NA,0.5521,NA,NA,NA,9500,9500,33193
374024,Adler Graduate School,Minnetonka,MN,4,2,13,NA,NA,NA,NA,NA,NA,NA,NA,17250,6848,0.2128,NA,NA,NA,NA,PS,PS,NA
374316,Mississippi Barber Academy,Jackson,MS,1,3,12,NA,NA,71,0.3099,0.4805,NA,NA,NA,16515,NA,NA,0.681,NA,NA,NA,6786,6786,22284
374343,KC's School of Hair Design,Pontotoc,MS,1,3,43,NA,NA,58,0.9828,0.0926,NA,NA,NA,7286,NA,NA,0.3571,NA,NA,NA,7978,PS,NA
374574,Lincoln Technical Institute-Moorestown,Moorestown,NJ,1,3,21,NA,NA,782,0.8235,0.6288,NA,NA,NA,13372,NA,NA,0.8154,NA,NA,NA,10521,10521,31914
374592,MCVSD,Freehold,NJ,1,1,21,NA,NA,67,0.8955,0.6349,NA,NA,NA,5754,NA,NA,0.2239,NA,NA,NA,PS,PS,45062
375230,Yeshiva Gedolah Imrei Yosef D'spinka,Brooklyn,NY,3,2,11,NA,NA,226,0,0.125,12500,12500,15989,2608,5622,NA,0,0.7949,0.2162,0.32,PS,PS,36545
375373,Knox County Career Center,Mount Vernon,OH,1,1,32,NA,NA,126,0.619,0.4818,NA,NA,NA,10578,NA,NA,0.2451,NA,NA,NA,9500,9500,38212
375407,Madison Adult Career Center,Mansfield,OH,1,1,23,NA,NA,81,0.8765,0.5824,NA,NA,NA,6256,NA,NA,0.2117,NA,NA,NA,4266,4266,30941
375416,Remington College-Cleveland Campus,Cleveland,OH,1,2,21,NA,NA,197,0.5178,0.6316,15876,15876,29267,10059,4581,NA,0.406,NA,NA,NA,13271,13271,31349
375568,Brown & Clermont Adult Career Campuses,Bethel,OH,1,1,41,NA,NA,101,0.6139,0.5085,NA,NA,NA,7870,NA,NA,0,NA,NA,NA,PS,PS,NA
375656,Chisholm Trail Technology Center,Omega,OK,1,1,43,NA,NA,34,0.5882,0.0279,NA,NA,NA,307,NA,NA,0,NA,NA,NA,PS,PS,27170
375683,Gordon Cooper Technology Center,Shawnee,OK,1,1,32,NA,NA,173,0.3064,0.0557,NA,NA,NA,2677,NA,NA,0,NA,NA,NA,PS,PS,42021
375726,Kiamichi Technology Center-McAlester,McAlester,OK,1,1,33,NA,NA,540,0.4759,0.2904,NA,NA,NA,317,NA,NA,0,NA,NA,NA,PS,PS,31625
375939,YTI Career Institute-Altoona,Altoona,PA,2,3,23,NA,NA,32,1,0.75,NA,NA,NA,14857,5415,NA,0.4261,NA,NA,NA,PS,PS,30188
375966,Eastern Center for Arts and Technology,Willow Grove,PA,1,1,21,0.8081,NA,180,0.9056,0.8674,NA,NA,NA,718,NA,NA,0.2876,NA,NA,NA,11200,11200,56446
375984,Empire Beauty School-Center City Philadelphia,Philadelphia,PA,1,3,11,NA,NA,279,0.9319,0.3626,NA,NA,NA,9737,NA,NA,0.659,NA,NA,NA,10667,10667,22377
376224,CEM College-Humacao,Humacao,PR,2,3,21,NA,NA,161,0.6335,0.2414,12900,12900,18696,8333,2701,0.2813,0.0805,0.8,0.3818,0.4095,5000,5000,21033
376242,Colegio Mayor de Tecnologia Inc,Arroyo,PR,1,3,23,NA,NA,56,0.0714,0.1226,NA,NA,NA,8891,NA,NA,0,NA,NA,NA,PS,PS,24591
376288,Institucion Chaviano de Mayaguez,Mayaguez,PR,1,3,13,NA,NA,210,0.6524,0.4113,NA,NA,NA,5669,NA,NA,0,NA,NA,NA,PS,PS,12635
376330,Liceo de Arte-Dise-O y Comercio,Caguas,PR,1,3,13,NA,NA,212,0.6368,0.3421,12226,12226,NA,6668,NA,NA,0,NA,NA,NA,PS,PS,15501
376385,Universal Technology College of Puerto Rico,Aguadilla,PR,1,2,13,NA,NA,149,0.6711,0.4698,NA,NA,NA,9806,3132,0.2292,0,NA,0.6437,0.5948,PS,PS,19878
376446,Academy of Hair Technology,Greenville,SC,1,3,21,NA,NA,58,1,0.6105,NA,NA,NA,6538,NA,NA,0.2795,NA,NA,NA,3417,3417,22893
376631,Mr Wayne's School of Unisex Hair Design,Cookeville,TN,1,3,33,NA,NA,20,0.5,0.2727,NA,NA,NA,10880,NA,NA,0.8276,NA,NA,NA,PS,PS,23696
376695,College of the Marshall Islands,Majuro,MH,2,1,-3,NA,NA,1009,0.551,0.1283,6840,7480,17275,268,2401,0.8095,0,NA,0.1837,0.164,PS,PS,NA
377111,Remington College-Fort Worth Campus,North Richland Hills,TX,1,2,21,NA,NA,154,0.487,0.6402,16071,16071,31669,7585,4642,NA,0.439,NA,NA,NA,13271,13271,31349
377193,UCAS University of Cosmetology Arts & Sciences,San Antonio,TX,1,3,11,NA,NA,24,1,0.375,NA,NA,NA,5431,NA,NA,0.3913,NA,NA,NA,5417,5417,13862
377218,School of Automotive Machinists & Technology,Houston,TX,1,3,11,0.6857,NA,88,0.0227,0.3039,NA,NA,NA,13319,3922,NA,0.2444,NA,NA,NA,9500,9500,57529
377272,Nuvani Institute,San Antonio,TX,1,3,11,NA,NA,12,0.9167,0.25,NA,NA,NA,9321,NA,NA,0,NA,NA,NA,5304,PS,19484
377281,Nuvani Institute,Eagle Pass,TX,1,3,13,NA,NA,77,0.9091,0.2099,NA,NA,NA,11947,NA,NA,0.7813,NA,NA,NA,5030,5030,22354
377315,Texas College of Cosmetology-Abilene,Abilene,TX,1,3,12,NA,NA,40,1,0.4865,NA,NA,NA,11214,NA,NA,0.6082,NA,NA,NA,6333,6333,21685
377449,Centura College-Newport News,Newport News,VA,1,3,12,NA,NA,203,0.5813,0.5476,16637,16637,31642,15495,NA,NA,0.3571,NA,NA,NA,14750,14750,25930
377458,Centura College-Norfolk,Norfolk,VA,1,3,12,NA,NA,163,0.5644,0.5907,16637,16637,36328,16051,6469,NA,0.4249,NA,NA,NA,14750,14750,25930
377485,Virginia Beach City Public Schools School of Practical Nursing,Virginia Beach,VA,1,1,11,NA,NA,29,0.7931,0.2462,NA,NA,NA,927,NA,NA,0,NA,NA,NA,PS,PS,NA
377546,Northwest College of Art & Design,Tacoma,WA,3,3,12,0.6598,NA,139,0.6835,0.1457,18100,18100,30038,19474,NA,NA,0.48,0.7679,0.5769,0.4792,30750,30750,31167
377555,University of Washington-Bothell Campus,Bothell,WA,3,1,21,0.906,NA,5457,0.4565,0.128,12919,43155,26908,4318,13164,0.6246,0.1989,0.8584,0.6532,0.668,14615,14615,78466
377564,University of Washington-Tacoma Campus,Tacoma,WA,3,1,12,0.8252,NA,4185,0.471,0.2307,13168,43404,25346,5148,12135,0.8159,0.2733,0.7997,0.6324,0.6277,14615,14615,78466
377643,Huntington School of Beauty Culture,Huntington,WV,1,3,22,NA,NA,111,0.9459,0.4696,NA,NA,NA,5017,NA,NA,0.2848,NA,NA,NA,PS,PS,24794
377652,Valley College-Beckley,Beckley,WV,1,2,13,NA,NA,165,0.9758,0.5746,NA,NA,NA,21011,6875,NA,0.8074,NA,NA,NA,9500,9500,24070
377661,Valley College-Martinsburg,Martinsburg,WV,1,2,22,NA,NA,765,0.8706,0.7343,NA,NA,NA,5895,6113,NA,0.8233,0.5,0.6643,0.6209,9500,9500,24900
377722,Bellus Academy-Poway,Poway,CA,1,3,21,NA,NA,324,0.9321,0.3604,NA,NA,NA,14598,NA,NA,0.4638,NA,NA,NA,7917,7917,25223
377759,Capstone College,Pasadena,CA,1,3,12,NA,NA,148,0.0135,0.5786,NA,NA,NA,17394,NA,NA,0.4815,NA,NA,NA,9500,9500,35348
378105,Central Coast College,Salinas,CA,1,3,12,NA,NA,569,0.9455,0.3363,NA,NA,NA,12266,6877,0.4468,0.5239,NA,NA,NA,7476,7476,40823
378576,Pacific College of Health and Science,San Diego,CA,1,3,11,NA,NA,143,0.7343,0.9036,11000,11000,54944,16011,5720,0.1528,0.4264,NA,0.7692,0.7037,12271,12271,26209
378886,Artistic Nails and Beauty Academy-Tampa,Tampa,FL,1,3,11,NA,NA,253,0.6838,0.5886,NA,NA,NA,8459,NA,NA,0.545,NA,NA,NA,6333,6333,20948
378956,National Aviation Academy of Tampa Bay,Clearwater,FL,1,3,21,NA,NA,713,0.0729,0.4055,NA,NA,NA,18774,NA,NA,0.667,NA,NA,NA,22000,22000,59029
379621,Madison Oneida BOCES-Practical Nursing Program,Verona,NY,1,1,42,1,NA,113,0.8938,0.7159,NA,NA,NA,5491,NA,NA,0.9375,NA,NA,NA,PS,PS,41169
379746,College of Health Care Professions,Houston,TX,1,3,11,NA,NA,631,0.9414,0.3743,NA,NA,NA,5507,4412,0.85,0.7256,NA,NA,NA,9500,9500,33070
379782,Center for Advanced Legal Studies,Houston,TX,1,3,11,NA,NA,271,0.8967,0.8066,NA,NA,NA,10324,4901,NA,0.6332,NA,0.6154,0.6154,9500,9500,56561
380067,Houston Training School-Main Campus,Houston,TX,1,3,21,NA,NA,198,0.9848,0.6318,NA,NA,NA,16543,NA,NA,0,NA,NA,NA,PS,PS,18991
380359,Bay Mills Community College,Brimley,MI,1,1,42,NA,NA,662,0.8399,0.695,3480,3480,12043,744,6608,0.1932,0,NA,0.3023,0.303,PS,PS,30048
380368,Fond du Lac Tribal and Community College,Cloquet,MN,2,1,31,NA,NA,557,0.6553,0.1521,6006,6006,19659,2524,8898,0.3293,0.1092,0.4384,0.2566,0.2317,14181,14181,45665
380377,Northwest Indian College,Bellingham,WA,2,1,22,NA,NA,629,0.7377,0.6825,4365,4365,10551,5315,6422,0.4909,0,0.55,0.1806,0.2177,PS,PS,35447
380438,Provo College,Provo,UT,3,3,12,NA,NA,669,0.8819,0.4738,16548,16548,30099,16933,7300,0.5882,0.4298,0.6667,0.5135,0.5326,41733,41733,39645
381255,CET-Coachella,Coachella,CA,1,2,21,NA,NA,96,0.1667,0.2143,NA,NA,NA,14763,NA,NA,0.4,NA,NA,NA,7041,7041,32986
381282,CET-Oxnard,Oxnard,CA,1,2,12,NA,NA,95,0.5684,0.378,NA,NA,NA,16669,NA,NA,0.1127,NA,NA,NA,7041,7041,32986
381325,CET-Santa Maria,Santa Maria,CA,1,2,12,NA,NA,142,0.6338,0.136,NA,NA,NA,15095,NA,NA,0.1244,NA,NA,NA,7041,7041,32986
381352,Colorado Chinese Medicine University,Denver,CO,4,3,11,NA,NA,NA,NA,NA,NA,NA,NA,11350,NA,NA,NA,NA,NA,NA,PS,PS,NA
381370,Michigan College of Beauty-Troy,Troy,MI,1,3,13,NA,NA,230,0.9739,0.4864,NA,NA,NA,18625,NA,NA,0.8324,NA,NA,NA,6333,6333,22058
381404,Ogle School Hair Skin Nails-Dallas,Dallas,TX,1,3,11,NA,NA,415,0.959,0.5833,NA,NA,NA,17446,NA,NA,0.5645,NA,NA,NA,7917,7917,26885
381459,Phoenix Seminary,Scottsdale,AZ,4,2,12,NA,NA,NA,NA,NA,NA,NA,NA,5732,7508,0.5556,NA,NA,NA,NA,PS,PS,NA
381486,Faust Institute of Cosmetology-Spirit Lake,Spirit Lake,IA,1,3,33,NA,NA,22,1,0.1875,NA,NA,NA,14075,NA,NA,0.3846,NA,NA,NA,PS,PS,23784
381699,Cheeks Beauty Academy,Loveland,CO,1,3,21,NA,NA,46,0.9783,0.55,NA,NA,NA,10120,NA,NA,0.5,NA,NA,NA,7000,7000,25459
381732,Colorado School of Healing Arts,Lakewood,CO,1,3,21,NA,NA,52,0.7308,0.6833,11764,11764,NA,18184,NA,NA,0.5833,NA,NA,NA,7600,7600,33444
382258,Mt. Diablo Adult Education-Mt. Diablo USD,Concord,CA,1,1,21,NA,NA,172,0.6628,0.4248,NA,NA,NA,17188,NA,NA,0,NA,NA,NA,PS,PS,40175
382416,Greater Lowell Technical School,Tyngsboro,MA,1,1,21,0.75,NA,80,0.825,0.7662,NA,NA,NA,7722,NA,NA,0.2805,NA,NA,NA,PS,PS,NA
382461,Academy of Hair Design-Pearl,Pearl,MS,1,3,21,NA,NA,43,1,0.4583,NA,NA,NA,17969,NA,NA,0.6949,NA,NA,NA,6500,6500,19921
382780,Genesis Career College-Lebanon,Lebanon,TN,1,3,31,NA,NA,96,0.8333,0.3571,NA,NA,NA,8306,NA,NA,0.8313,NA,NA,NA,9500,9500,24977
382911,Southwest College for the Deaf,Big Spring,TX,1,1,33,NA,NA,47,0.5319,0.0638,2766,14746,13318,7294,10133,1,0.0638,NA,NA,NA,9500,9500,38382
382957,Fortis College-Richmond,Richmond,VA,1,3,21,NA,NA,502,0.5219,0.5363,15688,15688,31646,9194,5189,0.4848,0.67,NA,NA,NA,9500,9500,32754
383020,Midwest College of Oriental Medicine-Racine,Racine,WI,1,3,13,NA,NA,1,0,1,NA,NA,NA,20726,5167,NA,NA,NA,NA,NA,PS,PS,44136
383084,Hacienda La Puente Adult Education,La Puente,CA,1,1,21,1,NA,491,0.6415,0.7077,NA,NA,NA,2672,NA,NA,0,NA,NA,NA,PS,PS,39271
383163,La Belle Beauty Academy,Miami,FL,1,3,11,NA,NA,106,0.9811,0.9296,NA,NA,NA,13453,NA,NA,0.4025,NA,NA,NA,7502,7502,16212
383190,Hawaii Community College,Hilo,HI,2,1,33,NA,NA,1546,0.5809,0.3372,3204,8340,15702,3140,9721,0.4939,0.0544,NA,NA,NA,10500,10500,34891
383279,Robert Fiance Beauty Schools-North Plainfield,North Plainfield,NJ,1,3,21,NA,NA,190,0.8684,0.3188,NA,NA,NA,15226,NA,NA,0.5085,NA,NA,NA,6333,6333,24509
383297,Long Island Beauty School-Hauppauge,Hauppauge,NY,1,3,21,NA,NA,232,0.9698,0.3193,NA,NA,NA,12539,NA,NA,0.2371,NA,NA,NA,5500,5500,26900
383312,Buckeye Joint Vocational School,New Philadelphia,OH,1,1,41,NA,NA,80,0.6625,0.275,NA,NA,NA,15983,NA,NA,0,NA,NA,NA,PS,PS,35889
383330,Sandusky Career Center,Sandusky,OH,1,1,13,NA,NA,88,0.6932,0.642,NA,NA,NA,9905,NA,NA,0.6743,NA,NA,NA,14513,14513,40504
383367,Greater Altoona Career & Technology Center,Altoona,PA,1,1,13,NA,NA,220,0.7182,0.5287,NA,NA,NA,3385,NA,NA,0.46,NA,NA,NA,9500,9500,38008
383464,Central Texas Beauty College-Temple,Temple,TX,1,3,13,NA,NA,32,0.9375,0.375,NA,NA,NA,4283,NA,NA,0,NA,NA,NA,PS,PS,23338
383525,Erie 2 Chautauqua Cattaraugus BOCES-Practical Nursing Program,Angola,NY,1,1,32,NA,NA,24,0.8333,0.3409,NA,NA,NA,11017,NA,NA,0.3134,NA,NA,NA,PS,PS,47270
383996,Eastern New Mexico University Ruidoso Branch Community College,Ruidoso,NM,1,1,33,NA,NA,377,0.7109,0.357,1372,3268,9907,2220,6877,0.1905,0.0054,NA,NA,NA,16500,16500,38550
384236,UEI College-Ontario,Ontario,CA,1,3,12,NA,NA,1045,0.3876,0.3484,NA,NA,NA,10309,NA,NA,0.7505,NA,NA,NA,9500,9500,31141
384245,UEI College-Reseda,Reseda,CA,1,3,11,NA,NA,1201,0.2998,0.3494,NA,NA,NA,10650,NA,NA,0.758,NA,NA,NA,9500,9500,31141
384254,Beacon College,Leesburg,FL,3,2,22,0.4347,NA,506,0.3518,0.0683,51680,51680,70775,33918,6234,1,0.3491,0.8492,0.6023,0.5882,25000,25000,29420
384306,Acupuncture and Integrative Medicine College-Berkeley,Berkeley,CA,4,2,12,NA,NA,NA,NA,NA,NA,NA,NA,11559,5833,NA,NA,NA,NA,NA,PS,PS,NA
384333,Estrella Mountain Community College,Avondale,AZ,1,1,21,NA,NA,4512,0.629,0.1916,2358,8958,18040,1998,10322,1,0.0702,NA,NA,NA,7500,7500,44356
384342,Heartland Community College,Normal,IL,1,1,22,NA,NA,2997,0.5666,0.2277,5550,13110,16727,4645,8308,0.2531,0.0753,NA,NA,NA,7826,7826,40768
384412,University of the Potomac-Washington DC Campus,Washington,DC,2,3,11,NA,NA,809,0.6218,0.7406,6660,6660,NA,5599,3125,NA,0.094,0.8,0.3333,0.3889,8769,8769,34961
384421,Rabbi Jacob Joseph School,Edison,NJ,3,2,21,0.9167,NA,115,0,NA,12700,12700,22600,15717,3467,NA,0,0.9677,0,0.0192,PS,PS,NA
385132,The Salon Professional Academy-Melbourne,Melbourne,FL,1,3,13,NA,NA,163,0.9387,0.4545,NA,NA,NA,12976,NA,NA,0.5421,NA,NA,NA,7528,7528,16515
385415,Albert Einstein College of Medicine,Bronx,NY,4,2,11,NA,NA,NA,NA,NA,NA,NA,NA,35580,NA,NA,NA,NA,NA,NA,NA,NA,NA
385503,Fortis Institute-Scranton,Scranton,PA,1,3,13,NA,NA,372,0.7097,0.5415,15348,15348,29552,13043,4933,0.5161,0.7379,NA,NA,NA,9500,9500,30224
385619,Everglades University,Boca Raton,FL,3,2,13,0.8145,NA,2789,0.502,0.7412,21680,21680,38913,21991,5277,0.2671,0.7396,0.7365,0.6136,0.5939,38996,38996,47597
386153,Seminar L'moros Bais Yaakov,Brooklyn,NY,1,2,11,0.844,NA,449,1,0.0162,12500,12500,31285,6624,NA,0.2759,0,NA,NA,NA,PS,PS,24366
386472,Herzing University-Orlando,Winter Park,FL,2,2,21,0.942,NA,714,0.8221,0.7279,13450,13450,26664,13487,7718,0.2069,0.8077,0.4,0.3714,0.3913,21500,21500,36909
387925,Cortiva Institute,Maitland,FL,1,3,13,NA,NA,0,0,0.6694,NA,NA,NA,5615,NA,NA,0.5,NA,NA,NA,7521,7521,27193
388520,College of Biblical Studies-Houston,Houston,TX,3,2,11,NA,NA,419,0.3962,0.6909,9350,9350,11523,7810,5430,0.5333,0.2178,1,0.4,PS,25570,25570,39260
389745,Mercaz Hatorah of Belle Harbor,Belle Harbor,NY,2,2,NA,NA,NA,NA,NA,NA,NA,NA,NA,NA,NA,NA,NA,NA,NA,NA,NA,NA,NA
389860,Mid-EastCTC-Adult Education,Zanesville,OH,1,1,41,NA,NA,356,0.4775,0.5187,NA,NA,NA,15747,NA,NA,0.3252,NA,NA,NA,7600,7600,40416
390905,Polaris Career Center,Middleburg Heights,OH,1,1,21,NA,NA,300,0.5333,0.413,NA,NA,NA,8822,NA,NA,0.3169,NA,NA,NA,6365,6365,38718
391005,P&A Scholars Beauty School,Detroit,MI,1,3,11,NA,NA,90,0.9667,0.637,NA,NA,NA,10293,NA,NA,0.4292,NA,NA,NA,6333,6333,20249
391759,Sharp's Academy of Hairstyling,Grand Blanc,MI,1,3,21,NA,NA,16,0.875,0.1538,NA,NA,NA,6480,NA,NA,0.4667,NA,NA,NA,PS,PS,16266
392257,The College of Health Care Professions-Northwest,Houston,TX,1,3,11,NA,NA,4530,0.9338,0.598,NA,NA,NA,5795,5478,0.3463,0.6801,NA,0.4673,0.4639,9500,9500,33070
392354,School of Professional Horticulture New York Botanical Garden,Bronx,NY,1,2,11,0,NA,14,0.3571,0.7895,8750,8750,NA,7599,NA,NA,0.0556,NA,NA,NA,PS,PS,NA
392415,Fortis College,Houston,TX,1,3,11,NA,NA,455,0.5912,0.4846,NA,NA,NA,9946,4942,0.2353,0.7673,NA,NA,NA,9500,9500,33193
393649,UEI College-Gardena,Gardena,CA,1,3,11,NA,NA,1332,0.4279,0.4896,NA,NA,NA,7943,5381,NA,0.7855,NA,NA,NA,9500,9500,30848
393861,Asian-American International Beauty College,Westminster,CA,1,3,21,NA,NA,442,0.8484,0.8136,NA,NA,NA,6328,NA,NA,0,NA,NA,NA,PS,PS,12610
395362,Copper Mountain Community College,Joshua Tree,CA,2,1,42,NA,NA,1323,0.6795,0.4377,1390,13570,18216,191,10670,0.3391,0.0315,NA,NA,NA,PS,PS,33281
395690,Diversified Vocational College,Los Angeles,CA,1,3,11,NA,NA,264,0.2879,0.933,NA,NA,NA,12860,NA,NA,0.4074,NA,NA,NA,9500,9500,25328
397942,UEI College-Fresno,Fresno,CA,1,3,11,NA,NA,1009,0.5828,0.3943,NA,NA,NA,10624,NA,NA,0.7559,NA,NA,NA,9500,9500,27688
399212,Santiago Canyon College,Orange,CA,2,1,12,NA,NA,10579,0.346,0.4084,1164,9612,13818,617,14053,0.2164,0.0063,NA,NA,NA,5125,PS,44956
399869,Southern California Institute of Technology,Anaheim,CA,1,3,11,0.7419,NA,508,0.0551,0.6015,20515,20515,37992,7255,6758,0.3,0.6262,1,0.7404,0.7697,10798,10798,53598
399911,Soka University of America,Aliso Viejo,CA,3,2,21,0.4338,1440,484,0.6178,0.0065,38728,38728,55064,2343,13313,0.7692,0.372,0.9048,0.9182,0.894,15650,15650,55017
400080,Summit College,San Bernardino,CA,1,3,12,NA,NA,989,0.2305,0.4736,NA,NA,NA,12180,NA,NA,0.6054,NA,NA,NA,7600,7600,40187
400187,Advance Beauty College,Garden Grove,CA,1,3,21,NA,NA,346,0.9046,0.7388,NA,NA,NA,8237,NA,NA,0,NA,NA,NA,PS,PS,11575
400558,Los Angeles Pacific College,Los Angeles,CA,1,3,11,NA,NA,78,0.5385,0.9508,7260,7260,NA,12698,NA,NA,0,NA,NA,NA,NA,NA,NA
401223,World Mission University,Los Angeles,CA,3,2,11,NA,NA,207,0.6957,0.9222,6920,6920,22505,5701,6253,0.5,0.0222,1,1,PS,PS,PS,NA
401250,Yo San University of Traditional Chinese Medicine,Los Angeles,CA,4,2,21,NA,NA,NA,NA,NA,NA,NA,NA,6933,8407,NA,NA,NA,NA,NA,PS,PS,NA
401764,John Amico School of Hair Design,Oak Forest,IL,1,3,21,NA,NA,162,0.963,0.5657,NA,NA,NA,15180,NA,NA,0.5892,NA,NA,NA,7917,7917,NA
402563,Delta College Inc,Covington,LA,1,3,22,NA,NA,155,0.9097,0.5752,NA,NA,NA,9783,NA,NA,0.64,NA,NA,NA,6397,6397,32044
402800,Tri-State Cosmetology Institute,El Paso,TX,1,3,11,NA,NA,126,0.9603,0.4082,NA,NA,NA,9222,NA,NA,0.5933,NA,NA,NA,5735,5735,18157
404055,Brookline College-Tempe,Tempe,AZ,2,3,12,NA,NA,282,0.8972,0.5952,NA,NA,NA,11534,5830,NA,0.5771,NA,NA,NA,9500,9500,29576
404222,Inter American University of Puerto Rico-School of Optometry,Bayamon,PR,4,2,12,NA,NA,NA,NA,NA,NA,NA,NA,33690,7799,1,NA,NA,NA,NA,PS,PS,NA
404338,Schiller International University,Tampa,FL,3,3,11,NA,NA,43,0.3721,0.3714,13680,13680,NA,8331,4167,0.36,0.1143,0.625,0.3333,0.2,35758,PS,35529
404426,Coconino Community College,Flagstaff,AZ,1,1,41,NA,NA,2426,0.5569,0.2463,2907,9987,19844,3245,8775,0.4211,0.0538,NA,NA,NA,10250,10250,40420
404684,Emma's Beauty Academy-Juana Diaz,Juana Diaz,PR,1,3,23,NA,NA,339,0.6903,0.1384,NA,NA,NA,7921,NA,NA,0,NA,NA,NA,PS,PS,17034
404718,Brillare Beauty Institute,Cleveland,TN,1,2,13,NA,NA,265,0.9811,0.332,NA,NA,NA,9894,NA,NA,0.7163,NA,NA,NA,7479,7479,24728
404912,Pima Medical Institute-Denver,Denver,CO,1,3,21,NA,NA,664,0.8148,0.4725,NA,NA,NA,11365,6284,0.4655,0.5016,NA,NA,NA,9500,9500,38673
405012,Ohio State School of Cosmetology-Heath,Heath,OH,1,3,23,NA,NA,86,0.9767,0.2174,NA,NA,NA,11393,NA,NA,0.6457,NA,NA,NA,9900,9900,25078
405058,Yeshivas Novominsk,Brooklyn,NY,2,2,11,0.9038,NA,157,0,NA,8640,8640,17880,24405,6176,1,0,0.8261,0.8077,0.7369,PS,PS,NA
405076,Southern Careers Institute-Corpus Christi,Corpus Christi,TX,1,3,11,NA,NA,578,0.7889,0.4574,NA,NA,NA,10084,4665,0.619,0.6419,NA,NA,NA,8708,8708,27035
405854,Rabbinical College of Ohr Shimon Yisroel,Brooklyn,NY,3,2,11,NA,NA,232,0,0.0215,22300,22300,41283,15391,3042,NA,0,0.6154,0.4118,0.4054,PS,PS,NA
405872,Carroll Community College,Westminster,MD,2,1,31,NA,NA,1990,0.5764,0.183,4308,10158,8628,4607,7556,0.407,0.0446,NA,NA,NA,11750,11750,44349
406024,Galen College of Nursing-Tampa Bay,Saint Petersburg,FL,2,3,11,NA,NA,1465,0.8717,0.7645,17048,17048,34369,17687,6712,0.5938,0.8157,0.5385,0.6333,0.6424,24166,24166,61480
406033,Galen College of Nursing-San Antonio,San Antonio,TX,2,3,11,NA,NA,2953,0.8537,0.792,17048,17048,34565,12433,6525,0.523,0.8188,0.6129,0.8088,0.7135,24166,24166,61480
406149,Sarasota School of Massage Therapy,Sarasota,FL,1,3,21,NA,NA,82,0.7317,0.75,NA,NA,NA,21069,NA,NA,0.822,NA,NA,NA,7916,7916,30237
406325,Schuyler Steuben Chemung Tioga Allegany BOCES,Elmira,NY,1,1,41,NA,NA,166,0.8193,0.5412,NA,NA,NA,10370,NA,NA,0.7351,NA,NA,NA,9500,9500,43956
406361,Delaware Chenango Madison Otsego BOCES-Practical Nursing Program,Norwich,NY,1,1,41,NA,NA,31,0.9355,0.6176,NA,NA,NA,5350,NA,NA,0.8235,NA,NA,NA,PS,PS,48116
406422,Central Susquehanna Intermediate Unit LPN Career,Milton,PA,1,1,41,0.6667,NA,98,0.898,0.5172,NA,NA,NA,11104,NA,NA,0.6102,NA,NA,NA,12034,12034,49686
407090,G Skin & Beauty Institute,Oakbrook,IL,1,3,21,NA,NA,337,0.9852,0.5849,NA,NA,NA,16842,NA,NA,0.6012,NA,NA,NA,7917,7917,32281
407142,Cosmetology Training Center,Lafayette,LA,1,3,12,NA,NA,125,0.984,0.2277,NA,NA,NA,10198,NA,NA,0.5577,NA,NA,NA,7800,7800,16194
407151,Stage One-The Hair School,Lake Charles,LA,1,3,13,NA,NA,66,1,0.1519,NA,NA,NA,6286,NA,NA,0.6,NA,NA,NA,9833,9833,17390
407179,Empire Beauty School-Malden,Malden,MA,1,3,21,NA,NA,95,0.9684,0.3861,NA,NA,NA,10886,NA,NA,0.5029,NA,NA,NA,10667,10667,23921
407355,Xenon A Stephanie Moss Academy,Omaha,NE,1,3,11,NA,NA,241,0.8714,0.2636,NA,NA,NA,9774,NA,NA,0.4972,NA,NA,NA,6867,6867,28953
407434,Orlo School of Hair Design and Cosmetology,Albany,NY,1,3,12,NA,NA,56,0.9464,0.25,NA,NA,NA,14044,NA,NA,0.5385,NA,NA,NA,6538,6538,32014
407461,Eastland-Fairfield Career and Technical Schools,Groveport,OH,1,1,21,NA,NA,115,0.3652,0.5595,NA,NA,NA,10107,NA,NA,0.6505,NA,NA,NA,6333,6333,43780
407470,Empire Beauty School-Cincinnati,Cincinnati,OH,1,3,21,NA,NA,168,0.9583,0.4743,NA,NA,NA,10278,NA,NA,0.5563,NA,NA,NA,16500,16500,23743
407489,Mahoning County Career and Technical Center,Canfield,OH,1,1,21,NA,NA,80,0.375,0.4595,NA,NA,NA,17952,NA,NA,0.0746,NA,NA,NA,PS,PS,37526
407498,Maplewood Area Joint Vocational School,Ravenna,OH,1,1,NA,NA,NA,NA,NA,NA,NA,NA,NA,NA,NA,NA,NA,NA,NA,NA,NA,NA,NA
407513,Pickaway Ross Joint Vocational School District,Chillicothe,OH,1,1,32,NA,NA,145,0.5034,0.5274,NA,NA,NA,8829,NA,NA,0.2954,NA,NA,NA,5500,5500,46485
407522,Pioneer Career and Technology Center,Shelby,OH,1,1,31,NA,NA,63,0.6349,0.4853,NA,NA,NA,10754,NA,NA,0,NA,NA,NA,PS,PS,32219
407568,Raphael's School of Beauty Culture Inc-Boardman,Boardman,OH,1,3,21,NA,NA,129,0.9535,0.3817,NA,NA,NA,10738,NA,NA,0.5024,NA,NA,NA,6251,6251,22437
407577,Scioto County Career Technical Center,Lucasville,OH,1,1,42,NA,NA,175,0.6857,0.472,NA,NA,NA,9294,NA,NA,0.3777,NA,NA,NA,5500,5500,40584
407610,Pacific Bible College,Medford,OR,3,2,13,1,NA,22,0.4545,0.7727,7168,7168,28080,7526,NA,NA,0,NA,0,PS,PS,PS,NA
407629,Lake Erie College of Osteopathic Medicine,Erie,PA,1,2,13,NA,NA,4,1,0.6,NA,NA,NA,37425,10880,0.3602,1,NA,NA,NA,PS,PS,NA
407683,UCAS University of Cosmetology Arts & Sciences-Harlingen,Harlingen,TX,1,3,13,NA,NA,87,0.9885,0.3293,NA,NA,NA,18867,NA,NA,0.7612,NA,NA,NA,6447,6447,19880
407708,Paul Mitchell the School-Federal Way,Federal Way,WA,1,3,21,NA,NA,147,0.9456,0.2848,NA,NA,NA,11492,NA,NA,0.5167,NA,NA,NA,10555,10555,31123
407735,Empire Beauty School-Green Bay,Ashwaubenon,WI,1,3,22,NA,NA,100,0.95,0.1412,NA,NA,NA,9481,NA,NA,0.5177,NA,NA,NA,10231,10231,23589
407832,Warren County Career Center,Lebanon,OH,1,1,41,NA,NA,263,0.3384,0.3835,NA,NA,NA,16380,NA,NA,0.2155,NA,NA,NA,5500,5500,49016
408066,Paul Mitchell the School-Wichita,Wichita,KS,1,3,11,NA,NA,163,0.6135,0.3547,NA,NA,NA,10711,NA,NA,0.6176,NA,NA,NA,9833,9833,31553
408163,Pinnacle Institute of Cosmetology,Mooresville,NC,1,3,13,NA,NA,18,1,0.1455,NA,NA,NA,17956,NA,NA,0.6238,NA,NA,NA,9833,9833,22786
408385,Southern Careers Institute-Pharr,Pharr,TX,1,3,13,NA,NA,596,0.6057,0.3037,NA,NA,NA,11366,4665,0.6,0.6974,NA,NA,NA,8708,8708,27035
408844,Florida National University-Main Campus,Hialeah,FL,2,3,21,NA,NA,2449,0.7305,0.61,17368,17368,33447,11434,4619,0.3814,0.7715,0.7669,0.3119,0.2963,27554,27554,33928
408862,Georgia Institute of Cosmetology,Athens,GA,1,3,12,NA,NA,200,0.96,0.392,NA,NA,NA,3040,NA,NA,0.8776,NA,NA,NA,11273,11273,21432
409032,Nouvelle Institute,Miami,FL,1,3,11,NA,NA,75,0.9733,0.7963,NA,NA,NA,11633,NA,NA,0,NA,NA,NA,PS,PS,16138
409120,Franklin Technology Center Adult Education,Joplin,MO,1,1,13,NA,NA,91,0.6374,0.625,NA,NA,NA,15996,NA,NA,0.6071,NA,NA,NA,7600,7600,36700
409193,Professional Technical Institution,Bayamon,PR,1,3,12,NA,NA,181,0.0497,0.4759,NA,NA,NA,9383,NA,NA,0,NA,NA,NA,PS,PS,24336
409254,Erikson Institute,Chicago,IL,4,2,11,NA,NA,NA,NA,NA,NA,NA,NA,12290,9072,1,NA,NA,NA,NA,PS,PS,NA
409315,South Texas College,McAllen,TX,2,1,12,NA,NA,15856,0.5791,0.1731,4920,7620,9561,1091,7665,0.5562,0,0.5846,0.2729,0.2744,PS,PS,36788
409537,Pike County Joint Vocational School District,Piketon,OH,1,1,42,NA,NA,39,0.4359,0.5789,NA,NA,NA,9972,NA,NA,0,NA,NA,NA,PS,PS,44689
409591,Lorain County Joint Vocational School District,Oberlin,OH,1,1,41,NA,NA,87,0.6552,0.3519,NA,NA,NA,13592,NA,NA,0.2024,NA,NA,NA,PS,PS,35776
409616,Roger Williams University School of Law,Bristol,RI,4,2,21,NA,NA,NA,NA,NA,NA,NA,NA,28157,11287,0.4714,NA,NA,NA,NA,26940,26940,70266
409698,California State University-Monterey Bay,Seaside,CA,3,1,22,0.974,NA,6819,0.5947,0.1797,7779,20379,26987,5923,12135,0.514,0.2848,0.7987,0.5909,0.6109,12750,12750,59247
410797,Ohio Media School-Valley View,Valley View,OH,1,3,21,NA,NA,88,0.4659,0.527,NA,NA,NA,18555,NA,NA,0.7385,NA,NA,NA,9500,9500,37423
410964,EINE Inc,Tewksbury,MA,1,3,21,NA,NA,47,0.9149,0.675,NA,NA,NA,13118,NA,NA,0.3636,NA,NA,NA,PS,PS,NA
411684,Marian Health Careers Center-Los Angeles Campus,Los Angeles,CA,1,3,11,NA,NA,150,0.7667,0.6818,NA,NA,NA,11458,NA,NA,0.7021,NA,NA,NA,12337,12337,63612
411754,Cleveland Clinic School of Health Professions Radiologic Technology Program,Beachwood,OH,1,2,21,NA,NA,38,0.8684,0.4194,NA,NA,NA,5576,NA,NA,0.5517,NA,NA,NA,PS,PS,NA
412173,Academy for Nursing and Health Occupations,West Palm Beach,FL,2,2,21,NA,NA,558,0.914,0.8014,NA,NA,NA,12175,8372,0.625,0.6847,NA,NA,NA,20293,20293,47039
412535,Shawsheen Valley School of Practical Nursing,Billerica,MA,1,1,21,NA,NA,37,0.7568,0.8571,NA,NA,NA,10869,NA,NA,0.7143,NA,NA,NA,PS,PS,NA
412544,Shear Ego International School of Hair Design,Rochester,NY,1,3,21,NA,NA,204,0.9167,0.3835,NA,NA,NA,15742,NA,NA,0.3156,NA,NA,NA,6333,6333,NA
412599,Remington College-Memphis Campus,Memphis,TN,1,2,11,NA,NA,331,0.6798,0.6522,17083,17083,32443,9516,4309,NA,0.4935,NA,NA,NA,13271,13271,31349
413176,Fayette Institute of Technology,Oak Hill,WV,1,1,23,NA,NA,32,0.4375,0.6944,NA,NA,NA,1963,NA,NA,0,NA,NA,NA,PS,PS,41880
413413,Capella University,Minneapolis,MN,3,3,11,NA,NA,18364,0.849,0.9156,14400,14400,22820,11153,7627,0.1233,0.4709,0.4167,0.2,0.2667,14968,14968,42189
413617,College of Menominee Nation,Keshena,WI,2,2,42,NA,NA,258,0.6202,0.6758,6200,6200,16144,1040,6755,0.3571,0,NA,0.3171,0.2963,PS,PS,25853
413626,Leech Lake Tribal College,Cass Lake,MN,2,1,42,NA,NA,197,0.6244,0.6214,4850,4850,16717,8614,5877,0.6061,0,NA,NA,NA,PS,PS,NA
413680,Spartan College of Aeronautics & Technology,Inglewood,CA,1,3,21,NA,NA,411,0.0511,0.627,NA,NA,NA,13651,6949,NA,0.4252,NA,NA,NA,20000,20000,61575
413820,Yukon Beauty College Inc,Yukon,OK,1,3,21,NA,NA,9,1,0.3846,NA,NA,NA,10223,NA,NA,0.641,NA,NA,NA,PS,PS,19950
413893,United Education Institute-Morrow,Morrow,GA,1,3,21,NA,NA,1160,0.5241,0.4701,NA,NA,NA,10395,NA,NA,0.7763,NA,NA,NA,9500,9500,31141
414063,Artistic Academy of Hair Design,Morris Plains,NJ,1,3,21,NA,NA,88,0.9773,0.1828,NA,NA,NA,14035,NA,NA,0.4444,NA,NA,NA,5500,5500,34266
414124,Motoring Technical Training Institute,Seekonk,MA,1,3,21,NA,NA,312,0.2372,0.3902,NA,NA,NA,13523,NA,NA,0.4991,NA,NA,NA,9500,9500,48281
414461,Mech-Tech College,Caguas,PR,1,3,13,NA,NA,2302,0.0621,0.1946,11394,11394,18206,7060,2353,0.5,0.0931,NA,NA,NA,3500,3500,24967
414489,Baldwin Beauty School-North Austin,Austin,TX,1,3,11,NA,NA,78,0.9744,0.25,NA,NA,NA,8475,NA,NA,0.534,NA,NA,NA,6980,6980,24801
414540,Jean Madeline Aveda Institute,Philadelphia,PA,1,3,11,NA,NA,244,0.9836,0.318,NA,NA,NA,12225,NA,NA,0.5071,NA,NA,NA,8028,8028,26029
414595,Pacific College of Health and Science,New York,NY,2,3,11,NA,NA,330,0.8364,0.8893,15804,15804,59356,14561,7928,0.1176,0.3648,NA,0.5556,0.65,12271,12271,26209
414869,Tricoci University of Beauty Culture-Indianapolis,Indianapolis,IN,1,3,21,NA,NA,346,0.9682,0.4897,NA,NA,NA,12828,NA,NA,0.6025,NA,NA,NA,7307,7307,26446
414878,Trine University-Regional/Non-Traditional Campuses,Angola,IN,3,2,32,0.3986,NA,607,0.5601,0.3919,7176,7176,26786,7503,8289,0.2207,0.1959,1,0,PS,25000,25000,57165
414911,Pennsylvania Highlands Community College,Johnstown,PA,2,1,41,NA,NA,788,0.6142,0.1251,7110,13350,12306,3648,5848,0.375,0.1321,NA,NA,NA,11000,11000,38752
414939,Nevada Career Institute,Las Vegas,NV,1,3,11,NA,NA,461,0.8677,0.5707,NA,NA,NA,7429,3146,NA,0.7517,NA,NA,NA,9500,9500,41472
414966,Phillips Theological Seminary,Tulsa,OK,4,2,11,NA,NA,NA,NA,NA,NA,NA,NA,3570,7297,1,NA,NA,NA,NA,PS,PS,NA
415039,Empire Beauty School-Hanover,Hanover,PA,1,3,13,NA,NA,55,1,0.16,NA,NA,NA,10637,NA,NA,0.5814,NA,NA,NA,13583,13583,24407
415057,Industrial Management Training Institute,Waterbury,CT,1,3,12,NA,NA,114,0.0175,0.1724,NA,NA,NA,9973,NA,NA,0.3889,NA,NA,NA,9500,9500,55344
415987,Allen School-Jamaica,Jamaica,NY,1,3,11,NA,NA,67,0.9403,0.5,NA,NA,NA,16433,NA,NA,0.9309,NA,NA,NA,9500,9500,34186
416458,Premiere Career College,Irwindale,CA,1,3,21,NA,NA,105,0.7905,0.6509,NA,NA,NA,6690,3996,1,0.6111,NA,NA,NA,15188,15188,41270
416801,The University of Texas MD Anderson Cancer Center,Houston,TX,3,1,11,NA,NA,334,0.7844,0.5124,NA,NA,NA,4724,14326,1,0.3416,NA,NA,NA,12500,12500,90232
417062,Estes Institute of Cosmetology Arts and Science,Visalia,CA,1,3,12,NA,NA,41,0.9756,0.4146,NA,NA,NA,9967,NA,NA,0.3294,NA,NA,NA,PS,PS,26965
417105,Baldwin Park Adult & Community Education,Baldwin Park,CA,1,1,21,NA,NA,426,0.2793,0.5678,NA,NA,NA,2336,NA,NA,0,NA,NA,NA,PS,PS,32069
417123,Ventura Adult and Continuing Education,Ventura,CA,1,1,12,NA,NA,74,0.5541,0.6731,NA,NA,NA,2405,NA,NA,0.0675,NA,NA,NA,3920,3920,38232
417442,Career Center of Southern Illinois,Red Bud,IL,1,1,42,0.5652,NA,36,0.9444,0.6875,NA,NA,NA,5554,NA,NA,0.8214,NA,NA,NA,15170,15170,48452
417503,Crave Beauty Academy,Wichita,KS,1,3,11,NA,NA,303,1,0.4817,NA,NA,NA,9317,NA,NA,0.4763,NA,NA,NA,7917,7917,26589
417600,Hastings Beauty School,Hastings,MN,1,3,31,NA,NA,22,0.9091,NA,NA,NA,NA,12957,NA,NA,0.5946,NA,NA,NA,PS,PS,26258
417628,Kirksville Area Technical Center,Kirksville,MO,1,1,33,0.6154,NA,22,0.7273,0.381,NA,NA,NA,3435,NA,NA,0.1429,NA,NA,NA,PS,PS,40517
417637,Southern Missouri Technical Institute,West Plains,MO,1,1,33,NA,NA,90,0.5111,0.4655,NA,NA,NA,2200,NA,NA,0.2769,NA,NA,NA,PS,PS,31460
417646,Saline County Career Center,Marshall,MO,1,1,33,0.5,NA,23,1,0.3913,NA,NA,NA,4039,NA,NA,0.8696,NA,NA,NA,14027,PS,37200
417655,Warrensburg Area Career Center,Warrensburg,MO,1,1,32,1,NA,31,0.9677,0.1739,NA,NA,NA,8345,NA,NA,0.6522,NA,NA,NA,PS,PS,37242
417682,Cass Career Center,Harrisonville,MO,1,1,32,1,NA,27,0.963,0.65,NA,NA,NA,2287,NA,NA,0.8,NA,NA,NA,PS,PS,52545
417716,Applied Tech,Sunset Hills,MO,1,1,21,0.4074,NA,172,0.936,0.7829,NA,NA,NA,5214,NA,NA,0.708,NA,NA,NA,14750,14750,56508
417725,Central College of Cosmetology,Saint Robert,MO,1,3,33,NA,NA,61,0.9836,0.375,NA,NA,NA,4308,NA,NA,0,NA,NA,NA,PS,PS,22821
417734,Southeast Missouri Hospital College of Nursing and Health Sciences,Cape Girardeau,MO,2,2,13,1,1020,200,0.875,0.5205,11064,11064,24592,12354,6532,1,0.6096,NA,0.75,PS,11500,11500,60918
417752,Messenger College,Bedford,TX,3,2,21,0.375,NA,24,0.6667,0.3462,11620,11620,29881,12033,2230,NA,0.963,0.5714,1,0.5429,PS,PS,29463
417831,Union County Vocational Technical School,Scotch Plains,NJ,1,1,21,NA,NA,88,0.3182,0.4,NA,NA,NA,1877,NA,NA,0.0139,NA,NA,NA,PS,PS,37590
417840,Prism Career Institute-Philadelphia,Philadelphia,PA,1,3,11,NA,NA,468,0.9359,0.6995,NA,NA,NA,14269,NA,NA,0.6661,NA,NA,NA,17200,17200,32473
417868,Clinton Essex Warren Washington BOCES,Plattsburgh,NY,1,1,32,0.3111,NA,31,0.9355,0.4,NA,NA,NA,10474,NA,NA,0.2286,NA,NA,NA,PS,PS,NA
417886,Jefferson Lewis BOCES-Practical Nursing Program,Watertown,NY,1,1,41,NA,NA,23,0.913,0.6087,22972,22972,NA,18796,NA,NA,0.8261,NA,NA,NA,8432,8432,47886
417910,Veeb Nassau County School of Practical Nursing,Hicksville,NY,1,1,21,NA,NA,193,0.7927,0.6289,20230,20230,45829,21285,NA,NA,0.3892,NA,NA,NA,9500,9500,62185
417983,Cattaraugus Allegany BOCES-Practical Nursing Program,Olean,NY,1,1,41,NA,NA,31,1,0.8261,NA,NA,NA,8330,NA,NA,0.7826,NA,NA,NA,PS,PS,39581
417992,Orange Ulster BOCES,Newburgh,NY,1,1,13,1,NA,74,0.9595,0.6528,NA,NA,NA,19640,NA,NA,0.6667,NA,NA,NA,PS,PS,57794
418010,Broome Delaware Tioga BOCES-Practical Nursing Program,Endicott,NY,1,1,22,0.4231,NA,99,0.9495,0.75,NA,NA,NA,9839,NA,NA,0.4845,NA,NA,NA,PS,PS,53233
418029,Washington Saratoga Warren Hamilton Essex BOCES-Practical Nursing Program,Hudson Falls,NY,1,1,23,0.8776,NA,35,0.8857,0.6486,NA,NA,NA,12680,NA,NA,0.9737,NA,NA,NA,PS,PS,48129
418038,Albany BOCES-Adult Practical Nursing Program,Albany,NY,1,1,21,NA,NA,187,0.9305,0.6149,NA,NA,NA,7806,NA,NA,0.7762,NA,NA,NA,9500,9500,47733
418065,Eastern Suffolk BOCES,Sayville,NY,1,1,21,0.7895,NA,310,0.8645,0.6182,NA,NA,NA,12745,NA,NA,0.4077,NA,NA,NA,9500,9500,63394
418083,Rockland County BOCES-Practical Nursing Program,West Nyack,NY,1,1,21,NA,NA,37,0.7568,0.6207,NA,NA,NA,12096,NA,NA,1,NA,NA,NA,8756,8756,68647
418126,New York College of Health Professions,Syosset,NY,3,2,21,NA,NA,58,0.6379,0.9706,16395,16395,NA,16131,4778,NA,0,NA,0.5,0.5179,24867,24867,31601
418171,Charles Stuart School of Diamond Setting,Brooklyn,NY,1,3,11,NA,NA,38,0.0263,0.9767,NA,NA,NA,19775,NA,NA,0.0306,NA,NA,NA,PS,PS,NA
418205,Career and Technology Education Centers of Licking County,Newark,OH,1,1,23,NA,NA,237,0.4262,0.4136,NA,NA,NA,9738,NA,NA,0.1652,NA,NA,NA,6500,6500,38002
418223,Northern Career Institute,Eastlake,OH,1,1,21,NA,NA,150,0.9333,0.6929,16250,16250,20379,15421,NA,NA,0.7071,NA,NA,NA,9500,9500,49073
418250,Washington County Career Center-Adult Technical Training,Marietta,OH,1,1,41,NA,NA,193,0.3472,0.3757,NA,NA,NA,13545,NA,NA,0,NA,NA,NA,PS,PS,43749
418269,Ohio Media School-Cincinnati,Norwood,OH,1,3,21,NA,NA,42,0.4762,0.6119,NA,NA,NA,18012,NA,NA,0.6217,NA,NA,NA,9500,9500,28918
418278,Vantage Career Center,Van Wert,OH,1,1,32,NA,NA,104,0.6538,0.557,NA,NA,NA,11922,NA,NA,0.1134,NA,NA,NA,11978,PS,33875
418296,Indian Capital Technology Center-Muskogee,Muskogee,OK,1,1,32,NA,NA,1491,0.4487,0.0476,NA,NA,NA,903,NA,NA,0,NA,NA,NA,PS,PS,33208
418302,Western Technology Center,Burns Flat,OK,1,1,43,NA,NA,129,0.6589,0.0991,NA,NA,NA,1388,NA,NA,0,NA,NA,NA,PS,PS,29728
418320,Mid-America Technology Center,Wayne,OK,1,1,42,NA,NA,173,0.4393,0.0215,NA,NA,NA,748,NA,NA,0,NA,NA,NA,PS,PS,38465
418348,Eastern Oklahoma County Technology Center,Choctaw,OK,1,1,41,NA,NA,115,0.2087,0.0174,NA,NA,NA,971,NA,NA,0,NA,NA,NA,PS,PS,49311
418357,Wes Watkins Technology Center,Wetumka,OK,1,1,43,NA,NA,195,0.5282,0.1073,NA,NA,NA,1486,NA,NA,0,NA,NA,NA,PS,PS,32209
418409,York County School of Technology-Adult & Continuing Education,York,PA,1,1,22,NA,NA,229,0.4847,0.4306,NA,NA,NA,5358,NA,NA,0.1965,NA,NA,NA,9500,9500,54322
418427,Chester County Intermediate Unit,Downingtown,PA,1,1,21,0.5833,NA,82,0.939,0.6471,NA,NA,NA,5257,NA,NA,0.8333,NA,NA,NA,18075,18075,60347
418445,Jefferson County DuBois Area Vocational Technical School,Reynoldsville,PA,1,1,42,0.8049,NA,39,0.7436,0.72,NA,NA,NA,5441,NA,NA,0.4773,NA,NA,NA,PS,PS,36531
418454,Greater Johnstown Career and Technology Center,Johnstown,PA,1,1,41,NA,NA,105,0.5238,0.5098,NA,NA,NA,8428,NA,NA,0.3252,NA,NA,NA,8455,8455,48881
418481,Mifflin County Academy of Science and Technology,Lewistown,PA,1,1,32,NA,NA,56,0.9286,0.5263,NA,NA,NA,5709,NA,NA,0.7455,NA,NA,NA,PS,PS,47765
418515,Lenape Technical School Practical Nursing Program,Ford City,PA,1,1,41,NA,NA,58,0.9138,0.662,NA,NA,NA,10321,NA,NA,0.6852,NA,NA,NA,17130,17130,46756
418524,Venango County Area Vocational Technical School,Oil City,PA,1,1,33,0.3846,NA,59,0.8475,0.7193,NA,NA,NA,5454,NA,NA,0.9231,NA,NA,NA,13500,13500,38161
418533,Lancaster County Career and Technology Center,Willow Street,PA,1,1,21,NA,NA,279,0.828,0.396,NA,NA,NA,7150,6321,NA,0.7368,NA,NA,NA,15250,15250,44566
418560,Indiana County Technology Center,Indiana,PA,1,1,41,NA,NA,109,0.789,0.6667,NA,NA,NA,7558,NA,NA,0.6942,NA,NA,NA,10901,10901,34858
418588,Northern Tier Career Center,Towanda,PA,1,1,41,0.7451,NA,50,0.96,0.5135,NA,NA,NA,6720,NA,NA,0.4762,NA,NA,NA,14750,PS,38737
418612,Hazleton Area Career Center,Hazle TWP.,PA,1,1,23,NA,NA,7,1,0.5714,NA,NA,NA,5865,NA,NA,0.7143,NA,NA,NA,PS,PS,49311
418658,All-State Career School-Pittsburgh,West Mifflin,PA,1,3,21,NA,NA,410,0.2659,0.7225,NA,NA,NA,8187,NA,NA,0.5923,NA,NA,NA,9500,9500,33193
418773,D'Mart Institute,Barranquitas,PR,1,3,21,NA,NA,257,0.5214,0.3004,NA,NA,NA,9751,NA,NA,0,NA,NA,NA,PS,PS,17340
418782,Automeca Technical College-Aguadilla,Aguadilla,PR,1,3,22,NA,NA,246,0.0447,0.2944,9095,9095,14487,8235,NA,NA,0.039,NA,NA,NA,3030,3030,24632
418889,North Central Institute,Clarksville,TN,1,3,12,NA,NA,61,0.082,0.6364,NA,NA,NA,11091,3929,NA,0.089,NA,NA,NA,PS,PS,55027
418968,Tint School of Makeup and Cosmetology-Dallas,Grand Prairie,TX,1,3,21,NA,NA,220,0.9909,0.4481,NA,NA,NA,13551,NA,NA,0.6005,NA,NA,NA,6333,6333,26381
419031,United Technical Center,Clarksburg,WV,1,1,32,NA,NA,10,0.9,0.56,4700,4700,11600,557,NA,NA,0,NA,NA,NA,PS,PS,49130
419095,Charles H McCann Technical School,North Adams,MA,1,1,41,NA,NA,41,0.9268,0.4222,NA,NA,NA,3733,NA,NA,0,NA,NA,NA,PS,PS,NA
419183,Central California School of Continuing Education,San Luis Obispo,CA,1,3,13,NA,NA,41,0.7073,0.75,9895,9895,19463,2825,NA,NA,0.5556,NA,NA,NA,5150,5150,41223
419217,HCA Florida Mercy Hospital School of Practical Nursing,Miami,FL,1,3,11,1,NA,31,0.871,0.6852,NA,NA,NA,5263,NA,NA,0,NA,NA,NA,PS,PS,72275
419226,Marion Technical College,Ocala,FL,1,1,13,NA,NA,463,0.4665,0.3926,NA,NA,NA,1815,NA,NA,0,NA,NA,NA,PS,PS,36095
419235,Rivertown School of Beauty Barber Skin Care and Nails,Columbus,GA,1,3,12,NA,NA,150,0.7467,0.6129,NA,NA,NA,11592,NA,NA,0.9385,NA,NA,NA,9500,9500,22139
419244,Atlanta Institute of Music and Media,Duluth,GA,2,3,21,NA,NA,248,0.2379,0.3561,NA,NA,NA,13509,4764,1,0.6847,NA,NA,NA,15411,15411,31186
419253,Illinois Media School,Chicago,IL,1,3,11,NA,NA,32,0.2813,0.75,NA,NA,NA,13487,NA,NA,0.5745,NA,NA,NA,9500,9500,38284
419280,New Dimensions School,Joplin,MO,1,3,13,NA,NA,38,1,0.3529,NA,NA,NA,8398,NA,NA,0.4211,NA,NA,NA,PS,PS,28050
419341,Jna Institute of Culinary Arts,Philadelphia,PA,1,3,11,NA,NA,15,0.4667,0.3226,14575,14575,28228,12469,2810,NA,1,NA,NA,NA,8209,8209,32286
419420,Putnam Career and Technical Center,Eleanor,WV,1,1,22,NA,NA,27,0.7407,0.4063,NA,NA,NA,232,NA,NA,0,NA,NA,NA,PS,PS,36203
419633,Texas College of Cosmetology-San Angelo,San Angelon,TX,1,3,13,NA,NA,72,0.9444,0.2651,NA,NA,NA,6078,NA,NA,0.9097,NA,NA,NA,6333,6333,21685
419703,Automeca Technical College-Bayamon,Bayamon,PR,1,3,12,NA,NA,482,0.0643,0.183,9095,9095,13703,8906,NA,NA,0.1111,NA,NA,NA,3030,3030,24632
419712,Automeca Technical College-Caguas,Caguas,PR,1,3,13,NA,NA,186,0.1022,0.2371,9095,9095,14262,9237,NA,NA,0.1649,NA,NA,NA,3030,3030,24632
419721,Automeca Technical College-Ponce,Ponce,PR,1,3,12,NA,NA,310,0.0742,0.3063,9095,9095,14278,8115,NA,NA,0.1479,NA,NA,NA,3030,3030,24632
420130,Prism Career Institute-Cherry Hill,Cherry Hill,NJ,1,3,21,NA,NA,269,0.8922,0.7226,NA,NA,NA,8125,NA,NA,0.6496,NA,NA,NA,17200,17200,32473
420246,Sonoran University of Health Sciences,Tempe,AZ,4,2,12,NA,NA,NA,NA,NA,NA,NA,NA,30092,7099,0.1899,NA,NA,NA,NA,PS,PS,NA
420325,Yeshiva D'monsey Rabbinical College,Monsey,NY,3,2,21,0.3684,NA,84,0,NA,9200,9200,20600,8767,3493,NA,0,0.4848,0.0625,0.0571,PS,PS,NA
420343,Lincoln Technical Institute-Mahwah,Mahwah,NJ,1,3,21,NA,NA,1080,0.038,0.2531,NA,NA,NA,12320,NA,NA,0.6793,NA,NA,NA,11730,11730,46396
420398,Northwest Vista College,San Antonio,TX,2,1,11,NA,NA,13993,0.5636,0.1929,3412,9952,11932,1572,7894,0.4478,0.0242,NA,0.3198,0.3198,9400,9400,42490
420431,Oconee Fall Line Technical College,Sandersville,GA,1,1,41,NA,NA,1708,0.695,0.4155,3380,5948,24902,2471,5333,NA,0,NA,NA,NA,6514,6514,30899
420440,York County Community College,Wells,ME,2,1,23,NA,NA,1133,0.6602,0.2424,4156,7036,15075,441,7381,0.1111,0.06,NA,NA,NA,8861,8861,44873
420468,Western Suffolk BOCES,Northport,NY,1,1,21,NA,NA,286,0.6189,0.5839,NA,NA,NA,15902,NA,NA,0.4885,NA,NA,NA,11339,11339,49667
420538,Arkansas State University-Mountain Home,Mountain Home,AR,1,1,33,NA,NA,925,0.6422,0.2835,3312,4776,16071,1516,5461,0.5625,0.2517,NA,NA,NA,10500,10500,34238
420556,Columbia Gorge Community College,The Dalles,OR,2,1,33,NA,NA,543,0.6427,0.2989,5940,10260,18608,3806,7289,0.3788,0.1332,NA,NA,NA,19397,PS,44440
420705,Bakke Graduate University,Dallas,TX,4,2,11,NA,NA,NA,NA,NA,NA,NA,NA,10951,NA,NA,NA,NA,NA,NA,PS,PS,NA
420723,Tillamook Bay Community College,Tillamook,OR,2,1,32,NA,NA,294,0.6599,0.2272,4896,5616,13267,2166,8990,0.2245,0.0179,NA,NA,NA,PS,PS,NA
420981,Manhattan School of Computer Technology,Brooklyn,NY,1,2,11,NA,NA,1002,0.7904,0.8704,NA,NA,NA,148,NA,NA,0.0024,NA,NA,NA,PS,PS,26020
421513,Ross College-Hopkinsville,Hopkinsville,KY,1,3,32,NA,NA,90,0.9667,0.4923,NA,NA,NA,8673,3582,NA,0.6154,NA,NA,NA,9500,9500,29898
421610,Paul Mitchell the School-St. George,Saint George,UT,1,3,12,NA,NA,109,0.9633,0.2427,NA,NA,NA,8968,NA,NA,0.2642,NA,NA,NA,10556,10556,38043
421665,Cadillac Institute of Cosmetology,Cadillac,MI,1,3,32,NA,NA,43,1,0.2292,NA,NA,NA,6070,NA,NA,0,NA,NA,NA,PS,PS,16514
421708,Arizona College of Nursing-Tempe,Tempe,AZ,3,3,12,1,NA,1202,0.8611,0.5939,26091,26091,38153,24856,7785,0.25,0.7389,0.7143,0.8889,PS,9500,9500,34657
421717,Vanguard-Sentinel Adult Career and Technology Center,Fremont,OH,1,1,32,NA,NA,7,0.4286,0.7368,NA,NA,NA,512,NA,NA,0,NA,NA,NA,PS,PS,33907
421771,Academy of Beauty Professionals,Raymore,MO,1,3,21,NA,NA,31,1,0.3889,NA,NA,NA,14006,NA,NA,0.5789,NA,NA,NA,6333,6333,25117
421878,Eastern International College-Jersey City,Jersey City,NJ,3,3,11,0.6963,NA,495,0.9232,0.6814,18383,18383,26182,21473,7038,0.2258,0.6118,0.5484,0.3412,0.3071,24751,24751,35008
421896,Academia Serrant Inc,Ponce,PR,1,3,12,NA,NA,156,0.6923,0.3441,NA,NA,NA,5300,NA,NA,0,NA,NA,NA,PS,PS,18422
422020,San Joaquin Valley College-Trades Education Center,Fresno,CA,1,3,11,NA,NA,364,0.044,0.4281,NA,NA,NA,8346,6204,0.7143,0.6306,NA,NA,NA,10674,10674,38317
422695,Pacific College,Costa Mesa,CA,2,3,12,0.56,NA,225,0.84,0.8596,NA,NA,NA,20168,5265,0.0597,0.4427,NA,0.625,0.7111,22469,22469,70064
422835,American College of Healthcare and Technology,Riverside,CA,1,3,11,NA,NA,272,0.7279,0.3333,NA,NA,NA,8813,4167,0.6923,0.8434,NA,NA,NA,9500,9500,31109
423120,Compu-Med Vocational Careers Corp,Hialeah,FL,1,3,21,NA,NA,169,0.787,0.7866,NA,NA,NA,21531,4942,0.2278,0.251,NA,0.808,0.808,PS,PS,22226
423397,Advantage Technical College,Manati,PR,1,3,21,NA,NA,584,0.4144,0.4863,NA,NA,NA,3807,NA,NA,0,NA,NA,NA,PS,PS,26905
423412,Mid Cities Barber College,Grand Prairie,TX,1,3,21,NA,NA,22,0.2727,0.4545,NA,NA,NA,13627,NA,NA,0,NA,NA,NA,PS,PS,24664
423643,Midwestern University-Glendale,Glendale,AZ,4,2,21,NA,NA,NA,NA,NA,NA,NA,NA,63543,13033,0.9614,NA,NA,NA,NA,PS,PS,NA
423652,Oregon Coast Community College,Newport,OR,2,1,32,NA,NA,376,0.6968,0.4026,5544,5544,14650,6592,7965,0.22,0.1863,NA,NA,NA,PS,PS,NA
425250,Gwinnett College,Roswell,GA,1,3,12,NA,NA,94,0.7979,0.7193,NA,NA,NA,6262,3922,NA,0.7037,NA,NA,NA,9500,9500,31206
426314,Embry-Riddle Aeronautical University-Worldwide,Daytona Beach,FL,3,2,13,0.5791,1148,9139,0.1627,0.7607,12097,12097,24878,13173,9064,0.2097,0.1004,0.6029,0.2055,0.2105,23666,23666,84131
427308,Merkaz Bnos-Business School,Brooklyn,NY,1,2,11,NA,NA,110,0.9273,0.9542,NA,NA,NA,13923,NA,NA,0,NA,NA,NA,PS,PS,27249
427335,Lia Schorr Institute of Cosmetic Skin Care Training,New York,NY,1,3,11,NA,NA,34,1,0.7632,NA,NA,NA,2986,NA,NA,0.4167,NA,NA,NA,PS,PS,NA
427973,Aviation Institute of Maintenance-Norfolk,Norfolk,VA,1,3,12,NA,NA,270,0.1333,0.519,16757,16757,28427,16261,NA,NA,0.173,NA,NA,NA,29375,29375,44173
427991,Osceola Technical College,Kissimmee,FL,1,1,21,NA,NA,519,0.4008,0.1184,NA,NA,NA,3741,NA,NA,0,NA,NA,NA,PS,PS,38484
428000,Miami Ad School,Miami,FL,1,3,11,NA,NA,32,0.5625,0.697,19400,19400,66800,40672,NA,NA,0.3636,NA,NA,NA,25967,25967,106192
428019,Green Country Technology Center,Okmulgee,OK,1,1,41,NA,NA,89,0.6404,0.0952,NA,NA,NA,670,NA,NA,0,NA,NA,NA,PS,PS,51375
428055,Nova College de Puerto Rico,Bayamon,PR,1,3,12,NA,NA,144,0.6667,0.4423,NA,NA,NA,5853,NA,NA,0,NA,NA,NA,PS,PS,20251
428125,John Wesley International Barber and Beauty College,Long Beach,CA,1,3,11,NA,NA,57,0.4386,0.4262,NA,NA,NA,10760,NA,NA,0.4896,NA,NA,NA,PS,PS,23643
428170,Southeastern College-Boynton Beach,Boynton Beach,FL,2,3,21,0.8704,NA,563,0.9183,0.6031,24480,24480,37884,15121,6430,0.4175,0.9385,0.6667,0.875,0.7717,19000,19000,41200
428259,Ottawa University-Milwaukee,Brookfield,WI,3,2,21,NA,NA,41,0.8293,0.8833,NA,NA,NA,8872,6468,NA,0.6167,NA,NA,NA,21500,21500,55552
428392,Klamath Community College,Klamath Falls,OR,1,1,33,NA,NA,1130,0.6319,0.3094,4965,8025,15644,7256,8016,1,0.199,NA,NA,NA,17480,17480,34357
429085,American College of Acupuncture and Oriental Med,Houston,TX,4,3,11,NA,NA,NA,NA,NA,NA,NA,NA,12444,5340,NA,NA,NA,NA,NA,PS,PS,NA
429128,Urban College of Boston,Boston,MA,2,2,11,NA,NA,438,0.9543,0.8764,7608,7608,19353,4433,NA,NA,0,NA,NA,NA,PS,PS,35472
430184,Strayer University-Maryland,Baltimore,MD,3,3,21,NA,NA,1043,0.7287,0.9125,13920,13920,NA,14442,8381,0.1481,0.7349,1,0.375,0.2857,40621,40621,40092
430227,Empire Beauty School-Monroeville,Monroeville,PA,1,3,21,NA,NA,84,0.9881,0.5385,NA,NA,NA,10305,NA,NA,0.6429,NA,NA,NA,13000,13000,25073
430245,Southern Careers Institute-San Antonio,San Antonio,TX,1,3,11,NA,NA,584,0.7791,0.4732,NA,NA,NA,11162,4665,0.6087,0.5992,NA,NA,NA,8708,8708,27035
430306,Cayce/Reilly School of Massage,Virginia Beach,VA,1,2,11,NA,NA,19,0.6842,0.8,NA,NA,NA,2514,NA,NA,0.7368,NA,NA,NA,PS,PS,19338
430403,Prism Career Institute-West Atlantic City,West  Atlantic City,NJ,1,3,21,NA,NA,235,0.9574,0.7216,NA,NA,NA,8888,NA,NA,0.6334,NA,NA,NA,17200,17200,32473
430564,Studio Jewelers,New York,NY,1,3,11,NA,NA,74,0.6216,0.6615,NA,NA,NA,14087,NA,NA,0.0828,NA,NA,NA,PS,PS,NA
430582,Praxis Institute,Miami,FL,1,3,21,NA,NA,422,0.5332,0.9273,NA,NA,NA,381,NA,NA,0.728,NA,NA,NA,8905,8905,22300
430670,San Juan Bautista School of Medicine,Caguas,PR,3,2,13,1,NA,94,0.734,0.05,6750,12747,12341,26993,NA,NA,0.4,0.8889,0.6923,0.4872,PS,PS,NA
430704,Texas Health and Science University,Austin,TX,4,3,11,NA,NA,NA,NA,NA,NA,NA,NA,14889,6026,NA,NA,NA,NA,NA,PS,PS,NA
430795,Carver Career Center,Charleston,WV,1,1,22,NA,NA,169,0.7515,0.0368,NA,NA,NA,4857,NA,NA,0,NA,NA,NA,PS,PS,33739
430883,Cayuga Onondaga BOCES-Practical Nursing Program,Auburn,NY,1,1,32,0.4286,NA,32,0.8125,0.7222,14085,14085,38884,4776,NA,NA,0.8056,NA,NA,NA,11426,11426,45439
430908,Clearfield County Career and Technology Center,Clearfield,PA,1,1,41,NA,NA,31,0.9677,0.4595,NA,NA,NA,21809,NA,NA,0.2453,NA,NA,NA,8750,8750,41559
430935,Colegio de Cinematografia Artes y Television,Bayamon,PR,2,3,12,NA,NA,556,0.2968,0.1742,7796,7796,8846,7910,1772,0.2874,0,NA,NA,NA,PS,PS,25707
430971,Delaware County Technical School-Practical Nursing Program,Broomall,PA,1,1,21,1,NA,48,0.9375,0.7143,NA,NA,NA,14936,NA,NA,0.7273,NA,NA,NA,16500,16500,55120
431017,Mid-Del Technology Center,Midwest City,OK,1,1,21,NA,NA,84,0.5357,0.086,NA,NA,NA,668,NA,NA,0,NA,NA,NA,PS,PS,33238
431071,New York Institute of Massage Inc,Williamsville,NY,1,3,21,NA,NA,30,0.6667,0.7632,NA,NA,NA,12912,NA,NA,0.4859,NA,NA,NA,10322,10322,26379
431105,Dutchess BOCES-Practical Nursing Program,Poughkeepsie,NY,1,1,41,NA,NA,81,0.8765,0.7765,NA,NA,NA,3989,NA,NA,0.5909,NA,NA,NA,7063,7063,48363
431123,Escuela Tecnica de Electricidad,Ponce,PR,1,3,12,NA,NA,183,0.0164,0.3538,NA,NA,NA,10530,NA,NA,0,NA,NA,NA,PS,PS,26398
431141,Institute of Technology,Clovis,CA,1,3,21,NA,NA,1377,0.5861,0.5763,NA,NA,NA,12242,5507,0.3852,0.6709,NA,NA,NA,9500,9500,35095
431196,Genesee Valley BOCES-Practical Nursing Program,Batavia,NY,1,1,32,NA,NA,93,0.8817,0.6885,NA,NA,NA,8573,NA,NA,0.8361,NA,NA,NA,13000,13000,46695
431266,Henrico County-Saint Marys Hospital School of Practical Nursing,Richmond,VA,1,1,21,0.704,NA,79,0.9873,0.3797,NA,NA,NA,2977,NA,NA,0.2095,NA,NA,NA,PS,PS,56618
431275,Herkimer County BOCES-Practical Nursing Program,Herkimer,NY,1,1,31,NA,NA,58,0.8793,0.8065,NA,NA,NA,8332,NA,NA,0.8,NA,NA,NA,8975,8975,41763
431284,Graduate America College,Garland,TX,1,3,21,NA,NA,62,0.9194,0.4028,NA,NA,NA,12037,NA,NA,0,NA,NA,NA,PS,PS,22178
431558,Cape Coral Technical College,Cape Coral,FL,1,1,12,NA,NA,278,0.6331,0.2973,NA,NA,NA,3343,NA,NA,0,NA,NA,NA,PS,PS,36080
431600,UPMC Mercy School of Nursing,Pittsburgh,PA,1,2,11,0.8789,NA,308,0.8734,0.6328,16190,16190,35713,9564,NA,NA,0.741,NA,NA,NA,14750,14750,68337
431716,Ocean County Vocational-Technical School,Toms River,NJ,1,1,21,NA,NA,497,0.495,0.2089,NA,NA,NA,8696,NA,NA,0.2428,NA,NA,NA,5500,5500,47122
431983,Yeshiva of the Telshe Alumni,Riverdale,NY,2,2,11,1,NA,73,0,NA,9600,9600,NA,16543,5088,NA,0,NA,0.8889,0.3529,PS,PS,NA
432117,Kenneth Shuler School of Cosmetology-Rock Hill,Rock Hill,SC,1,3,13,NA,NA,181,0.9669,0.4186,NA,NA,NA,12443,NA,NA,0.5503,NA,NA,NA,6333,6333,23193
432269,CET-El Paso,El Paso,TX,1,2,11,NA,NA,67,0.2239,0.8649,NA,NA,NA,16485,NA,NA,0.6328,NA,NA,NA,7041,7041,32986
432348,Appalachian School of Law,Grundy,VA,4,2,43,NA,NA,NA,NA,NA,NA,NA,NA,18827,9530,1,NA,NA,NA,NA,PS,PS,NA
432384,Platt College-Ontario,Ontario,CA,2,3,12,NA,NA,500,0.856,0.4218,14922,14922,27895,19090,6150,0.3636,0.7548,NA,0.582,0.578,18685,18685,40669
433004,American University of Health Sciences,Signal Hill,CA,3,3,21,0.5,NA,351,0.7265,0.6951,24575,24575,NA,26660,11448,0.4896,0.8297,1,0.5,PS,40326,40326,93610
433013,Career Networks Institute,Santa Ana,CA,2,3,11,NA,NA,1133,0.6937,0.6962,NA,NA,NA,27546,10184,0.1806,0.7583,1,0.8929,0.8333,25899,25899,45256
433040,Monty Tech,Fitchburg,MA,1,1,22,0.8305,NA,48,0.8333,0.6667,NA,NA,NA,8255,NA,NA,0.7576,NA,NA,NA,9500,9500,NA
433068,Okaloosa Technical College,Fort Walton Beach,FL,1,1,13,NA,NA,421,0.399,0.4289,NA,NA,NA,1477,NA,NA,0,NA,NA,NA,PS,PS,32577
433101,Lincoln Technical Institute-Lincoln,Lincoln,RI,1,3,21,NA,NA,659,0.8801,0.66,NA,NA,NA,12666,NA,NA,0.7902,NA,NA,NA,10521,10521,31914
433138,Wayne County Schools Career Center,Smithville,OH,1,1,32,NA,NA,146,0.8219,0.4222,NA,NA,NA,12618,NA,NA,0.3861,NA,NA,NA,7574,7574,42774
433174,Carolinas College of Health Sciences,Charlotte,NC,1,1,11,0.599,1130,533,0.878,0.5585,18882,18882,NA,13506,7524,0.8197,0.7723,NA,1,PS,15337,15337,64624
433387,Western Governors University,Salt Lake City,UT,3,2,21,NA,NA,155088,0.5557,0.8424,8658,8658,16728,8499,6375,0.746,0.4323,0.6458,0.4618,0.4815,11116,11116,60615
433420,California Aeronautical University,Bakersfield,CA,3,3,21,NA,NA,347,0.1326,0.5144,37667,37667,46233,47378,6232,0.2532,0.6081,0.6923,0.3019,0.3453,30705,PS,38361
433536,Herzing University-New Orleans,Metairie,LA,2,2,12,0.92,NA,346,0.9335,0.759,13450,13450,28414,10846,7240,0.2857,0.8338,0.5,0.1538,0.2973,21500,21500,36909
433660,Florida Gulf Coast University,Fort Myers,FL,3,1,21,0.6344,1114,13874,0.5667,0.0918,6118,25162,20807,5654,9789,0.6719,0.246,0.8322,0.574,0.5674,17622,17622,54560
434016,Little Priest Tribal College,Winnebago,NE,2,1,42,NA,NA,182,0.6703,0.4375,5400,5400,12581,722,5882,0.4138,0,NA,NA,NA,PS,PS,NA
434061,South Louisiana Community College,Lafayette,LA,1,1,12,NA,NA,5035,0.6405,0.3345,4210,4210,19044,3209,5391,0.4622,0.3594,NA,NA,NA,11000,11000,31432
434140,Pima Medical Institute-Chula Vista,Chula Vista,CA,1,3,11,NA,NA,537,0.7672,0.3881,NA,NA,NA,10466,6540,0.5385,0.5552,NA,NA,NA,9500,9500,38673
434159,Lincoln College of Technology-Marietta,Marietta,GA,1,3,21,NA,NA,538,0.2138,0.5274,NA,NA,NA,12630,5486,0.6316,0.6496,NA,NA,NA,10521,10521,31914
434274,Academy of Hair Design-Lufkin,Lufkin,TX,1,3,33,NA,NA,74,0.8514,0.5,NA,NA,NA,4623,NA,NA,0.5138,NA,NA,NA,11125,11125,20892
434308,Cortiva Institute,Linthicum,MD,1,3,21,NA,NA,225,0.9378,0.7052,NA,NA,NA,16103,NA,NA,0.5264,NA,NA,NA,7785,7785,30474
434344,COLLECTIV Academy-Worcester,Worcester,MA,1,3,12,NA,NA,192,0.9583,0.1988,NA,NA,NA,16556,NA,NA,0.7301,NA,NA,NA,6222,6222,NA
434362,Northwest HVAC/R Training Center,Spokane,WA,1,2,12,NA,NA,50,0.04,0.4898,NA,NA,NA,13112,NA,NA,0.6735,NA,NA,NA,9500,9500,60551
434432,Myotherapy Institute,Lincoln,NE,2,3,11,NA,NA,12,1,0.8,16750,16750,35500,18862,NA,NA,0.7692,NA,NA,NA,PS,PS,27531
434441,Florida College of Integrative Medicine,Orlando,FL,4,3,21,NA,NA,NA,NA,NA,NA,NA,NA,21535,4348,NA,NA,NA,NA,NA,PS,PS,NA
434469,New Professions Technical Institute,Miami,FL,2,3,11,NA,NA,514,0.9533,0.5941,NA,NA,NA,6955,NA,0.1379,0.9111,NA,NA,NA,PS,PS,25962
434496,Strand College of Hair Design,Myrtle Beach,SC,1,3,13,NA,NA,70,0.9857,0.3883,NA,NA,NA,12731,NA,NA,0.36,NA,NA,NA,6333,6333,21301
434584,Ilisagvik College,Barrow,AK,1,1,43,NA,NA,126,0.8016,0.6109,5260,5260,14377,5597,8506,1,0,1,0.4615,0.425,PS,PS,39541
434672,Community College of Baltimore County,Baltimore,MD,2,1,21,NA,NA,13872,0.6364,0.3723,4432,11010,15781,5999,9385,0.3024,0.0949,NA,NA,NA,11528,11528,43729
434751,White Earth Tribal and Community College,Mahnomen,MN,2,2,43,NA,NA,110,0.7273,0.6602,5490,5490,20963,8100,6521,0.4167,0,NA,NA,NA,PS,PS,18044
434821,Blue Cliff College-Metairie,Metairie,LA,1,3,12,NA,NA,291,0.9656,0.5294,NA,NA,NA,14491,NA,NA,0.7531,NA,NA,NA,9500,9500,22177
434830,Creative Images Institute of Cosmetology-North Dayton,Dayton,OH,1,3,21,NA,NA,210,0.9857,0.3441,NA,NA,NA,2194,NA,NA,0.6143,NA,NA,NA,9731,9731,22271
434900,Dewey University-Carolina,Carolina,PR,2,2,21,NA,NA,292,0.774,0.7865,7630,7630,11572,4971,2769,1,0.2051,0.64,0.6207,0.6201,5185,5185,19761
434937,Yeshiva College of the Nations Capital,Silver  Spring,MD,3,2,21,NA,NA,56,0,NA,11500,11500,25800,3725,8791,NA,0,0.6667,0,PS,PS,PS,NA
435000,Louisiana State University Health Sciences Center-Shreveport,Shreveport,LA,3,1,12,NA,NA,21,0.7619,0.6,NA,NA,NA,19097,7934,0.9516,0.6,NA,NA,NA,PS,PS,74671
436030,Hair Academy II,Hillcrest Heights,MD,1,3,21,NA,NA,218,0.7385,0.5174,NA,NA,NA,12545,NA,NA,0.4055,NA,NA,NA,6333,6333,43383
436304,River Parishes Community College,Gonzales,LA,1,1,41,NA,NA,1880,0.4787,0.2618,4079,4079,16783,5515,6103,0.5079,0.2814,NA,NA,NA,12000,12000,37848
436429,Los Angeles Film School,Hollywood,CA,3,3,11,NA,NA,5472,0.3838,0.699,NA,NA,NA,18298,5540,0.9063,0.7096,0.5118,0.4129,0.4172,25250,25250,31632
436553,Century College,San Juan,PR,1,3,11,NA,NA,678,0.8378,0.2043,9100,9100,12575,4490,NA,NA,0,NA,NA,NA,PS,PS,19462
436599,FINE Mortuary College,Norwood,MA,2,3,21,NA,NA,185,0.8324,0.6591,19450,19450,27385,18707,6000,NA,0.6667,NA,NA,NA,30312,30312,NA
436614,International Baptist College and Seminary,Chandler,AZ,3,2,11,NA,NA,43,0.3953,0.2241,13800,13800,29112,7492,5163,NA,0.0862,0.25,0.875,PS,PS,PS,39556
436632,Gwinnett College,Raleigh,NC,1,3,11,NA,NA,146,0.7877,0.7778,NA,NA,NA,6156,NA,NA,0.8299,NA,NA,NA,7917,7917,29234
436650,Delta College South,Baton Rouge,LA,1,3,12,NA,NA,164,0.939,0.5479,NA,NA,NA,6604,NA,NA,0.629,NA,NA,NA,5845,5845,30894
436818,University of Connecticut-Waterbury Campus,Waterbury,CT,3,1,12,0.8666,1060,733,0.5211,0.0684,18140,40808,22933,2914,17573,0.68,0.3724,0.7778,0.5273,0.5608,21500,21500,73997
436827,University of Connecticut-Avery Point,Groton,CT,3,1,22,0.8818,1090,454,0.4273,0.0992,18140,40808,23337,14028,17573,0.68,0.365,0.7024,0.6162,0.5907,21500,21500,73997
436836,University of Connecticut-Stamford,Stamford,CT,3,1,12,0.8298,1094,2432,0.4688,0.0603,18150,40818,30122,2420,17573,0.68,0.35,0.816,0.5654,0.5669,21500,21500,73997
437097,University of Management and Technology,Arlington,VA,3,3,12,NA,NA,294,0.5034,0.9567,9450,9450,NA,2357,1280,0.8621,0.065,1,0.3333,0.625,PS,PS,68530
437103,Baton Rouge Community College,Baton Rouge,LA,1,1,12,NA,NA,8362,0.6735,0.3631,4321,4321,16522,2955,6450,0.2485,0.3498,NA,NA,NA,12450,12450,34581
437237,IYRS School of Technology & Trades,Newport,RI,1,2,21,0.8889,NA,68,0.1471,0.4079,NA,NA,NA,22676,NA,NA,0.4545,NA,NA,NA,9500,9500,NA
437556,Midwest Technical Institute-Illinois,Springfield,IL,1,3,12,NA,NA,1326,0.5113,0.445,NA,NA,NA,8341,NA,NA,0.7292,NA,NA,NA,9500,9500,33601
437608,Advanced Barber College and Hair Design,Weslaco,TX,1,3,21,NA,NA,91,0.3187,0.34,NA,NA,NA,8408,NA,NA,0.2913,NA,NA,NA,PS,PS,18519
437635,The College of Health Care Professions-Austin,Austin,TX,1,3,11,NA,NA,974,0.8963,0.3788,NA,NA,NA,6098,5516,0.878,0.71,NA,NA,NA,9120,9120,38922
437723,New Community Career & Technical Institute,Newark,NJ,1,2,11,NA,NA,11,0.9091,0.6111,NA,NA,NA,29829,NA,NA,0.2734,NA,NA,NA,2808,2808,40200
437732,The Chicago School-College of Nursing,Richardson,TX,1,2,12,NA,NA,2,1,NA,NA,NA,NA,21274,8599,NA,0.5172,NA,NA,NA,20000,20000,56899
437750,Professional Golfers Career College,Temecula,CA,2,3,12,NA,NA,70,0.0571,0.5818,18840,18840,38739,22522,5154,NA,0.3909,NA,NA,NA,12000,12000,46079
437769,Chester Career College,CHESTER,VA,1,3,21,NA,NA,79,0.8608,0.5374,NA,NA,NA,10823,NA,NA,0.5047,NA,NA,NA,19879,19879,32650
437778,Milan Institute-San Antonio Ingram,San Antonio,TX,1,3,11,NA,NA,379,0.8918,0.4756,NA,NA,NA,11312,NA,NA,0.6795,NA,NA,NA,6333,6333,24879
437857,Rudae's School of Beauty Culture-Ft Wayne,Fort Wayne,IN,1,3,11,NA,NA,91,0.978,0.3058,NA,NA,NA,9682,NA,NA,0.6258,NA,NA,NA,9500,9500,25749
437936,Carrington College-San Jose,San Jose,CA,1,3,11,NA,NA,644,0.8463,0.4235,NA,NA,NA,14767,7538,0.5455,0.6218,NA,NA,NA,11537,11537,39633
438179,Brookline College-Tucson,Tucson,AZ,1,3,11,NA,NA,218,0.8761,0.5308,NA,NA,NA,13269,5597,0.9091,0.5536,NA,0.4766,0.4766,9500,9500,29576
438221,Miller-Motte College-Berks Technical Institute-Lewisburg,Lewisburg,PA,1,3,32,NA,NA,126,0.873,0.6512,NA,NA,NA,11464,5056,NA,0.7411,NA,NA,NA,15917,15917,31102
438258,Carrington College-Pleasant Hill Campus,Pleasant Hill,CA,1,3,21,NA,NA,412,0.6044,0.4444,NA,NA,NA,15813,7750,0.8125,0.6517,NA,NA,NA,11537,11537,39633
438285,Cortiva Institute,Maitland,FL,1,3,21,NA,NA,159,0.956,0.5261,NA,NA,NA,13999,NA,NA,0.5103,NA,NA,NA,7521,7521,27193
438337,Modern Hairstyling Institute-Carolina,Carolina,PR,1,3,21,0.8958,NA,189,0.6402,0.0825,NA,NA,NA,5491,NA,NA,0,NA,NA,NA,PS,PS,17666
438504,Universal Technical Institute of California Inc,Rancho Cucamonga,CA,2,3,21,NA,NA,1553,0.0522,0.1759,NA,NA,NA,18246,6595,NA,0.6748,NA,NA,NA,13124,13124,52873
438586,American InterContinental University-Atlanta,Atlanta,GA,3,3,12,NA,NA,734,0.7016,0.8687,13527,13527,23743,18486,7217,NA,0.8463,0.1429,0.2083,0.2094,31000,31000,36144
438674,The Academy of Hair Design Six,Hattiesburg,MS,1,3,13,NA,NA,37,1,0.4167,NA,NA,NA,18841,NA,NA,0.6479,NA,NA,NA,9500,9500,22706
438708,Eastern West Virginia Community and Technical College,Moorefield,WV,2,1,43,NA,NA,225,0.72,0.2452,4722,4722,17258,4947,4868,0.2295,0.1178,NA,NA,NA,8500,8500,31636
438735,Aviation Institute of Maintenance-Indianapolis,Indianapolis,IN,1,3,11,NA,NA,172,0.1163,0.6063,16757,16757,33420,13201,7324,NA,0.2688,NA,NA,NA,29773,29773,42759
438984,IVAEM College,Caguas,PR,1,3,13,NA,NA,195,0.641,0.3642,NA,NA,NA,5464,NA,NA,0,NA,NA,NA,PS,PS,19686
439020,Midwest College of Oriental Medicine-Skokie,Skokie,IL,4,3,13,NA,NA,0,0,1,NA,NA,NA,14062,4083,NA,1,NA,NA,NA,PS,PS,44136
439118,Carrington College-Spokane,Spokane,WA,1,3,12,NA,NA,352,0.5369,0.6284,NA,NA,NA,9308,5723,0.6667,0.6618,NA,NA,NA,9295,9295,36625
439190,Cascadia College,Bothell,WA,2,1,21,NA,NA,1032,0.499,0.1098,5157,11296,21077,3066,11128,0.9091,0.0189,NA,0.321,0.3694,6368,6368,54133
439367,CBD College,Los Angeles,CA,2,2,11,NA,NA,1581,0.7299,0.7401,NA,NA,NA,8654,7854,0.9474,0.675,NA,0.8214,0.7193,19309,19309,37237
439446,Atlantic Institute of Oriental Medicine,Fort Lauderdale,FL,3,2,12,NA,NA,NA,NA,NA,NA,NA,NA,12648,4216,NA,NA,NA,NA,NA,PS,PS,NA
439455,MDT College of Health Sciences,Chicago,IL,1,3,11,0.6421,NA,575,0.9652,0.8328,21870,21870,37647,15694,NA,NA,0.9522,NA,NA,NA,19500,19500,43946
439473,Bennett Career Institute,Washington,DC,1,3,11,NA,NA,176,0.6648,0.5763,NA,NA,NA,2173,NA,NA,0.5766,NA,NA,NA,6333,6333,22568
439491,Blue Cliff College-Lafayette,Lafayette,LA,1,3,12,NA,NA,62,0.9516,0.472,NA,NA,NA,16535,NA,NA,0.7586,NA,NA,NA,9500,9500,22177
439570,Community Care College,Tulsa,OK,1,2,11,NA,NA,493,0.9432,0.6884,NA,NA,NA,7818,4366,1,0.4103,NA,NA,NA,8898,8898,28954
439622,Erie 1 BOCES,West Seneca,NY,1,1,21,NA,NA,383,0.6188,0.5417,NA,NA,NA,10293,NA,NA,0.6122,NA,NA,NA,9500,9500,47114
439668,HDS Truck Driving Institute,Tucson,AZ,1,3,41,NA,NA,200,0.18,0.8333,NA,NA,NA,7983,NA,NA,0.0282,NA,NA,NA,PS,PS,40059
439701,The King's University,Southlake,TX,3,2,21,0.6064,NA,251,0.6215,0.636,12480,12480,18075,12984,8073,1,0.4779,0.5,0.4737,0.4412,27000,27000,41471
439738,Fortis College-Baton Rouge,Baton Rouge,LA,1,3,21,NA,NA,482,0.7344,0.4447,16467,16467,33133,9814,5090,0.4783,0.6938,NA,NA,NA,12346,12346,32886
439747,My Le's Beauty College,Sacramento,CA,1,3,21,NA,NA,150,0.7733,0.5774,NA,NA,NA,5180,NA,NA,0,NA,NA,NA,PS,PS,15070
439774,New Concept Massage and Beauty School,Miami,FL,1,3,21,NA,NA,123,0.6585,0.8202,NA,NA,NA,29847,NA,NA,0.9083,NA,NA,NA,6000,6000,20421
439783,New York College of Traditional Chinese Medicine,Mineola,NY,4,2,21,NA,NA,3,1,1,NA,NA,NA,10657,7875,NA,NA,NA,NA,NA,PS,PS,NA
439792,Fortis College-Orange Park,Orange Park,FL,1,3,21,NA,NA,399,0.9173,0.7034,14946,14946,30435,10548,6042,0.3182,0.7281,NA,NA,NA,11238,11238,28506
439817,Northeastern Seminary,Rochester,NY,4,2,21,NA,NA,NA,NA,NA,NA,NA,NA,12053,7238,NA,NA,NA,NA,NA,PS,PS,NA
439844,Omega Institute of Cosmetology,Houma,LA,1,3,13,NA,NA,55,1,0.0408,NA,NA,NA,9243,NA,NA,0.7121,NA,NA,NA,PS,PS,14923
439862,Pacific Islands University,Mangilao,GU,2,2,22,1,NA,61,0.5082,0.3273,7203,7516,13032,0,2958,NA,0,1,0.6667,0.5,PS,PS,20902
439871,PCI College,Cerritos,CA,2,3,21,NA,NA,149,0.9933,0.3452,NA,NA,NA,14248,6250,NA,0.7876,1,0.6842,0.7333,17542,17542,36141
439899,Rosedale Bible College,Irwin,OH,2,2,42,NA,NA,96,0.5833,0.186,10088,10088,17760,2425,4324,NA,0.1279,NA,NA,NA,PS,PS,35558
439914,Seattle Institute of East Asian Medicine,Seattle,WA,4,2,11,NA,NA,NA,NA,NA,NA,NA,NA,11648,NA,NA,NA,NA,NA,NA,PS,PS,NA
439932,Shawnee Beauty College,Shawnee,OK,1,3,32,NA,NA,60,0.8333,0.3167,NA,NA,NA,10216,NA,NA,0.0732,NA,NA,NA,PS,PS,18636
440004,Upper Valley Educators Institute,Lebanon,NH,4,2,33,NA,NA,NA,NA,NA,NA,NA,NA,17625,NA,NA,NA,NA,NA,NA,PS,PS,NA
440031,Keck Graduate Institute,Claremont,CA,4,2,21,NA,NA,NA,NA,NA,NA,NA,NA,32183,12284,0.5625,NA,NA,NA,NA,PS,PS,NA
440059,Aviation Institute of Maintenance-Atlanta,Duluth,GA,1,3,21,NA,NA,824,0.0862,0.5019,16657,16657,32167,16522,4405,NA,0.4198,NA,NA,NA,31500,31500,48191
440101,Empire Beauty School-Kennesaw,Kennesaw,GA,1,3,21,NA,NA,161,0.9627,0.4545,NA,NA,NA,10067,NA,NA,0.548,NA,NA,NA,10231,10231,23589
440262,New York Automotive and Diesel Institute,Jamaica,NY,1,3,11,NA,NA,470,0.0553,0.346,NA,NA,NA,18520,5950,1,0.6014,NA,NA,NA,16064,16064,50963
440271,Remington College-Baton Rouge Campus,Baton Rouge,LA,1,2,12,NA,NA,210,0.4238,0.7319,15837,15837,29692,10649,4292,NA,0.6594,NA,NA,NA,13271,13271,31349
440396,New Saint Andrews College,Moscow,ID,3,2,32,0.8389,1262,305,0.5639,0.0525,16800,16800,NA,12720,5748,1,0,0.8529,0.7391,0.7215,NA,NA,NA
440402,Arkansas State University-Newport,Newport,AR,1,1,41,NA,NA,1236,0.6909,0.3135,3312,4752,15060,2324,5192,0.626,0.2102,NA,NA,NA,8002,8002,41524
440651,Atenas University,Manati,PR,2,2,21,NA,NA,597,0.7353,0.2569,8954,8954,15539,6034,2869,0.3387,0.1193,0.8182,0.4248,0.4254,6525,6525,20231
440730,Onondaga Cortland Madison BOCES,Liverpool,NY,1,1,21,NA,NA,354,0.5989,0.5936,NA,NA,NA,2831,NA,NA,0.607,NA,NA,NA,6419,6419,40658
440776,Interactive College of Technology,Pasadena,TX,1,3,12,NA,NA,86,0.3605,0.6613,10970,10970,20170,6789,4593,NA,0.5806,NA,NA,NA,5353,5353,27182
440794,Pillar College,Newark,NJ,3,2,11,NA,NA,498,0.9096,0.5256,25900,25900,38047,13247,5265,0.3333,0.4192,0.7411,0.3846,0.3614,21483,21483,45577
440828,Oregon State University-Cascades Campus,Bend,OR,3,1,12,0.6311,1255,1044,0.4684,0.2032,13566,37356,29798,3739,11502,0.7865,0.3157,0.75,0.5556,0.5377,21221,21221,64010
440855,Milan Institute-Amarillo,Amarillo,TX,1,3,12,NA,NA,271,0.9852,0.3692,NA,NA,NA,10374,NA,NA,0.6705,NA,NA,NA,7702,7702,29491
440916,Southern University Law Center,Baton Rouge,LA,3,1,12,NA,NA,607,0.6738,0.0831,NA,NA,NA,22641,8753,0.4742,NA,0.6049,NA,NA,29251,29251,43371
440989,Career Schools of Texas,Houston,TX,1,3,11,NA,NA,518,0.222,0.7228,NA,NA,NA,15634,NA,NA,0.9035,NA,NA,NA,13000,13000,21262
441052,American Career College-Anaheim,Anaheim,CA,1,3,11,NA,NA,1644,0.7524,0.5362,NA,NA,NA,13784,7595,NA,0.6222,NA,NA,NA,9500,9500,38430
441070,Saginaw Chippewa Tribal College,Mount Pleasant,MI,2,1,32,NA,NA,164,0.5427,0.5374,2730,2730,19424,1898,6220,0.2857,0,NA,NA,NA,PS,PS,NA
441104,Richmont Graduate University,Chattanooga,TN,4,2,12,NA,NA,NA,NA,NA,NA,NA,NA,17905,7265,0.3617,NA,NA,NA,NA,PS,PS,NA
441131,The Seattle School of Theology & Psychology,Seattle,WA,4,2,11,NA,NA,NA,NA,NA,NA,NA,NA,29254,6873,1,NA,NA,NA,NA,PS,PS,NA
441210,East Valley Institute of Technology,Mesa,AZ,1,1,11,NA,NA,377,0.5968,0.2395,NA,NA,NA,8194,NA,NA,0.0379,NA,NA,NA,PS,PS,35086
441229,Smith Chason College,Los Angeles,CA,2,3,11,NA,NA,2447,0.8365,0.6069,19040,19040,39461,14754,7881,0.2977,0.8537,NA,0.7194,0.6397,21397,21397,58004
441256,Design's School of Cosmetology,Paso Robles,CA,1,3,13,NA,NA,73,0.9726,0.3226,NA,NA,NA,13878,NA,NA,0.5056,NA,NA,NA,6333,6333,23937
441371,Ultimate Medical Academy,Clearwater,FL,2,2,12,NA,NA,8932,0.9587,0.8681,NA,NA,NA,14107,5294,1,0.7759,NA,NA,NA,14743,14743,29194
441414,M-DCPS The English Center,Miami,FL,1,1,11,NA,NA,203,0.5764,0.8089,NA,NA,NA,826,NA,NA,0,NA,NA,NA,PS,PS,30739
441423,Florida Education Institute,Miami,FL,1,3,21,NA,NA,318,0.7013,0.7883,NA,NA,NA,13221,5789,0.5532,0.5753,NA,NA,NA,9500,9500,24588
441487,Texas County Technical College,Houston,MO,1,3,43,1,NA,96,0.8854,0.662,19025,19025,28916,10292,4414,NA,0.7746,NA,NA,NA,13195,13195,40843
441496,Aviation Institute of Maintenance-Kansas City,Kansas City,MO,1,3,11,NA,NA,253,0.1146,0.5735,16757,16757,31898,16775,NA,NA,0.2227,NA,NA,NA,30416,30416,40743
441502,Blue Cliff College-Gulfport,Gulfport,MS,1,3,13,NA,NA,200,0.945,0.5385,NA,NA,NA,16579,5472,0.4211,0.6233,NA,NA,NA,9500,9500,22177
441575,Metropolitan Learning Institute,Rego Park,NY,1,2,11,NA,NA,357,0.8964,0.8899,NA,NA,NA,6592,NA,NA,0,NA,NA,NA,PS,PS,25916
441593,Orleans Niagara BOCES-Practical Nursing Program,Lockport,NY,1,1,31,NA,NA,30,1,NA,NA,NA,NA,11456,NA,NA,0.8857,NA,NA,NA,13198,PS,NA
441609,Yeshiva Shaarei Torah of Rockland,Suffern,NY,2,2,21,0.3667,NA,152,0,0.1631,13000,13000,22780,6589,6365,0.6667,0,0.8889,NA,NA,PS,PS,89548
441618,Leon Studio One School of Beauty Knowledge,Williamsville,NY,1,3,21,NA,NA,22,1,0.3103,NA,NA,NA,14184,NA,NA,0.6429,NA,NA,NA,PS,PS,26249
441636,American Institute of Alternative Medicine,Columbus,OH,1,3,11,0.7829,NA,231,0.8571,0.8209,22947,22947,42272,13272,5511,1,0.639,NA,0.6,0.5898,9500,9500,40805
441645,Brown Aveda Institute-Mentor,Mentor,OH,1,3,21,NA,NA,115,0.9913,0.2542,NA,NA,NA,17106,NA,NA,0.726,NA,NA,NA,7267,7267,27446
441663,Institute of Technology,Salem,OR,1,3,21,NA,NA,267,0.8801,0.7088,NA,NA,NA,11728,NA,NA,0.58,NA,NA,NA,9500,9500,37507
441672,Susquehanna County Career and Technology Center,Springville,PA,1,1,42,NA,NA,23,0.8261,0.2203,NA,NA,NA,7022,NA,NA,0.3729,NA,NA,NA,PS,PS,NA
441690,Universidad Pentecostal Mizpa,Rio Piedras,PR,2,2,11,NA,NA,137,0.4088,0.9091,4560,4560,12652,7960,847,0.0345,0,1,0.1538,0.1429,PS,PS,21410
441706,Caribbean Forensic and Technical College,San Juan,PR,1,3,11,NA,NA,381,0.5407,0.6929,8700,8700,11284,2893,NA,NA,0,NA,NA,NA,PS,PS,20691
441742,Concorde Career College-Grand Prairie,Grand Prairie,TX,1,3,21,1,NA,268,0.959,0.4982,NA,NA,NA,20703,6458,0.6047,0.7371,NA,NA,NA,9500,9500,40648
441760,Lamar Institute of Technology,Beaumont,TX,1,1,12,NA,NA,3055,0.5892,0.198,2844,12924,19245,2002,5964,0.3441,0.1254,NA,NA,NA,13076,13076,38991
441788,Aviation Institute of Maintenance-Dallas,Irving,TX,1,3,11,NA,NA,495,0.1293,0.5828,16757,16757,31817,15535,NA,NA,0.4545,NA,NA,NA,32229,32229,42375
441830,Healing Mountain Massage School,Salt Lake City,UT,1,3,12,NA,NA,43,0.814,0.7949,NA,NA,NA,10402,NA,NA,0.6939,NA,NA,NA,8217,8217,22160
441858,Eastern Virginia Career College,Fredericksburg,VA,1,3,22,0.9596,NA,177,0.9322,0.4977,NA,NA,NA,15549,5368,0.3284,0.6172,NA,NA,NA,10500,10500,37304
441876,Rudy & Kelly Academy A Paul Mitchell Partner School,Virginia Beach,VA,1,3,11,NA,NA,155,0.9548,0.3058,NA,NA,NA,12625,NA,NA,0.4928,NA,NA,NA,12500,12500,24176
441900,Nevada State University,Henderson,NV,3,1,41,0.8682,NA,3762,0.7889,0.2447,6765,21833,23718,1324,9521,1,0.1282,0.7877,0.3358,0.3222,19691,19691,53166
441937,California State University-Channel Islands,Camarillo,CA,3,1,41,0.9481,NA,5013,0.6627,0.2764,7159,19759,23561,4164,12682,0.5388,0.2395,0.7243,0.5132,0.5237,15000,15000,62152
441982,Franklin W Olin College of Engineering,Needham,MA,3,2,21,0.252,1520,377,0.4721,NA,66398,66398,86474,17733,15357,0.918,0.2525,0.9796,0.9639,0.9422,19500,19500,129455
442064,Won Institute of Graduate Studies,Warminster,PA,4,2,21,NA,NA,NA,NA,NA,NA,NA,NA,16791,3753,0.1207,NA,NA,NA,NA,PS,PS,NA
442073,Lincoln Technical Institute-Paramus,Paramus,NJ,1,3,21,NA,NA,495,0.7394,0.5888,NA,NA,NA,14365,NA,NA,0.8472,NA,NA,NA,10521,10521,31914
442134,Pima Medical Institute-Colorado Springs,Colorado Springs,CO,1,3,11,NA,NA,305,0.8295,0.4808,NA,NA,NA,11110,4956,0.25,0.4708,NA,NA,NA,9500,9500,38673
442240,Paul Mitchell the School-Costa Mesa,Costa Mesa,CA,1,3,12,NA,NA,395,0.8582,0.4467,NA,NA,NA,14541,NA,NA,0.4795,NA,NA,NA,13000,13000,26897
442295,Ave Maria School of Law,Naples,FL,4,2,21,NA,NA,NA,NA,NA,NA,NA,NA,23802,9811,1,NA,NA,NA,NA,PS,PS,NA
442329,Tulsa Welding School-Jacksonville,Jacksonville,FL,1,3,11,NA,NA,968,0.1364,0.3435,NA,NA,NA,18728,NA,NA,0.6512,NA,NA,NA,9500,9500,41067
442356,Saint Joseph's University - Lancaster,Lancaster,PA,2,2,41,0.4121,NA,1280,0.8742,0.5692,32933,32933,47879,24665,8255,0.7283,0.5334,0.8125,0.6875,0.6774,25500,25500,86881
442383,West Virginia Junior College-Bridgeport,Bridgeport,WV,2,3,32,NA,NA,146,0.8836,0.6114,14798,14798,25936,32631,6238,NA,0.7657,NA,NA,NA,8270,8270,27472
442426,St Louis College of Health Careers-Fenton,Fenton,MO,2,3,21,0.8,NA,399,0.9273,0.8304,NA,NA,NA,9907,5056,0.3846,0.7585,NA,0.5938,0.6666,11750,11750,32217
442435,Interactive College of Technology-Gainesville,Gainesville,GA,1,3,13,NA,NA,50,0.74,0.7447,11210,11210,23501,5495,3813,NA,0.3404,NA,NA,NA,10555,10555,27065
442444,San Joaquin Valley College-Ontario,Ontario,CA,1,3,12,NA,NA,895,0.4872,0.5019,NA,NA,NA,14129,7622,0.3277,0.5961,NA,NA,NA,10674,10674,38317
442523,Alaska Christian College,Soldotna,AK,2,2,41,0.925,NA,44,0.5682,0.1875,9660,9660,23944,16593,NA,NA,0,NA,NA,NA,PS,PS,25787
442569,University of Arkansas Grantham,LIttle Rock,AR,3,1,12,NA,NA,2833,0.6583,0.9488,8520,8520,15318,3999,6141,0.3067,0.7287,0.3026,0.4304,0.318,21956,21956,63496
442602,Carrington College-Albuquerque,Albuquerque,NM,1,3,11,NA,NA,357,0.577,0.6633,NA,NA,NA,14186,7113,0.5,0.6935,NA,NA,NA,9500,9500,36718
442611,Universal Technical Institute-Mooresville,Mooresville,NC,2,3,13,NA,NA,1345,0.084,0.1493,NA,NA,NA,16545,6476,NA,0.6312,NA,NA,NA,13124,13124,52873
442639,University of the Potomac-VA Campus,FALLS CHURCH,VA,3,3,21,NA,NA,157,0.3121,0.7288,6660,6660,NA,10465,NA,NA,0,0.6667,0.5,0.5454,8769,8769,34961
442657,Milan Institute-Palm Desert,Palm Desert,CA,1,3,13,NA,NA,356,0.8792,0.3552,NA,NA,NA,11125,NA,NA,0.5885,NA,NA,NA,7702,7702,29491
442781,Tohono O'odham Community College,Sells,AZ,2,1,43,NA,NA,998,0.8036,0.7372,932,932,8282,291,7463,0.3378,0,NA,NA,NA,PS,PS,39229
442806,Edward Via College of Osteopathic Medicine,Blacksburg,VA,4,2,13,NA,NA,NA,NA,NA,NA,NA,NA,49451,NA,NA,NA,NA,NA,NA,PS,PS,NA
442842,Pacific College of Health and Science,Chicago,IL,1,3,11,NA,NA,2,0.5,0.9043,7508,7508,NA,13790,4333,NA,0.1064,NA,0.7778,0.7174,12271,12271,26209
442879,Southwest Institute of Healing Arts,Tempe,AZ,1,3,12,NA,NA,534,0.9438,0.7849,NA,NA,NA,15521,4167,NA,0.4548,NA,NA,NA,9500,9500,29544
442888,InterCoast Colleges-Riverside,Riverside,CA,1,3,21,NA,NA,65,0.0615,0.6984,NA,NA,NA,38214,NA,NA,0.6939,NA,NA,NA,10313,10313,36089
442976,Brighton Center's Center for Employment Training,Newport,KY,1,2,21,NA,NA,53,0.9245,0.8088,NA,NA,NA,8753,NA,NA,0,NA,NA,NA,PS,PS,24540
442985,California Healing Arts College,Carson,CA,1,3,13,NA,NA,243,0.8395,0.3658,NA,NA,NA,9057,NA,NA,0.8739,NA,NA,NA,9476,9476,25151
443021,Dallas Barber & Stylist College,Dallas,TX,1,3,11,NA,NA,8,0.375,0.6333,NA,NA,NA,13135,NA,NA,0.4444,NA,NA,NA,PS,PS,20142
443030,Endeavor Health School of Nurse Anesthesia-DePaul University,Evanston,IL,4,2,13,NA,NA,NA,NA,NA,NA,NA,NA,21356,NA,NA,NA,NA,NA,NA,NA,NA,NA
443049,Faith International University,Tacoma,WA,3,2,12,NA,NA,276,0.529,0.7092,8850,8850,31368,5188,3292,0.4074,0.2398,0.6667,0.25,PS,17650,17650,51006
443058,Family of Faith Christian University,Shawnee,OK,3,2,42,0.76,NA,82,0.622,0.9213,9600,9600,NA,7929,1042,NA,0.1011,NA,NA,PS,PS,PS,NA
443076,Hood Theological Seminary,Salisbury,NC,4,2,21,NA,NA,NA,NA,NA,NA,NA,NA,16272,4882,1,NA,NA,NA,NA,PS,PS,NA
443100,Colegio Educativo Tecnologico Industrial Inc,Arecibo,PR,1,2,13,NA,NA,76,0.4211,0.6,NA,NA,NA,36,NA,NA,0,NA,NA,NA,PS,PS,19432
443137,Irene's Myomassology Institute,Southfield,MI,1,3,13,NA,NA,285,0.8035,0.8251,NA,NA,NA,11120,NA,NA,0.7603,NA,NA,NA,7389,7389,26551
443146,Jay's Technical Institute,Houston,TX,1,3,11,NA,NA,79,0.2278,0.5769,NA,NA,NA,4120,NA,NA,0.5128,NA,NA,NA,11000,11000,15511
443216,P C Age-Jersey City,Jersey City,NJ,1,3,11,NA,NA,106,0.1981,0.773,NA,NA,NA,10874,NA,NA,0.4949,NA,NA,NA,12966,12966,54323
443225,PC AGE-Metropark,Iselin,NJ,1,3,21,NA,NA,46,0.1739,0.7857,NA,NA,NA,12206,NA,NA,0.3402,NA,NA,NA,12966,12966,54323
443234,Hollywood Institute,Margate,FL,1,3,21,NA,NA,215,0.8837,0.5333,NA,NA,NA,15262,NA,NA,0.5419,NA,NA,NA,6038,6038,22285
443252,South Florida Institute of Technology,Miami,FL,1,3,11,NA,NA,9747,0.4892,0.4131,NA,NA,NA,7612,NA,NA,0.179,NA,NA,NA,9500,9500,28570
443261,Southeastern College-Charleston,North Charleston,SC,1,3,12,0.9808,NA,225,0.9378,0.5733,25080,25080,39014,17834,6417,0.625,0.8319,NA,NA,NA,9500,9500,30737
443289,TIGI Hairdressing Academy Legacy,Colorado Springs,CO,1,3,11,NA,NA,72,0.8056,0.3798,NA,NA,NA,8648,NA,NA,0.5435,NA,NA,NA,11008,11008,22480
443298,Trend Barber College,Houston,TX,1,3,11,NA,NA,30,0.1,0.7273,NA,NA,NA,12434,NA,NA,0.7188,NA,NA,NA,12794,12794,16575
443322,Valley Grande Institute for Academic Studies,Weslaco,TX,1,2,21,NA,NA,84,0.881,0.5722,NA,NA,NA,22731,NA,NA,0.9524,NA,NA,NA,9500,9500,33472
443331,West Coast University-Texas,Richardson,TX,3,3,11,NA,NA,2673,0.7849,0.6197,36854,36854,55938,37402,9635,0.3787,0.8813,1,0.3125,0.4687,32946,32946,102672
443340,Williamson Christian College,Franklin,TN,3,2,13,NA,NA,41,0.5366,0.45,16090,16090,NA,11754,1357,NA,0.125,0.5,0.6667,PS,PS,PS,37474
443410,DigiPen Institute of Technology,Redmond,WA,3,3,13,0.6442,1297,995,0.3296,0.1574,38950,38950,55588,25839,10167,0.4891,0.4251,0.7619,0.6095,0.5609,27000,27000,79878
443492,Pierpont Community and Technical College,Fairmont,WV,2,1,32,NA,NA,959,0.6058,0.1511,5762,13660,14707,2699,6788,1,0.1398,NA,NA,NA,12110,12110,35132
443562,Dewey University-Hato Rey,Hato Rey,PR,3,2,11,NA,NA,244,0.8648,0.6926,8180,8180,11993,5924,2040,1,0.2444,0.5667,0.537,0.5289,5185,5185,19761
443571,InterCoast Colleges-West Covina,West Covina,CA,1,3,21,NA,NA,535,0.4841,0.8679,NA,NA,NA,7389,6182,0.2308,0.7412,0.8571,0.9712,0.9159,10313,10313,36089
443599,American College of Healthcare Sciences,Portland,OR,1,3,11,0.5349,NA,759,0.9381,0.8879,13040,13040,29923,15738,5408,0.5122,0.6059,1,1,PS,13523,13523,NA
443632,Colorado Media School,Denver,CO,1,3,11,NA,NA,38,0.1579,0.6889,NA,NA,NA,18037,NA,NA,0.5975,NA,NA,NA,9500,9500,37423
443641,Paul Mitchell the School-Rhode Island,Cranston,RI,1,3,21,NA,NA,181,0.9834,0.4588,NA,NA,NA,12883,NA,NA,0.4925,NA,NA,NA,13000,13000,26897
443650,Miller-Motte College-Chattanooga,Chattanooga,TN,2,3,12,NA,NA,4462,0.7741,0.8211,NA,NA,NA,8349,4761,0.1636,0.8041,0,0.601,0.5875,15917,15917,31102
443669,Milan Institute-Sparks,Sparks,NV,1,3,21,NA,NA,171,0.9298,0.3855,NA,NA,NA,10586,NA,NA,0.6547,NA,NA,NA,8124,8124,32493
443696,Interactive College of Technology,Houston,TX,1,3,11,NA,NA,55,0.6909,0.8125,10970,10970,21968,4136,3250,NA,0.5625,NA,NA,NA,5353,5353,27182
443702,Bexley Hall Seabury Western Theological Seminary Federation Inc.,Chicago,IL,4,2,11,NA,NA,NA,NA,NA,NA,NA,NA,12778,6706,NA,NA,NA,NA,NA,PS,PS,NA
443766,Strayer University-Tennessee,Nashville,TN,3,3,11,NA,NA,1784,0.8061,0.8801,13920,13920,25158,16008,8381,0.1667,0.9157,1,0,PS,40621,40621,40092
443784,Strayer University-Pennsylvania,Philadelphia,PA,3,3,21,NA,NA,1226,0.7651,0.8666,13920,13920,NA,12359,8381,0.1481,0.8358,NA,0,PS,40621,40621,40092
443951,Charlie's Guard-Detective Bureau and Academy Inc,Aguadilla,PR,1,3,22,NA,NA,57,0.7193,0.6935,NA,NA,NA,3911,NA,NA,0,NA,NA,NA,PS,PS,21241
443979,PCI Academy-Plymouth,Plymouth,MN,1,3,13,NA,NA,165,1,0.2807,NA,NA,NA,13404,NA,NA,0.6816,NA,NA,NA,5828,5828,31330
444051,Creative Images Institute of Cosmetology-South Dayton,Dayton,OH,1,3,21,NA,NA,69,1,0.1923,NA,NA,NA,2216,NA,NA,0.4261,NA,NA,NA,9731,9731,22271
444088,Brookline College-Albuquerque,Albuquerque,NM,3,3,11,NA,NA,542,0.8598,0.7236,NA,NA,NA,18517,7366,0.5179,0.5076,0,0.4706,0.5542,9500,9500,29576
444103,Byzantine Catholic Seminary of Saints Cyril and Methodius,Pittsburgh,PA,4,2,11,NA,NA,NA,NA,NA,NA,NA,NA,20576,1620,NA,NA,NA,NA,NA,NA,NA,NA
444130,Northcentral University,San Diego,CA,3,2,11,NA,NA,60,0.7833,0.9082,NA,NA,NA,5701,NA,NA,0.449,NA,NA,NA,12500,12500,48414
444194,Bayamon Community College,Bayamon,PR,1,3,12,NA,NA,130,0.9769,0.8477,8695,8695,12185,10173,NA,NA,0,NA,NA,NA,PS,PS,18580
444219,Folsom Lake College,Folsom,CA,2,1,13,NA,NA,9414,0.5498,0.3347,1288,12616,13901,752,11019,0.3621,0.0216,NA,NA,NA,PS,PS,42568
444228,LeGrand Institute of Cosmetology Inc,Camden,SC,1,3,31,NA,NA,33,1,0.1667,NA,NA,NA,10430,NA,NA,0.619,NA,NA,NA,PS,PS,22831
444282,Empire Beauty School-Midlothian,Midlothian,VA,1,3,21,NA,NA,125,0.944,0.5172,NA,NA,NA,10684,NA,NA,0.4967,NA,NA,NA,10667,10667,23921
444291,Empire Beauty School-Owings Mills,Owings Mills,MD,1,3,21,NA,NA,121,0.9835,0.3664,NA,NA,NA,11226,NA,NA,0.5683,NA,NA,NA,13000,13000,25073
444307,Empire Beauty School-West Mifflin,West Mifflin,PA,1,3,21,NA,NA,82,0.9634,0.4868,NA,NA,NA,10575,NA,NA,0.6017,NA,NA,NA,13000,13000,25073
444325,ATI College-Whittier,Whitter,CA,1,3,21,NA,NA,149,0.8188,0.5177,NA,NA,NA,25329,3543,NA,0.7241,0.25,0.7222,0.697,28428,PS,38938
444334,Advance Science International College,Miami Lakes,FL,2,3,21,NA,NA,0,0,0.8636,NA,NA,NA,16185,935,NA,0.3898,NA,NA,NA,PS,PS,24047
444361,ATA College,El Cajon,CA,1,3,21,NA,NA,80,0.475,0.6509,NA,NA,NA,27380,5642,NA,0.7521,NA,NA,NA,5500,5500,35017
444370,American Advanced Technicians Institute,Hialeah,FL,1,3,21,NA,NA,23,0,0.3548,NA,NA,NA,49729,NA,NA,0.7959,NA,NA,NA,PS,PS,39494
444398,Baptist University of the Americas,San Antonio,TX,3,2,11,NA,NA,99,0.6061,0.7041,9180,9180,13755,11671,3773,0.0732,0.102,0.6667,0.8,0.2885,PS,PS,37709
444404,The Beauty Institute,West  Palm Beach,FL,1,3,21,NA,NA,18,0.7778,0.5217,NA,NA,NA,13983,NA,NA,0.5,NA,NA,NA,PS,PS,23023
444413,Beis Medrash Heichal Dovid,Far Rockaway,NY,3,2,11,0.7895,NA,206,0,NA,10480,10480,20540,13685,12716,NA,0,0.8354,0.5263,0.3611,PS,PS,NA
444440,Blue Cliff Career College,Mobile,AL,1,3,12,NA,NA,107,0.9252,0.122,NA,NA,NA,12446,NA,NA,0.4526,NA,NA,NA,7917,7917,21365
444468,Lawrenceburg Technical College,Lawrenceburg,TN,1,3,32,NA,NA,128,0.9766,0.1795,NA,NA,NA,7389,NA,NA,0.5032,NA,NA,NA,PS,PS,25089
444486,Paul Mitchell the School-Charlotte,Charlotte,NC,1,3,11,NA,NA,97,0.866,0.3228,NA,NA,NA,23324,NA,NA,0.5146,NA,NA,NA,12874,12874,23966
444510,CES College,Burbank,CA,1,2,12,0.68,NA,118,0.8475,0.7075,NA,NA,NA,3057,NA,NA,0.7692,NA,NA,NA,16821,16821,22916
444529,Stellar Career College,Modesto,CA,1,3,21,NA,NA,46,0.9348,0.3,NA,NA,NA,7990,NA,NA,0.701,NA,NA,NA,4834,4834,30337
444556,Auguste Escoffier School of Culinary Arts-Austin,Austin,TX,2,3,11,NA,NA,305,0.4525,0.3387,NA,NA,NA,12143,5097,0.6471,0.5723,NA,NA,NA,16000,16000,36330
444565,Culinary Institute Inc,Houston,TX,2,3,11,NA,NA,313,0.5559,0.4042,18827,18827,32893,15169,5479,0.9,0.5465,NA,NA,NA,16004,16004,32195
444583,Escuela Hotelera de San Juan,Hato Rey,PR,1,3,11,NA,NA,397,0.5491,0.2538,15462,15462,23183,11007,NA,NA,0.1244,NA,NA,NA,3500,3500,20854
444635,Orion Institute,Perrysburg,OH,1,3,21,NA,NA,44,0.8409,0.7333,NA,NA,NA,18778,NA,NA,0.7614,NA,NA,NA,7885,7885,25847
444671,Industrial Technical College,Humacao,PR,1,3,21,NA,NA,109,0.5046,0.2917,8400,8400,10907,9478,NA,NA,0,NA,NA,NA,PS,PS,17162
444699,Institute of Clinical Acupuncture & Oriental Medicine,Honolulu,HI,4,3,11,NA,NA,NA,NA,NA,NA,NA,NA,20242,3056,NA,NA,NA,NA,NA,PS,PS,NA
444714,Gwinnett College-Marietta Campus,Marietta,GA,1,3,13,NA,NA,205,0.961,0.8214,NA,NA,NA,6201,3879,NA,0.8705,NA,NA,NA,12498,12498,25373
444732,Leston College,Bayamon,PR,1,3,12,NA,NA,49,0.8163,0.3846,NA,NA,NA,7842,NA,NA,0,NA,NA,NA,PS,PS,16002
444778,Charlotte Christian College and Theological Seminary,Charlotte,NC,2,2,11,NA,NA,24,0.4167,0.9444,12858,12858,NA,8156,3006,NA,0.8611,NA,NA,PS,18000,PS,33696
444787,Nightingale College,Salt Lake City,UT,3,3,12,NA,NA,5986,0.8496,0.8803,NA,NA,NA,12360,7549,0.8841,0.7849,0.5,0.2063,0.301,25250,25250,27126
444811,PITC Institute,Wyncote,PA,2,3,21,NA,NA,282,0.9113,0.8142,NA,NA,NA,15581,7500,0.2208,0.5,NA,NA,NA,16722,16722,58389
444857,Skinworks School of Advanced Skincare,Salt Lake City,UT,1,3,21,NA,NA,117,0.9829,0.4655,NA,NA,NA,13243,NA,NA,0.5437,NA,NA,NA,6333,6333,35562
444866,Southeastern College-Columbia,Columbia,SC,1,3,21,0.9732,NA,267,0.9513,0.5823,25080,25080,39250,14567,5247,0.6207,0.8876,NA,NA,NA,9500,9500,31156
444936,Turning Point Beauty College,Chandler,AZ,1,3,41,NA,NA,106,0.8868,0.6105,NA,NA,NA,6564,NA,NA,0.5707,NA,NA,NA,6000,6000,17556
444945,Unitech Training Academy-Lafayette,Lafayette,LA,1,3,12,NA,NA,229,0.8996,0.583,NA,NA,NA,18481,NA,NA,0.7768,NA,NA,NA,8721,8721,24707
444954,Mountwest Community and Technical College,Huntington,WV,2,1,22,NA,NA,1160,0.5802,0.3036,4938,12304,15667,2854,5991,0.4692,0.2419,NA,NA,NA,7446,7446,28951
445027,American InterContinental University System,Chandler,AZ,3,3,11,NA,NA,7111,0.6314,0.8921,12397,12397,22256,15074,6706,NA,0.7042,0.3596,0.0851,0.129,31000,31000,36144
445054,Toyota Technological Institute at Chicago,Chicago,IL,4,2,11,NA,NA,NA,NA,NA,NA,NA,NA,NA,NA,NA,NA,NA,NA,NA,NA,NA,NA
445133,American InterContinental University-Houston,Houston,TX,3,3,11,NA,NA,94,0.5957,0.7984,14829,14829,26087,16048,7818,NA,0.7581,0.25,0.0455,0.1818,31000,31000,36144
445188,University of California-Merced,Merced,CA,3,1,22,0.9053,NA,8372,0.452,0.0232,15623,49823,39665,9663,14834,0.9328,0.2855,0.8213,0.6872,0.6894,16144,16144,64368
445212,Paul Mitchell the School-Orlando,Oviedo,FL,1,3,21,NA,NA,174,0.8161,0.3008,NA,NA,NA,12959,NA,NA,0.4937,NA,NA,NA,13000,13000,26897
445230,Pima Medical Institute-Las Vegas,Las Vegas,NV,1,3,12,NA,NA,678,0.6976,0.492,NA,NA,NA,9932,6347,0.5789,0.5161,NA,NA,NA,9500,9500,38673
445249,Remington College-Nashville Campus,Nashville,TN,1,2,11,NA,NA,280,0.6821,0.6022,16258,16258,34630,11575,5450,NA,0.4767,NA,NA,NA,13271,13271,31349
445267,Central Methodist University-College of Graduate and Extended Studies,Fayette,MO,3,2,42,0.8753,1120,2092,0.5196,0.4081,7440,7440,22310,2789,6109,1,0.206,0.5294,0,PS,17619,17619,48991
445364,North-West College-Riverside,Riverside,CA,1,3,11,NA,NA,717,0.8675,0.4779,NA,NA,NA,10541,6190,NA,0.7344,NA,NA,NA,9500,9500,39876
445498,Colegio Tecnico de Electricidad Galloza,Aguada,PR,1,3,22,NA,NA,7,0,0.5714,NA,NA,NA,5848,NA,NA,0,NA,NA,NA,PS,PS,22859
445540,Arthur's Beauty College,Conway,AR,1,3,13,NA,NA,66,1,0.3385,NA,NA,NA,9279,NA,NA,0.686,NA,NA,NA,9833,9833,21954
445647,Spa Tech Institute-Westboro,Westborough,MA,1,3,21,NA,NA,182,0.989,0.5412,NA,NA,NA,15818,NA,NA,0.4564,NA,NA,NA,6333,6333,27803
445656,Spa Tech Institute-Plymouth,Plymouth,MA,1,3,21,NA,NA,233,0.97,0.4322,NA,NA,NA,15554,NA,NA,0.4093,NA,NA,NA,6333,6333,27803
445692,Neumont College of Computer Science,Salt Lake City,UT,3,3,12,0.8678,1093,453,0.1611,0.0528,27360,27360,45890,18273,10119,1,0.8736,0.7399,0.627,0.5919,NA,NA,97827
445708,Johnson & Wales University-Charlotte,Charlotte,NC,2,2,11,0.7988,1007,1184,0.6512,0.0328,42419,42419,58022,17249,10592,1,0.8112,0.7152,0.4897,0.5066,26000,26000,43418
445735,Roseman University of Health Sciences,Henderson,NV,3,2,11,NA,NA,536,0.7593,0.4783,NA,NA,NA,50356,12064,0.516,0.7942,NA,NA,NA,25000,25000,120163
445744,Fortis Institute-Port Saint Lucie,Port Saint Lucie,FL,1,3,12,NA,NA,546,0.7784,0.6059,14839,14839,31929,10285,6182,0.4118,0.7975,NA,NA,NA,12346,12346,32886
445762,Aviation Institute of Maintenance-Manassas,Manassas,VA,1,3,21,NA,NA,272,0.0735,0.4868,16757,16757,30992,15802,NA,NA,0.2434,NA,NA,NA,31959,31959,46441
445780,Cosmetology School of Arts & Sciences,Burley,ID,1,3,32,NA,NA,40,0.875,0.4474,NA,NA,NA,9039,NA,NA,0.6575,NA,NA,NA,10556,10556,19120
445799,Universal Technical Institute of Pennsylvania Inc,Exton,PA,1,3,21,NA,NA,954,0.0776,0.1205,NA,NA,NA,15100,6700,NA,0.6152,NA,NA,NA,14267,14267,51222
445841,Kenneth Shuler School of Cosmetology-Spartanburg,Spartanburg,SC,1,3,13,NA,NA,113,0.9823,0.4773,NA,NA,NA,12654,NA,NA,0.6059,NA,NA,NA,5858,5858,25088
445869,Divine Mercy University,Sterling,VA,4,2,21,NA,NA,NA,NA,NA,NA,NA,NA,15574,8247,0.9429,NA,NA,NA,NA,NA,NA,NA
445911,Lincoln Technical Institute-Shelton,Shelton,CT,1,3,13,NA,NA,875,0.5086,0.5013,NA,NA,NA,13262,NA,NA,0.7912,NA,NA,NA,11250,11250,38683
445948,Northwest Career College,Las Vegas,NV,1,3,11,NA,NA,2937,0.8318,0.5761,NA,NA,NA,9225,5033,0.6386,0.7516,NA,NA,NA,9500,9500,27530
445957,Soma Institute-The National School of Clinical Massage Therapy,Chicago,IL,1,3,11,NA,NA,233,0.7167,0.8142,NA,NA,NA,15998,NA,NA,0.5332,NA,NA,NA,7916,7916,32349
446002,American Academy of Health and Wellness,Roseville,MN,4,3,21,NA,NA,NA,NA,NA,NA,NA,NA,10309,1031,NA,NA,NA,NA,NA,PS,PS,NA
446039,Arizona School of Acupuncture and Oriental Medicine,Tucson,AZ,4,3,11,NA,NA,NA,NA,NA,NA,NA,NA,16758,NA,NA,NA,NA,NA,NA,PS,PS,NA
446048,Ave Maria University,Ave Maria,FL,3,2,42,0.4139,NA,1298,0.53,0.0264,30198,30198,46129,9562,9091,1,0.452,0.7893,0.5394,0.5465,20776,20776,49520
446084,CALC Institute of Technology,Alton,IL,1,3,23,NA,NA,83,0.8795,0.5873,NA,NA,NA,7343,NA,NA,0.7391,NA,NA,NA,9500,9500,32088
446093,Sutter County Career Training Center,Yuba City,CA,1,1,13,NA,NA,54,0.9444,0.48,NA,NA,NA,4099,NA,NA,0.2955,NA,NA,NA,9500,9500,34846
446109,Cambridge College of Healthcare & Technology,Altamonte Springs,FL,1,3,21,NA,NA,381,0.8425,0.547,18168,18168,28779,10958,8063,NA,0.7383,0,0.4722,0.4722,14656,14656,28190
446118,Career Care Institute,Lancaster,CA,1,3,21,NA,NA,620,0.8629,0.5562,NA,NA,NA,17803,7502,0.5752,0.6278,NA,NA,NA,16625,16625,39888
446127,ATA Career Education,Spring Hill,FL,1,3,22,NA,NA,201,0.9055,0.7478,14895,14895,32225,9211,5974,0.5161,0.9292,NA,0.6667,0.6444,21030,21030,34577
446163,Community Christian College,Quartzsite,AZ,2,2,13,NA,NA,424,0.033,0.0701,9675,9675,27218,13166,5750,1,0.9276,NA,NA,NA,PS,PS,39217
446206,Culpeper Cosmetology Training Center,Culpeper,VA,1,1,32,NA,NA,34,0.9706,0.2206,NA,NA,NA,12086,NA,NA,0.4038,NA,NA,NA,PS,PS,NA
446224,Eastern School of Acupuncture and Traditional Medicine,Bloomfield,NJ,1,3,21,NA,NA,2,1,1,NA,NA,NA,21471,NA,NA,0,NA,NA,NA,PS,PS,48962
446233,Ecclesia College,Springdale,AR,3,2,41,0.7381,NA,108,0.287,0.1087,16850,16850,31571,7890,1331,0.3667,0.5435,0.4839,0.4,0.3793,13019,13019,40650
446242,Employment Solutions-College for Technical Education,Lexington,KY,1,2,11,NA,NA,203,0.8227,0.445,NA,NA,NA,9220,NA,NA,0.6017,NA,NA,NA,11600,11600,20156
446251,Estelle Medical Academy,Skokie,IL,1,3,13,NA,NA,66,0.697,1,9180,9180,12400,9200,NA,NA,0.3231,NA,NA,NA,5657,5657,24290
446260,Evergreen Beauty and Barber College-Everett,Everett,WA,1,3,12,NA,NA,1172,0.9753,0.369,NA,NA,NA,12520,NA,NA,0.4843,NA,NA,NA,7917,7917,26872
446288,Paul Mitchell the School-Great Lakes,Port Huron,MI,1,3,23,NA,NA,75,0.96,0.2188,NA,NA,NA,8974,NA,NA,0.3838,NA,NA,NA,9667,9667,16715
446303,Healthcare Training Institute,Union,NJ,1,3,21,0.4167,NA,48,1,0.534,NA,NA,NA,16352,NA,NA,0.3733,NA,NA,NA,8717,8717,37571
446349,John D Rockefeller IV Career Center,New Cumberland,WV,1,1,41,NA,NA,20,0.9,0.3571,10140,10140,25581,68,NA,NA,0.5714,NA,NA,NA,PS,PS,43264
446385,Los Angeles College of Music,Pasadena,CA,3,3,12,0.8771,NA,227,0.4581,0.1311,30540,30540,49705,24031,5308,0.016,0.3221,0.6129,0.4127,0.4356,27938,27938,31758
446516,Rosslyn Training Academy of Cosmetology,Aguada,PR,1,3,22,NA,NA,21,0.7143,0.6667,7277,7277,8467,12573,NA,NA,0,NA,NA,NA,PS,PS,11998
446525,SAE Institute of Technology-Nashville,Nashville,TN,1,3,11,NA,NA,1712,0.1887,0.5183,17514,17514,29991,16596,4494,0.3219,0.7011,NA,0.4173,0.4366,9500,9500,39544
446552,Southern Technical College,Orlando,FL,1,3,21,NA,NA,1875,0.3611,0.487,NA,NA,NA,18078,4932,0.7582,0.6723,NA,NA,NA,11250,11250,29893
446561,Stanbridge University,Irvine,CA,3,3,11,0.1,NA,2643,0.8006,0.7223,NA,NA,NA,22200,7667,0.3089,0.8961,0.8356,0.6209,0.7239,20000,20000,62144
446598,Universal College of Healing Arts,Omaha,NE,1,3,11,NA,NA,26,0.7308,0.7778,11822,11822,24110,25666,4256,NA,0.6667,NA,NA,NA,14768,PS,28865
446604,Uta Mesivta of Kiryas Joel,Monroe,NY,3,2,13,NA,NA,2957,0,NA,16000,16000,21682,13816,3617,1,0,0.9399,0.7019,0.7403,PS,PS,31853
446640,Harrisburg University of Science and Technology,Harrisburg,PA,3,2,13,0.8735,NA,615,0.2943,0.1588,24400,24400,35893,18421,9125,0.269,0.5613,0.7388,0.3387,0.3874,27000,27000,52374
446774,Blue Ridge Community and Technical College,Martinsburg,WV,2,1,41,NA,NA,1661,0.6111,0.608,4752,8808,11522,2479,5342,0.4444,0.1309,NA,NA,NA,13000,13000,39293
447014,Daytona College,Ormond Beach,FL,1,3,13,NA,NA,191,0.9372,0.6482,NA,NA,NA,12256,8860,0.1875,0.6993,NA,0.8571,0.7887,7403,7403,26422
447023,Delta Technical College-Mississippi,Horn Lake,MS,1,3,21,NA,NA,2307,0.4889,0.4366,NA,NA,NA,8558,NA,NA,0.9008,NA,NA,NA,9500,9500,33601
447050,United States University,Sandy Springs,CA,3,3,11,NA,NA,153,0.6797,0.9326,6780,6780,NA,13311,7532,1,0.1404,NA,NA,NA,15244,PS,80980
447148,Empire Beauty School-Avondale,Avondale,AZ,1,3,21,NA,NA,236,0.9492,0.2845,NA,NA,NA,9366,NA,NA,0.4928,NA,NA,NA,10231,10231,23589
447166,Empire Beauty School-Littleton,Littleton,CO,1,3,21,NA,NA,48,0.9583,0.2727,NA,NA,NA,10806,NA,NA,0.4306,NA,NA,NA,10667,10667,24022
447175,Empire Beauty School-Aurora,Aurora,CO,1,3,11,NA,NA,70,0.9286,0.4286,NA,NA,NA,11815,NA,NA,0.438,NA,NA,NA,10667,10667,24022
447263,Joyce University of Nursing and Health Sciences,Draper,UT,2,3,21,0.6188,NA,2058,0.8479,0.5877,21680,21680,30016,19541,7480,0.4318,0.4334,0.8605,0.5417,0.5122,20000,20000,49841
447351,San Joaquin Valley College-Modesto,Salida,CA,1,3,21,NA,NA,598,0.3946,0.4034,NA,NA,NA,8093,5643,0.1923,0.6548,NA,NA,NA,10674,10674,38317
447421,Eagle Gate College-Layton,Layton,UT,3,3,21,NA,NA,226,0.9027,0.7268,NA,NA,NA,16316,7269,NA,0.4649,0.6667,0.3846,0.5789,43021,43021,37518
447449,Academy Of Hair Design,Jasper,TX,1,3,33,NA,NA,52,0.7692,0.3673,NA,NA,NA,4702,NA,NA,0.9706,NA,NA,NA,11125,11125,20892
447467,Unitech Training Academy-West Monroe,West Monroe,LA,1,3,22,NA,NA,81,0.963,0.4694,NA,NA,NA,21192,NA,NA,0.7984,NA,NA,NA,8721,8721,24707
447582,New River Community and Technical College,Beaver,WV,2,1,41,NA,NA,770,0.6649,0.2607,5156,9646,12132,2750,5492,0.5914,0.1165,NA,NA,NA,7250,7250,29073
447591,The College of Health Care Professions-Southwest Houston,Houston,TX,1,3,11,NA,NA,681,0.8576,0.3754,NA,NA,NA,7246,4875,1,0.7226,NA,NA,NA,9500,9500,33070
447607,UEI College-Chula Vista,Chula Vista,CA,1,3,11,NA,NA,1373,0.3773,0.4033,NA,NA,NA,11768,NA,NA,0.6729,NA,NA,NA,9500,9500,31141
447616,UEI College-West Covina,West Covina,CA,1,3,21,NA,NA,978,0.3476,0.363,NA,NA,NA,11210,NA,NA,0.7138,NA,NA,NA,9500,9500,31141
447689,Georgia Gwinnett College,Lawrenceville,GA,3,1,21,0.955,NA,11344,0.5921,0.1753,4532,13844,22547,2732,8110,0.7396,0.2469,0.6337,0.2147,0.2062,20076,20076,47730
447698,Phoenix Institute of Herbal Medicine & Acupuncture,Phoenix,AZ,4,3,11,NA,NA,NA,NA,NA,NA,NA,NA,9807,4750,0.0571,NA,NA,NA,NA,PS,PS,NA
447704,Tucson College of Beauty,Tucson,AZ,1,3,11,NA,NA,144,0.9792,0.3507,NA,NA,NA,9236,NA,NA,0.5244,NA,NA,NA,6333,6333,27314
447713,California Career College,Canoga Park,CA,2,3,11,NA,NA,190,0.7263,0.9179,NA,NA,NA,4185,2976,0.9231,0.9136,NA,1,PS,28500,28500,51684
447722,Palladium Technical Academy Inc,Temple City,CA,1,3,21,NA,NA,49,0.9592,0.6222,NA,NA,NA,13417,NA,NA,1,NA,NA,NA,7755,PS,34799
447731,Los Angeles College of Aesthetics,Los Angeles,CA,1,3,11,NA,NA,117,0.8803,0.6436,NA,NA,NA,13446,NA,NA,0.3223,NA,NA,NA,3723,3723,16540
447759,National Polytechnic College,Lakewood,CA,2,3,21,NA,NA,516,0.6725,0.6154,NA,NA,NA,17455,5233,0.5,0.634,NA,NA,NA,16098,16098,30781
447768,American Career College-Ontario,Ontario,CA,1,3,12,NA,NA,2242,0.7756,0.6192,NA,NA,NA,14288,7548,NA,0.683,NA,NA,NA,9500,9500,38492
447777,Asher College,Sacramento,CA,2,3,21,NA,NA,649,0.4083,0.3791,NA,NA,NA,46177,4164,0.7586,0.6037,NA,NA,NA,14166,14166,45468
447795,American Institute of Massage Therapy,Santa Ana,CA,1,3,11,NA,NA,19,0.7368,0.9412,NA,NA,NA,4871,NA,NA,0,NA,NA,NA,PS,PS,NA
447801,University of East-West Medicine,Sunnyvale,CA,4,3,12,NA,NA,NA,NA,NA,NA,NA,NA,12512,NA,NA,NA,NA,NA,NA,PS,PS,NA
447810,Blake Austin College,Vacaville,CA,1,3,22,NA,NA,217,0.8848,0.4545,NA,NA,NA,13837,7920,0.2727,0.5863,NA,NA,NA,10249,10249,42518
447847,Aviator College of Aeronautical Science and Technology,Fort Pierce,FL,1,3,21,NA,NA,256,0.1055,0.5223,44975,44975,48190,33590,3234,0.8958,0.747,NA,NA,NA,16979,16979,67739
447865,Trendsetters School of Beauty & Barbering,Jacksonville,FL,1,3,11,NA,NA,18,0.3889,0.6154,NA,NA,NA,9493,NA,NA,0.3939,NA,NA,NA,11211,PS,25222
447883,American Institute of Beauty,Largo,FL,1,3,21,NA,NA,151,0.8543,0.486,NA,NA,NA,9258,NA,NA,0.7625,NA,NA,NA,6333,6333,20371
447892,North Florida Cosmetology Institute,Tallahassee,FL,1,3,12,NA,NA,91,0.8901,0.4429,NA,NA,NA,11887,NA,NA,0.6454,NA,NA,NA,6334,6334,23615
447908,Florida Academy of Health & Beauty,Oakland Park,FL,1,3,21,NA,NA,54,1,0.4776,NA,NA,NA,11016,NA,NA,0.3592,NA,NA,NA,3333,3333,18116
447917,Augusta School of Massage,Evans,GA,1,3,21,NA,NA,34,0.7647,0.6296,NA,NA,NA,9527,NA,NA,0.6515,NA,NA,NA,PS,PS,25408
447935,ATA College,Louisville,KY,2,3,21,NA,NA,363,0.9669,0.7715,14200,14200,31920,8282,6712,0.2553,0.9436,NA,NA,NA,21030,21030,34577
447953,SUM Bible College and Theological Seminary,El Dorado Hills,CA,3,2,21,0.4068,NA,198,0.399,0.7201,10460,10460,24956,10205,5000,NA,0.4308,0.6429,0.8481,0.6736,26677,26677,35418
447962,Compass Career College,Hammond,LA,1,3,23,NA,NA,194,0.9742,0.3459,NA,NA,NA,10511,NA,NA,0.6186,NA,NA,NA,7917,7917,21175
447980,Nuvo College of Cosmetology,Norton Shores,MI,1,3,13,NA,NA,96,0.9583,0.069,NA,NA,NA,9123,NA,NA,0.2273,NA,NA,NA,5500,5500,18159
447999,WellSpring School of Allied Health-Kansas City,Kansas City,MO,1,3,11,NA,NA,208,0.7404,0.6313,NA,NA,NA,7808,4583,NA,0.8503,NA,NA,NA,7917,7917,29839
448026,The Salon Professional Academy-Fargo,Fargo,ND,1,3,12,NA,NA,95,0.9895,0.1792,NA,NA,NA,7364,NA,NA,0.3589,NA,NA,NA,12000,12000,31497
448071,Aveda Arts & Sciences Institute-New York,New York,NY,1,3,11,NA,NA,293,0.942,0.3684,NA,NA,NA,15119,NA,NA,0.5,NA,NA,NA,6129,6129,28013
448123,MyrAngel Beauty Institute,San Lorenzo,PR,1,3,21,NA,NA,193,0.9016,0.5657,NA,NA,NA,9353,NA,NA,0.3644,NA,NA,NA,PS,PS,16758
448196,Texas Health School,Houston,TX,1,3,11,NA,NA,192,0.8802,0.7634,NA,NA,NA,10488,7511,0.4118,0.6449,NA,NA,NA,10915,10915,30187
448220,Paul Mitchell the School-Logan,Logan,UT,1,3,13,NA,NA,133,0.8797,0.224,NA,NA,NA,10540,NA,NA,0.3255,NA,NA,NA,9250,9250,23620
448239,Careers Unlimited,Orem,UT,3,3,13,NA,NA,118,0.9831,0.3475,NA,NA,NA,19514,9842,NA,0.7472,NA,NA,NA,PS,PS,30829
448248,Mountainland Technical College,Lehi,UT,1,1,13,NA,NA,2774,0.3753,0.2182,NA,NA,NA,2800,NA,NA,0,NA,NA,NA,PS,PS,31963
448257,Avi Career Training,vienna,VA,1,3,21,NA,NA,22,1,0.5541,NA,NA,NA,6275,NA,NA,0.75,NA,NA,NA,6333,6333,28615
448275,Mountain State School of Massage,Charleston,WV,1,3,13,NA,NA,32,0.8125,0.6667,NA,NA,NA,40338,NA,NA,1,NA,NA,NA,PS,PS,27545
448372,San Joaquin Valley College-Rancho Cordova,Rancho Cordova,CA,2,3,13,NA,NA,224,0.5714,0.6062,NA,NA,NA,9251,7434,0.5625,0.7276,NA,NA,NA,10674,10674,38317
448424,Broken Arrow Beauty College,Broken Arrow,OK,1,3,21,NA,NA,71,0.8451,0.3939,NA,NA,NA,12423,NA,NA,0.4745,NA,NA,NA,6333,6333,23722
448433,Universal Technical Institute of Northern California Inc,Sacramento,CA,2,3,11,NA,NA,1214,0.0692,0.1454,NA,NA,NA,18085,6681,NA,0.6405,NA,NA,NA,13097,13097,48341
448594,Lemoore College,Lemoore,CA,2,1,41,NA,NA,3373,0.63,0.2637,1384,10954,21457,417,12818,0.2885,0.0103,NA,NA,NA,9500,9500,40292
448600,Stautzenberger College-Brecksville,Brecksville,OH,2,3,21,NA,NA,62,0.9839,0.4286,16699,16699,29518,18310,5639,NA,0.898,NA,NA,NA,14302,14302,34104
448646,Unitech Training Academy-Houma,Houma,LA,1,3,13,NA,NA,47,0.9574,0.3973,NA,NA,NA,18806,NA,NA,0.8151,NA,NA,NA,8721,8721,24707
448673,Rasmussen University-Illinois,Rockford,IL,2,3,12,NA,NA,1145,0.8987,0.8086,14078,14078,27601,20125,6749,0.1705,0.7815,NA,NA,NA,20899,20899,39080
448691,International Institute for Restorative Practices,Bethlehem,PA,4,2,13,NA,NA,NA,NA,NA,NA,NA,NA,11338,6551,1,NA,NA,NA,NA,NA,NA,NA
448770,Automotive Training Center-Warminster,Warminster,PA,1,3,21,NA,NA,302,0.0662,0.1236,NA,NA,NA,12232,NA,NA,0.6366,NA,NA,NA,15665,15665,51112
448798,Empire Beauty School-Milwaukee,Milwaukee,WI,1,3,11,NA,NA,111,0.9369,0.4796,NA,NA,NA,9030,NA,NA,0.5303,NA,NA,NA,10231,10231,23589
448895,Milan Institute-Clovis,Clovis,CA,1,3,21,NA,NA,560,0.8661,0.4499,NA,NA,NA,12526,NA,NA,0.6643,NA,NA,NA,6333,6333,24879
449038,Strayer University-Florida,Tampa,FL,3,3,21,NA,NA,1107,0.7218,0.9072,13920,13920,25158,13222,8381,0.1481,0.8554,0.6667,1,PS,40621,40621,40092
449074,Pima Medical Institute-Renton,Renton,WA,1,3,12,NA,NA,456,0.8509,0.44,NA,NA,NA,12637,6440,0.5278,0.4981,NA,NA,NA,9500,9500,38673
449083,College of Business and Technology,Miami,FL,1,3,21,NA,NA,508,0.0118,0.9624,14030,14030,24550,23488,4542,0.4259,0.9181,NA,NA,NA,8550,8550,29534
449092,College of Business and Technology,Hialeah,FL,1,3,21,NA,NA,547,0,0.8986,14030,14030,17988,20178,2619,0.5111,0.7911,NA,NA,NA,8550,8550,29534
449135,Dewey University-Juana Diaz,Juana Diaz,PR,2,2,23,NA,NA,263,0.7909,0.7778,7630,7630,11572,2283,2736,1,0.177,0.5938,0.7333,0.7143,5185,5185,19761
449250,The College of Health Care Professions-San Antonio,San Antonio,TX,1,3,11,NA,NA,766,0.7977,0.5446,NA,NA,NA,7164,5038,0.7813,0.6783,NA,NA,NA,9500,9500,33070
449311,Brittany Beauty Academy,Bronx,NY,1,3,11,NA,NA,136,1,0.6486,NA,NA,NA,15297,NA,NA,0.4981,NA,NA,NA,6333,6333,18753
449320,Lincoln Technical Institute-Whitestone,Whitestone,NY,1,3,11,NA,NA,1131,0.0283,0.2371,NA,NA,NA,15886,NA,NA,0.8056,NA,NA,NA,11730,11730,46396
449339,American Public University System,Charles Town,WV,3,3,31,NA,NA,40074,0.3554,0.7769,8400,8400,18768,7704,5404,0.1842,0.1216,0.9714,0.5716,0.5522,21743,21743,44409
449348,Huntsville Bible College,Huntsville,AL,1,2,12,NA,NA,64,0.7031,0.8902,4730,4730,NA,5660,NA,NA,0.5366,NA,0,PS,40500,PS,NA
449357,Beaumont Adult School,Beaumont,CA,1,1,21,NA,NA,108,0.8981,0.7525,NA,NA,NA,18101,NA,NA,0.7939,NA,NA,NA,14866,14866,50801
449384,Gnomon,North Hollywood,CA,3,3,11,0.4182,NA,294,0.4286,0.5315,37635,37635,54947,37163,11289,NA,0.1766,0.9,1,PS,28332,28332,114785
449393,MJ Barber & Beauty Academy,La Quinta,CA,1,3,21,NA,NA,66,0.5152,0.3864,NA,NA,NA,16933,NA,NA,0.6667,NA,NA,NA,2905,2905,19665
449454,Academy of Natural Therapy Inc,Greeley,CO,1,3,12,NA,NA,13,0.7692,0.7115,NA,NA,NA,16099,NA,NA,0.6667,NA,NA,NA,7917,7917,25770
449463,Academy Di Capelli-School of Cosmetology,Wallingford,CT,1,3,21,NA,NA,402,0.6866,0.3777,NA,NA,NA,14147,NA,NA,0.7457,NA,NA,NA,6333,6333,NA
449472,The Salon Professional Academy,Dagsboro,DE,1,3,32,NA,NA,81,0.9753,0.2055,NA,NA,NA,14606,NA,NA,0.5355,NA,NA,NA,6333,6333,23718
449481,Dragon Rises College of Oriental Medicine,Bradenton,FL,4,2,21,NA,NA,NA,NA,NA,NA,NA,NA,9569,NA,NA,NA,NA,NA,NA,PS,PS,NA
449506,SABER College,Miami,FL,2,2,11,0.8037,NA,482,0.6992,0.7327,NA,NA,NA,24460,7354,0.45,0.7618,NA,NA,NA,22000,22000,40816
449524,Taylor College,Ocala,FL,2,3,13,NA,NA,308,0.9253,0.7685,14580,14580,27241,60680,5984,0.625,0.8386,NA,NA,NA,26250,26250,60311
449603,Denmark College,Merrillville,IN,1,3,21,NA,NA,175,0.3829,0.4831,NA,NA,NA,17232,NA,NA,0.6628,NA,NA,NA,8965,8965,23538
449612,Louisiana Culinary Institute,Baton Rouge,LA,2,3,21,0.375,NA,77,0.5844,0.2556,15575,15575,30162,17691,4431,NA,0.6889,NA,NA,NA,16200,16200,40359
449658,Bais Medrash Toras Chesed,Lakewood,NJ,3,2,13,0.5765,NA,132,0,0.032,8100,8100,14000,5862,5089,NA,0,0.9091,0.3333,0.3269,PS,PS,NA
449676,Ace Institute of Technology,New York,NY,1,3,11,NA,NA,275,0.6873,0.6553,NA,NA,NA,16966,NA,NA,0.7241,NA,NA,NA,6471,6471,NA
449685,New Age Training,New York,NY,1,3,11,NA,NA,187,0.8503,0.4395,NA,NA,NA,31459,NA,NA,0,NA,NA,NA,7789,7789,31997
449700,Dayton School of Medical Massage,Dayton,OH,1,3,13,NA,NA,376,0.7287,0.7529,18122,18122,33911,8790,NA,NA,0.9271,NA,NA,NA,13432,13432,31071
449728,ATA College,Tulsa,OK,2,3,11,NA,NA,193,0.9637,0.5618,18850,18850,30905,11116,5807,0.4583,0.8596,NA,NA,NA,21308,21308,40823
449764,Visible Music College,Memphis,TN,3,2,11,0.2803,1050,79,0.443,0.3155,22000,22000,31820,16595,2476,0.3478,0.5774,0.6667,0.2286,0.3438,9500,9500,35933
449773,CCI Training Center-Arlington,Arlington,TX,1,3,11,NA,NA,305,0.9475,0.5989,NA,NA,NA,11879,NA,NA,0.794,NA,NA,NA,8045,8045,40829
449807,Southeast Texas Career Institute,Silsbee,TX,1,3,31,NA,NA,75,0.9333,0.4054,NA,NA,NA,8514,NA,NA,0.3776,NA,NA,NA,5500,5500,24835
449816,Southwest Technical College,Cedar City,UT,1,1,33,NA,NA,540,0.2926,0.2327,NA,NA,NA,1980,NA,NA,0,NA,NA,NA,PS,PS,35507
449834,Virginia Beach Theological Seminary,Virginia Beach,VA,4,2,11,NA,NA,1,0,1,NA,NA,NA,7072,5113,NA,NA,NA,NA,NA,NA,NA,NA
449861,Milwaukee Career College,Milwaukee,WI,1,3,21,0.7286,NA,67,0.8955,0.3288,NA,NA,NA,20732,5066,0.7273,1,NA,NA,NA,7046,7046,28355
449870,University of the West,Rosemead,CA,3,2,21,1,NA,32,0.7188,0.1887,15446,15446,21278,20440,5842,0.2381,0.1887,0.5,0.375,0.3279,PS,PS,NA
449889,American College of Education,Indianapolis,IN,3,3,11,NA,NA,359,0.8134,0.9134,NA,NA,NA,NA,3626,0.2446,0,NA,NA,NA,NA,NA,NA
449898,South University-Tampa,Tampa,FL,3,3,11,NA,NA,388,0.7474,0.7462,18145,18145,30414,16815,7883,0.3667,0.6,0.5,0.2333,0.1539,26123,26123,34421
449904,Milan Institute of Cosmetology-San Antonio Military,San Antonio,TX,1,3,11,NA,NA,225,0.9156,0.4653,NA,NA,NA,10022,NA,NA,0.6114,NA,NA,NA,6333,6333,22378
449922,Appalachian College of Pharmacy,Oakwood,VA,4,2,42,NA,NA,NA,NA,NA,NA,NA,NA,35898,9823,1,NA,NA,NA,NA,PS,PS,NA
449959,Paul Mitchell the School-Tampa,Tampa,FL,1,3,21,NA,NA,106,0.8113,0.3897,NA,NA,NA,15451,NA,NA,0.5236,NA,NA,NA,13000,13000,26897
449968,Paul Mitchell the School-San Diego,San Diego,CA,1,3,11,NA,NA,225,0.84,0.46,NA,NA,NA,18695,NA,NA,0.3257,NA,NA,NA,13000,13000,26897
449977,Paul Mitchell the School-Michigan,Sterling Heights,MI,1,3,21,NA,NA,136,0.9559,0.2716,NA,NA,NA,18845,NA,NA,0.43,NA,NA,NA,13000,13000,26897
449986,Paul Mitchell the School-Sherman Oaks,Sherman Oaks,CA,1,3,11,NA,NA,286,0.8392,0.425,NA,NA,NA,12905,NA,NA,0.5474,NA,NA,NA,10556,10556,26262
450058,Fortis College-Columbus,Westerville,OH,1,3,21,NA,NA,766,0.7846,0.6807,14935,14935,34877,11095,5917,0.3974,0.7775,NA,NA,NA,12547,12547,36368
450067,Fortis College-Cincinnati,Cincinnati,OH,1,3,21,NA,NA,500,0.668,0.7097,14763,14763,36925,10853,5550,0.4722,0.7835,NA,NA,NA,12547,12547,36368
450128,Blue Cliff College-Alexandria,Alexandria,LA,1,3,13,NA,NA,345,0.9536,0.6452,NA,NA,NA,18258,3484,0.5294,0.7758,NA,NA,NA,9500,9500,22177
450298,Strayer University-Delaware,Wilmington,DE,3,3,13,NA,NA,161,0.7578,0.9417,13920,13920,25158,20928,8381,0.1667,0.8042,0,NA,NA,40621,40621,40092
450304,Brite Divinity School,Fort Worth,TX,4,2,11,NA,NA,NA,NA,NA,NA,NA,NA,0,10905,1,NA,NA,NA,NA,21500,21500,68424
450377,Strayer University-Alabama,Birmingham,AL,3,3,12,NA,NA,1196,0.8085,0.8955,13920,13920,NA,12641,8381,0.1481,0.9097,NA,0,PS,40621,40621,40092
450395,Brown Aveda Institute-Strongsville,Strongsville,OH,1,3,21,NA,NA,121,0.9669,0.3309,NA,NA,NA,12859,NA,NA,0.6553,NA,NA,NA,7267,7267,27446
450401,Clary Sage College,Tulsa,OK,1,2,11,NA,NA,415,0.8554,0.4332,NA,NA,NA,10290,3571,0.88,0.6436,NA,NA,NA,8898,8898,28954
450571,Rasmussen University-Wisconsin,Green Bay,WI,2,3,12,NA,NA,55,0.9818,0.6429,NA,NA,NA,17266,6556,0.1176,0.7578,NA,0.5667,0.5968,20899,20899,39080
450599,Empire Beauty School-Richmond,Richmond,VA,1,3,21,NA,NA,77,0.987,0.3429,NA,NA,NA,9570,NA,NA,0.5968,NA,NA,NA,10667,10667,23921
450605,Empire Beauty School-North Hills,Pittsburgh,PA,1,3,21,NA,NA,83,0.988,0.4237,NA,NA,NA,9929,NA,NA,0.6949,NA,NA,NA,10667,10667,22377
450614,Empire Beauty School-Concord,Concord,NC,1,3,12,NA,NA,110,0.9636,0.4815,NA,NA,NA,10088,NA,NA,0.565,NA,NA,NA,13000,13000,23925
450632,Lexington Healing Arts Academy,Lexington,KY,1,3,11,NA,NA,78,0.7949,0.7865,NA,NA,NA,14867,NA,NA,0.551,NA,NA,NA,7600,7600,33193
450641,Empire Beauty School-Hooksett,Hooksett,NH,1,3,22,NA,NA,306,0.9346,0.3609,NA,NA,NA,8311,NA,NA,0.4625,NA,NA,NA,7942,7942,33546
450650,The Institute of Beauty and Wellness,Milwaukee,WI,1,3,11,NA,NA,186,0.9624,0.3285,NA,NA,NA,15259,NA,NA,0.7548,NA,NA,NA,6333,6333,31723
450696,Carrington College-Stockton,Stockton,CA,1,3,11,NA,NA,436,0.7706,0.2914,NA,NA,NA,11445,6183,0.8889,0.6968,NA,NA,NA,11537,11537,39633
450711,Trend Barber College,Houston,TX,1,3,11,NA,NA,61,0.1967,0.4889,NA,NA,NA,7035,NA,NA,0.705,NA,NA,NA,12794,12794,16575
450933,Columbia Southern University,Orange Beach,AL,3,3,31,NA,NA,12176,0.3598,0.921,6760,6760,18226,4405,4485,0.3997,0.2578,0.7099,0.3328,0.3532,21339,21339,63534
450951,Arizona Culinary Institute,Scottsdale,AZ,1,3,12,NA,NA,149,0.4899,0.414,NA,NA,NA,15928,NA,NA,0.5342,NA,NA,NA,9500,9500,41651
450960,Healthcare Career College,Paramount,CA,1,3,21,NA,NA,447,0.9329,0.6089,NA,NA,NA,14188,6182,0.4878,0.4413,NA,NA,NA,9500,9500,32613
450988,Coastline Beauty College,Fountain Valley,CA,1,3,13,NA,NA,203,0.931,0.4649,NA,NA,NA,9157,NA,NA,0,NA,NA,NA,PS,PS,11585
451042,Branford Academy of Hair & Cosmetology,Branford,CT,1,3,21,NA,NA,51,0.6275,0.4615,NA,NA,NA,8860,NA,NA,0,NA,NA,NA,6333,6333,NA
451051,Academy of Massage and Bodywork,Bear,DE,1,3,21,NA,NA,81,0.9506,0.5664,NA,NA,NA,19201,NA,NA,0.4551,NA,NA,NA,6333,6333,31204
451079,Academy for Five Element Acupuncture,Gainesville,FL,4,2,12,NA,NA,NA,NA,NA,NA,NA,NA,11996,NA,NA,NA,NA,NA,NA,PS,PS,NA
451097,Academy of Career Training,Kissimmee,FL,1,3,13,NA,NA,100,0.73,0.3333,NA,NA,NA,6774,NA,NA,0.3226,NA,NA,NA,6105,6105,22029
451103,Miami Regional University,Miami Springs,FL,2,3,21,NA,NA,312,0.7147,0.8452,NA,NA,NA,10721,8265,0.55,0.7368,0.9655,0.8448,0.6585,22500,22500,29081
451149,Aveda Institute-South Florida,Davie,FL,1,3,21,NA,NA,923,0.9296,0.3636,NA,NA,NA,14031,NA,NA,0.34,NA,NA,NA,6333,6333,29426
451158,Aveda Institute-Tampa Bay,Clearwater,FL,1,3,21,NA,NA,620,0.9565,0.3403,NA,NA,NA,13925,NA,NA,0.263,NA,NA,NA,6333,6333,29449
451167,Shear Excellence Hair Academy,Tampa,FL,1,3,21,NA,NA,118,0.5763,0.5101,NA,NA,NA,11226,NA,NA,0.5603,NA,NA,NA,9498,9498,23366
451194,Carlson College of Massage Therapy,Anamosa,IA,1,3,42,NA,NA,39,0.7949,0.7895,NA,NA,NA,7726,NA,NA,0.675,NA,NA,NA,PS,PS,26893
451228,MyComputerCareer at Indianapolis,Indianapolis,IN,1,3,11,NA,NA,1144,0.1932,0.8752,NA,NA,NA,15410,4643,NA,0.6321,NA,NA,NA,9500,9500,41976
451237,Z Hair Academy,Overland Park,KS,1,3,12,1,NA,235,0.9957,0.1075,NA,NA,NA,8704,NA,NA,0.6265,NA,NA,NA,9833,9833,27346
451255,DiGrigoli School of Cosmetology,West Springfield,MA,1,3,21,NA,NA,21,0.9524,0.25,NA,NA,NA,15381,NA,NA,0,NA,NA,NA,PS,PS,14195
451282,Elevate Salon Institute,Royal Oak,MI,1,3,21,NA,NA,197,0.9594,0.24,NA,NA,NA,15322,NA,NA,0.2284,NA,NA,NA,6333,6333,16853
451291,Lakewood School of Therapeutic Massage,Port Huron,MI,1,3,23,NA,NA,10,0.9,0.2857,NA,NA,NA,12027,NA,NA,0.8421,NA,NA,NA,PS,PS,16682
451307,The Salon Professional Academy-Battle Creek,Battle Creek,MI,1,3,13,NA,NA,49,0.9796,0.4545,NA,NA,NA,17464,NA,NA,0.6494,NA,NA,NA,6333,6333,21504
451316,Trend Setters School,Cape Girardeau,MO,1,3,13,NA,NA,65,0.7692,0.3913,NA,NA,NA,8848,NA,NA,0.7157,NA,NA,NA,10667,10667,23185
451334,Academy of Hair Design-Springfield,Springfield,MO,1,3,12,NA,NA,275,0.6836,0.5468,NA,NA,NA,6703,NA,NA,0.7129,NA,NA,NA,9500,9500,25129
451343,Corinth Academy of Cosmetology,Corinth,MS,1,3,33,NA,NA,90,0.9778,0.4667,NA,NA,NA,7465,NA,NA,0.3987,NA,NA,NA,8500,8500,25685
451352,Southeastern College-Charlotte,Charlotte,NC,1,3,11,0.9367,NA,252,0.9325,0.6129,25080,25080,38136,14173,6376,0.64,0.9124,NA,NA,NA,9500,9500,31548
451370,Yeshivas Be'er Yitzchok,Elizabeth,NJ,3,2,21,0.8621,NA,90,0,0.3462,11450,11450,36850,7365,4495,NA,0,1,0.1429,PS,PS,PS,82560
451398,Yeshiva Toras Chaim,Lakewood,NJ,3,2,21,0.4425,NA,227,0,NA,12750,12750,23250,12540,5532,NA,0,0.9194,0.3103,0.2892,PS,PS,62526
451404,Talmudical Seminary of Bobov,Brooklyn,NY,3,2,11,0.9787,NA,602,0,NA,13200,13200,19000,14634,3274,1,0,0.6869,0.3922,0.4088,PS,PS,22432
451413,Center for Allied Health Education,Brooklyn,NY,1,3,11,0.1852,NA,437,0.7368,0.5929,NA,NA,NA,37153,NA,NA,0.7064,NA,NA,NA,13626,13626,107249
451468,Aveda Fredric's Institute-Cincinnati,West Chester,OH,1,3,21,NA,NA,453,0.9845,0.2116,NA,NA,NA,16685,NA,NA,0.5614,NA,NA,NA,7917,7917,30468
451477,MyComputerCareer at Columbus,Columbus,OH,1,3,11,NA,NA,821,0.179,0.8592,NA,NA,NA,14205,5602,NA,0.3496,NA,NA,NA,9500,9500,43409
451495,CDE Career Institute,Tannersville,PA,1,3,41,NA,NA,311,0.7395,0.6913,NA,NA,NA,15222,NA,NA,0.9687,NA,NA,NA,9500,9500,30894
451501,Instituto Educativo Premier,Ponce,PR,1,3,12,NA,NA,290,0.6828,0.1378,NA,NA,NA,11649,NA,NA,0,NA,NA,NA,PS,PS,20182
451510,Charleston School of Law,Charleston,SC,4,3,12,NA,NA,NA,NA,NA,NA,NA,NA,27115,13361,0.5472,NA,NA,NA,NA,PS,PS,NA
451529,Elite College of Cosmetology,Lexington,TN,1,3,32,NA,NA,53,1,0.3676,NA,NA,NA,8958,NA,NA,0.4588,NA,NA,NA,5500,5500,21197
451547,Manuel and Theresa's School of Hair Design-Bryan,Bryan,TX,1,3,13,NA,NA,13,0.9231,0.3158,NA,NA,NA,3860,NA,NA,0.7143,NA,NA,NA,7924,7924,NA
451556,Southwest University at El Paso,El Paso,TX,2,3,11,NA,NA,2073,0.6778,0.5944,16000,16000,23987,13295,3960,NA,0.7561,0.6382,0.5942,0.622,20000,20000,29648
451565,Paul Mitchell the School-Austin,Austin,TX,1,3,11,NA,NA,171,0.8304,0.3802,NA,NA,NA,11289,NA,NA,0.4701,NA,NA,NA,7917,7917,23721
451574,Aveda Institute-Provo,Provo,UT,1,3,12,NA,NA,164,0.9756,0.2183,NA,NA,NA,12797,NA,NA,0.2973,NA,NA,NA,7666,7666,20414
451583,Dixie Technical College,Saint George,UT,1,1,12,NA,NA,1144,0.2631,0.2628,NA,NA,NA,3202,NA,NA,0,NA,NA,NA,PS,PS,31051
451626,Victoria's Academy of Cosmetology,Kennewick,WA,1,3,13,NA,NA,34,0.9118,0.1786,NA,NA,NA,14107,NA,NA,0.5047,NA,NA,NA,7830,7830,24668
451714,Paul Mitchell the School-San Antonio,San Antonio,TX,1,3,11,NA,NA,361,0.9003,0.4858,NA,NA,NA,9839,NA,NA,0.4564,NA,NA,NA,8505,8505,28693
451750,Bryant & Stratton College-Wauwatosa,Wauwatosa,WI,2,2,21,NA,NA,1037,0.7888,0.5231,20288,20288,26292,22224,6719,0.4216,0.7938,0.4286,0.1974,0.2159,21549,21549,32568
451857,Remington College-Houston Southeast Campus,League City,TX,1,2,21,NA,NA,111,0.8559,0.6308,16926,16926,26339,10232,4445,NA,0.6154,NA,NA,NA,13271,13271,31349
451866,Remington College-Shreveport Campus,Shreveport,LA,1,2,12,NA,NA,315,0.8254,0.6228,16245,16245,37279,10654,4047,NA,0.9298,1,0.3302,0.296,13271,13271,31349
451918,TC Beauty,Johnson City,TN,1,3,13,NA,NA,100,0.88,0.4101,NA,NA,NA,12353,NA,NA,0.2154,NA,NA,NA,7917,7917,21153
451927,Patrick Henry College,Purcellville,VA,3,2,31,0.7744,1352,395,0.4506,0.027,28425,28425,NA,14069,7341,0.3953,0,0.875,0.7386,0.7063,NA,NA,NA
452009,The Hair Academy,Bismarck,ND,1,3,13,NA,NA,65,0.9846,0.1607,NA,NA,NA,5437,NA,NA,0.5,NA,NA,NA,11630,11630,31370
452072,Ross Medical Education Center-New Baltimore,New Baltimore,MI,1,3,21,NA,NA,33,0.9697,0.5128,NA,NA,NA,8844,NA,NA,0.5593,NA,NA,NA,9500,9500,30481
452081,Ross College-Sylvania,Sylvania,OH,1,3,21,NA,NA,1714,0.9691,0.7478,NA,NA,NA,6898,4515,NA,0.6068,NA,NA,NA,9500,9500,29898
452106,Escuela De Troqueleria Y Herramentaje,Bayamon,PR,1,1,12,1,NA,69,0.0435,0.0448,3850,3850,7750,2879,NA,NA,0,NA,NA,NA,PS,PS,26293
452124,Fortis Institute-Nashville,Nashville,TN,1,3,11,NA,NA,393,0.7761,0.574,15627,15627,35598,11203,6136,0.4348,0.7449,NA,NA,NA,12346,12346,32886
452373,ATA College-Cincinnati,Cincinnati,OH,1,3,21,NA,NA,266,0.9474,0.7727,14250,14250,29920,10890,6607,0.2895,0.9545,NA,0.625,0.6667,21030,21030,34577
452771,Dental Assistant Pro LLC-Columbus,Westerville,OH,1,3,21,NA,NA,10,0.8,0.2,NA,NA,NA,43975,NA,NA,0,NA,NA,NA,NA,NA,NA
452780,Dental Assistant Pro-Lebanon,Lebanon,OH,1,3,21,NA,NA,20,0.95,0.3571,NA,NA,NA,46517,NA,NA,0,NA,NA,NA,NA,NA,NA
452887,Elite Welding Academy LLC,Cincinnati,OH,1,3,21,NA,NA,59,0.1525,0.1846,NA,NA,NA,21473,NA,NA,0.3451,NA,NA,NA,9483,9483,NA
452948,Galen College of Nursing-Cincinnati,Cincinnati,OH,2,3,21,NA,NA,645,0.8977,0.6746,18048,18048,34842,18967,7318,0.525,0.8597,0.8333,0.5714,0.5555,24166,24166,61480
453163,Strayer University-North Carolina,Greensboro,NC,3,3,11,NA,NA,2671,0.7873,0.8959,13920,13920,NA,11523,8381,0.1636,0.9032,NA,0.3333,PS,40621,40621,40092
453215,Strayer University-New Jersey,Piscataway,NJ,3,3,21,NA,NA,702,0.7707,0.8903,13920,13920,NA,5454,8381,0.1667,0.8401,NA,0,PS,40621,40621,40092
453297,International Culinary Arts and Sciences Institute,Chesterland,OH,1,3,41,NA,NA,33,0.6061,0.3077,NA,NA,NA,42237,NA,NA,0,NA,NA,NA,NA,NA,NA
453756,Ohio Media School-Columbus,Columbus,OH,1,3,21,NA,NA,43,0.3488,0.6977,NA,NA,NA,24752,NA,NA,0.7133,NA,NA,NA,9500,9500,37423
453792,Ohio Medical Career College,Dayton,OH,2,3,12,NA,NA,129,0.938,0.9256,NA,NA,NA,20034,2125,NA,0.6766,NA,NA,NA,12403,12403,NA
454227,Chamberlain University-Illinois,Addison,IL,3,3,21,0.8264,NA,14027,0.8969,0.8481,21536,21536,40826,19363,7912,0.1087,0.5797,0.7273,0.4167,0.4545,20919,20919,92405
454236,Chamberlain University-Ohio,Columbus,OH,3,3,11,0.875,NA,257,0.9261,0.5744,19975,19975,42634,24663,8978,0.0968,0.6875,0.3333,0.2857,0.2927,20919,20919,92405
454245,Chamberlain University-Arizona,Phoenix,AZ,3,3,11,0.9091,NA,693,0.8442,0.6685,20785,20785,45594,25964,8978,0.0968,0.7799,0.6667,0.5,PS,20919,20919,92405
454537,The Salon Professional Academy-Appleton,Appleton,WI,1,3,22,NA,NA,81,1,0.0824,NA,NA,NA,8066,NA,NA,0.4688,NA,NA,NA,9991,9991,32317
454546,Milan Institute of Cosmetology-Vacaville,Vacaville,CA,1,3,22,NA,NA,260,0.9077,0.4316,NA,NA,NA,12639,NA,NA,0.6005,NA,NA,NA,6333,6333,22378
454555,Milan Institute of Cosmetology-Reno,Reno,NV,1,3,11,NA,NA,235,0.9191,0.4691,NA,NA,NA,10172,NA,NA,0.6396,NA,NA,NA,6333,6333,22378
454582,Ottawa University-Online,Overland Park,KS,3,2,12,NA,NA,259,0.6718,0.6229,13296,13296,NA,19718,10633,1,0.4129,1,0.4286,PS,21500,21500,55552
454607,Paul Mitchell the School-Esani,Roswell,GA,1,3,13,NA,NA,359,0.9638,0.3858,NA,NA,NA,12972,NA,NA,0.6053,NA,NA,NA,9833,9833,26287
454652,Paul Mitchell the School-Birmingham,Hoover,AL,1,3,21,NA,NA,129,1,0.1563,NA,NA,NA,10383,NA,NA,0.5506,NA,NA,NA,9833,9833,24367
454689,Taft University System,Denver,CO,4,3,11,NA,NA,0,0,1,NA,NA,NA,6689,NA,NA,0,NA,NA,NA,PS,PS,NA
454698,Mayfield College,Cathedral City,CA,1,3,21,NA,NA,292,0.589,0.2658,NA,NA,NA,21294,NA,NA,0.9322,NA,NA,NA,9025,9025,29384
454722,Academy of Esthetics and Cosmetology,San Fernando,CA,1,3,21,NA,NA,30,0.7,0.4643,NA,NA,NA,5513,NA,NA,0.6596,NA,NA,NA,PS,PS,35089
454759,Borner's Barber College,Los Angeles,CA,1,3,11,NA,NA,54,0.1852,0.6098,NA,NA,NA,6474,NA,NA,0,NA,NA,NA,PS,PS,NA
454768,Paul Mitchell the School-Pasadena,Pasadena,CA,1,3,12,NA,NA,170,0.8353,0.485,NA,NA,NA,17506,NA,NA,0.348,NA,NA,NA,6333,6333,25845
454777,San Francisco Institute of Esthetics & Cosmetology Inc,San Francisco,CA,1,3,11,NA,NA,167,0.8503,0.5594,NA,NA,NA,21009,NA,NA,0.3582,NA,NA,NA,6333,6333,32926
454786,Laurus College,San Luis Obispo,CA,2,3,13,NA,NA,1116,0.1801,0.9584,NA,NA,NA,20459,5364,0.7838,0.648,0.7931,0.4286,0.4093,32416,32416,30896
454795,Healing Hands School of Holistic Health,Escondido,CA,1,3,21,NA,NA,220,0.6909,0.8711,NA,NA,NA,14138,NA,NA,0.2766,NA,NA,NA,6333,6333,24366
454801,Career Development Institute Inc,Los Angeles,CA,1,3,11,NA,NA,172,0.8372,0.744,NA,NA,NA,18827,NA,NA,0.7049,NA,NA,NA,16873,16873,62209
454810,Auguste Escoffier School of Culinary Arts-Boulder,Boulder,CO,1,3,12,NA,NA,8504,0.7184,0.8087,NA,NA,NA,8783,4987,0.9259,0.6491,NA,NA,NA,9653,9653,32001
454829,Aspen University,Phoenix,AZ,3,3,11,NA,NA,1466,0.8424,0.9566,6870,6870,NA,8495,5671,NA,0.1009,NA,0.2727,PS,15756,15756,NA
454838,Institute of Taoist Education and Acupuncture,Louisville,CO,4,2,23,NA,NA,NA,NA,NA,NA,NA,NA,14460,NA,NA,NA,NA,NA,NA,PS,PS,NA
454856,Denver College of Nursing,Denver,CO,3,3,11,NA,NA,757,0.856,0.6965,NA,NA,NA,15270,6627,0.1361,0.6208,NA,NA,NA,26500,26500,81809
454865,Cambridge College of Healthcare & Technology,Delray Beach,FL,2,3,13,NA,NA,1315,0.8692,0.648,18168,18168,28227,10071,8714,NA,0.7261,NA,0.7647,0.6974,26250,26250,47792
454874,Cozmo Beauty School,Bonita Springs,FL,1,3,21,NA,NA,52,0.9808,0.2353,NA,NA,NA,10469,NA,NA,0.1739,NA,NA,NA,8082,8082,24319
454917,Celebrity School of Beauty,Miami,FL,1,3,21,NA,NA,855,0.8211,0.5679,NA,NA,NA,12864,NA,NA,0.5341,NA,NA,NA,6333,6333,15626
454926,Paul Mitchell the School-Atlanta,Atlanta,GA,1,3,11,NA,NA,249,0.9558,0.4186,NA,NA,NA,10213,NA,NA,0.5774,NA,NA,NA,12500,12500,21775
454935,Evans Hairstyling College-Rexburg,Rexburg,ID,1,3,32,NA,NA,76,1,0.0597,NA,NA,NA,8812,NA,NA,0.359,NA,NA,NA,PS,PS,16984
454944,Paul Mitchell the School-Rexburg,Rexburg,ID,1,3,32,NA,NA,224,0.9241,0.1382,NA,NA,NA,11339,NA,NA,0.5093,NA,NA,NA,9500,9500,26774
454953,University of Aesthetics & Cosmetology,Chicago,IL,1,3,11,NA,NA,53,0.9623,0.629,NA,NA,NA,16566,NA,NA,0.5814,NA,NA,NA,7917,7917,28955
454962,The University of Aesthetics & Cosmetology,Downers Grove,IL,1,3,13,NA,NA,39,0.9744,0.2833,NA,NA,NA,20651,NA,NA,0.5077,NA,NA,NA,7917,7917,NA
454971,Tricoci University of Beauty Culture-Chicago NW,Chicago,IL,1,3,11,NA,NA,216,0.8287,0.3883,NA,NA,NA,12154,NA,NA,0.6583,NA,NA,NA,7307,7307,28554
454980,Tricoci University of Beauty Culture-Glendale Heights,Glendale Heights,IL,1,3,21,NA,NA,132,0.9773,0.2568,NA,NA,NA,13873,NA,NA,0.6067,NA,NA,NA,7307,7307,27330
454999,Tricoci University of Beauty Culture-Peoria,Peoria,IL,1,3,12,NA,NA,125,0.984,0.4015,NA,NA,NA,13586,NA,NA,0.6553,NA,NA,NA,7307,7307,26236
455008,Tricoci University of Beauty Culture-Rockford,Rockford,IL,1,3,12,NA,NA,170,0.9353,0.4277,NA,NA,NA,12545,NA,NA,0.6611,NA,NA,NA,7307,7307,25109
455026,The Omega Studios' School of Applied Arts & Sciences,Rockville,MD,1,3,13,NA,NA,82,0.0976,0.5325,NA,NA,NA,24997,NA,NA,0.404,NA,NA,NA,5500,5500,46719
455062,French Academy of Cosmetology,Spring Lake,MI,1,3,22,NA,NA,51,0.9608,0.3333,NA,NA,NA,11164,NA,NA,0.4167,NA,NA,NA,4223,4223,22797
455080,Paul Mitchell the School-Springfield,Springfield,MO,1,3,12,NA,NA,297,0.8923,0.2395,NA,NA,NA,9518,NA,NA,0.5054,NA,NA,NA,7917,7917,25931
455099,Urshan Graduate School of Theology,Wentzville,MO,4,2,21,NA,NA,NA,NA,NA,NA,NA,NA,11706,5681,NA,NA,NA,NA,NA,PS,PS,NA
455105,Mississippi Institute of Aesthetics Nails & Cosmetology,Clinton,MS,1,3,21,NA,NA,77,1,0.1688,NA,NA,NA,10894,NA,NA,0.4308,NA,NA,NA,PS,PS,28148
455114,College of Western Idaho,Nampa,ID,2,1,41,NA,NA,6459,0.5795,0.2214,3446,7454,13121,3730,7101,0.4672,0.2571,NA,NA,NA,9720,9720,NA
455141,Aveda Institute-Chapel Hill,Chapel Hill,NC,1,3,13,NA,NA,198,0.9697,0.2924,NA,NA,NA,20103,NA,NA,0.4865,NA,NA,NA,6333,6333,26873
455178,Daoist Traditions College of Chinese Medical Arts,Asheville,NC,4,3,13,NA,NA,NA,NA,NA,NA,NA,NA,15030,NA,NA,NA,NA,NA,NA,PS,PS,NA
455187,Total Image Beauty Academy,Union City,NJ,1,3,21,NA,NA,204,0.902,0.5256,NA,NA,NA,9554,NA,NA,0.422,NA,NA,NA,8500,8500,18720
455196,Jersey College,Teterboro,NJ,2,3,21,0.6763,1058,4478,0.902,0.8242,NA,NA,NA,19399,7179,0.3418,0.7689,NA,NA,NA,21000,21000,66087
455202,American Institute of Medical Sciences & Education,Piscataway,NJ,1,3,21,NA,NA,450,0.8844,0.7103,NA,NA,NA,13286,4931,0.3913,0.3822,NA,NA,NA,11995,11995,40407
455211,Casal Institute of Nevada,Las Vegas,NV,1,3,12,NA,NA,271,0.9631,0.3981,NA,NA,NA,13274,NA,NA,0.7391,NA,NA,NA,6333,6333,25293
455220,Career School of NY,Staten Island,NY,1,2,11,NA,NA,112,0.5714,0.4364,NA,NA,NA,1399,NA,NA,0.5647,NA,NA,NA,PS,PS,35778
455257,Yeshiva of Machzikai Hadas,Brooklyn,NY,3,2,11,0.7006,NA,515,0,0.013,10800,10800,35348,10236,2967,0.6774,0,0.9767,0.7375,0.726,PS,PS,NA
455275,Aveda Institute-Columbus,Columbus,OH,1,3,11,NA,NA,290,0.9655,0.2975,NA,NA,NA,20925,NA,NA,0.5783,NA,NA,NA,6333,6333,30231
455284,Paul Mitchell the School-Cincinnati,Cincinnati,OH,1,3,21,NA,NA,246,0.9553,0.3029,NA,NA,NA,11320,NA,NA,0.5806,NA,NA,NA,12500,12500,28363
455327,Hands on Therapy,Mesquite,TX,1,3,21,NA,NA,28,0.8929,0.7805,NA,NA,NA,8892,NA,NA,0.3976,NA,NA,NA,7917,7917,28323
455336,MediaTech Institute-Dallas,Dallas,TX,2,3,21,NA,NA,199,0.1658,0.515,NA,NA,NA,14581,4917,0.1923,0.6398,NA,NA,NA,20000,20000,33293
455354,Aveda Arts & Sciences Institute-San Antonio,San Antonio,TX,1,3,11,NA,NA,250,0.968,0.2188,NA,NA,NA,13129,NA,NA,0.5208,NA,NA,NA,7916,7916,32162
455381,Skin Science Institute,Sandy,UT,1,3,21,NA,NA,127,1,0.0805,NA,NA,NA,13901,NA,NA,0.1477,NA,NA,NA,7667,7667,27153
455406,Pacific Northwest University of Health Sciences,Yakima,WA,4,2,22,NA,NA,NA,NA,NA,NA,NA,NA,59195,10877,0.5556,NA,NA,NA,NA,PS,PS,NA
455433,The Chicago School at Anaheim,Anaheim,CA,4,2,11,NA,NA,NA,NA,NA,NA,NA,NA,25448,8391,1,NA,NA,NA,NA,20000,20000,56899
455460,Fortis College-Dothan,Dothan,AL,1,3,13,NA,NA,177,0.7062,0.5065,NA,NA,NA,8525,NA,NA,0.6779,NA,NA,NA,9500,9500,32754
455479,Fortis Institute-Pensacola,Pensacola,FL,1,3,13,NA,NA,760,0.8868,0.6712,15069,15069,35294,11499,5162,0.2143,0.7134,NA,NA,NA,9500,9500,26652
455488,Fortis College-Montgomery,Montgomery,AL,1,3,12,NA,NA,359,0.5738,0.4721,NA,NA,NA,8971,NA,NA,0.7514,NA,NA,NA,9500,9500,26652
455512,Woodland Community College,Woodland,CA,2,1,23,NA,NA,3154,0.6316,0.3024,1124,7656,13975,435,13122,0.1752,0.0106,NA,NA,NA,PS,PS,40042
455628,Fortis Institute-Birmingham,Birmingham,AL,1,3,12,NA,NA,613,0.5122,0.4602,15335,15335,32927,9043,5361,0.2647,0.7047,NA,NA,NA,12346,12346,32886
455664,The Chicago School at Los Angeles,Los Angeles,CA,3,2,11,0.4634,NA,337,0.8576,0.6698,21780,21780,NA,32837,8016,1,0.7531,NA,0,PS,20000,20000,56899
455707,Cardiac and Vascular Institute of Ultrasound,Mobile,AL,1,3,12,NA,NA,56,0.9286,0.451,NA,NA,NA,8545,NA,NA,1,NA,NA,NA,19160,19160,52669
455725,Alturas Cosmetology of Arizona LLC,Chandler,AZ,1,3,11,NA,NA,570,0.9789,0.4401,NA,NA,NA,12316,NA,NA,0.8446,NA,NA,NA,6221,6221,27201
455734,California Nurses Educational Institute,Rancho Mirage,CA,1,3,21,NA,NA,200,0.825,0.6579,NA,NA,NA,19974,NA,NA,0.4677,NA,NA,NA,16941,16941,46895
455761,Paul Mitchell the School-Sacramento,Sacramento,CA,1,3,21,NA,NA,309,0.8447,0.4269,NA,NA,NA,15021,NA,NA,0.5636,NA,NA,NA,6333,6333,30336
455770,Providence Christian College,Pasadena,CA,3,2,12,1,NA,168,0.4643,0.0136,36963,36963,53447,10821,6313,0.8182,0.5306,0.7857,0.2,0.359,25000,25000,46264
455798,Oxford Academy of Hair Design Inc,Seymour,CT,1,3,21,NA,NA,143,0.993,0.3643,NA,NA,NA,18166,NA,NA,0.7613,NA,NA,NA,6333,6333,NA
455804,Institute of World Politics,Washington,DC,4,2,11,NA,NA,NA,NA,NA,NA,NA,NA,21273,11615,1,NA,NA,NA,NA,PS,PS,NA
455813,Pontifical John Paul II Institute for Studies on Marriage and Family,Washington,DC,4,2,11,NA,NA,NA,NA,NA,NA,NA,NA,10737,10480,NA,NA,NA,NA,NA,PS,PS,NA
455831,Medical Institute of Palm Beach,Greenacres,FL,1,3,21,NA,NA,356,0.9354,0.7088,NA,NA,NA,12675,NA,NA,0.3098,NA,NA,NA,6417,6417,25811
455859,Oliver Finley Academy of Cosmetology,Boise,ID,1,3,21,NA,NA,254,0.9724,0.2355,NA,NA,NA,13119,NA,NA,0.5102,NA,NA,NA,6333,6333,26323
455868,National Career College,Panorama City,CA,1,3,11,NA,NA,398,0.8367,0.5,NA,NA,NA,15502,6050,0.6471,0.5866,NA,NA,NA,8645,8645,19347
455877,The Aveda Institute of Beauty and Wellness Chicago,Chicago,IL,1,3,11,NA,NA,93,0.9355,0.4343,NA,NA,NA,16678,NA,NA,0.4486,NA,NA,NA,7917,7917,31369
455886,Tricoci University of Beauty Culture-Libertyville,Libertyville,IL,1,3,21,NA,NA,162,0.9753,0.3368,NA,NA,NA,13813,NA,NA,0.6369,NA,NA,NA,7307,7307,35650
455895,Tricoci University of Beauty Culture-Bridgeview,Bridgeview,IL,1,3,21,NA,NA,470,0.9085,0.411,NA,NA,NA,13296,NA,NA,0.6868,NA,NA,NA,7307,7307,25671
455901,The Temple-A Paul Mitchell Partner School,Frederick,MD,1,3,13,NA,NA,140,0.9571,0.1856,NA,NA,NA,14075,NA,NA,0.4455,NA,NA,NA,9833,9833,27891
455910,Center for Massage,Asheville,NC,1,3,13,NA,NA,51,0.7647,0.7193,NA,NA,NA,12475,NA,NA,0.4135,NA,NA,NA,6333,6333,19244
455929,The Academy of Hair Design LLC,Oklahoma City,OK,1,3,11,NA,NA,56,1,0.2105,NA,NA,NA,10769,NA,NA,0.5895,NA,NA,NA,16500,16500,23567
455965,COLLECTIV Academy-Cranston,Cranston,RI,1,3,21,NA,NA,102,0.9608,0.2212,NA,NA,NA,14307,NA,NA,0.5882,NA,NA,NA,11000,11000,NA
455974,South Texas Training Center,Pharr,TX,1,3,13,NA,NA,120,0.9417,0.337,13566,13566,14970,17000,NA,NA,0.7246,NA,NA,NA,3677,3677,29384
455983,Columbia College,Vienna,VA,1,3,21,NA,NA,151,0.7285,0.8452,NA,NA,NA,28391,2698,NA,0.1639,NA,NA,NA,7940,7940,22160
455992,Vermont College of Fine Arts,Montpelier,VT,4,2,32,NA,NA,NA,NA,NA,NA,NA,NA,23263,NA,NA,NA,NA,NA,NA,NA,NA,NA
456001,Advanced Welding Institute,South Burlington,VT,1,3,13,NA,NA,104,0.1346,0.0309,NA,NA,NA,18218,NA,NA,0.5185,NA,NA,NA,PS,PS,NA
456029,Paul Mitchell the School-Memphis,Memphis,TN,1,3,11,NA,NA,216,0.9861,0.4286,NA,NA,NA,9149,NA,NA,0.618,NA,NA,NA,9833,9833,25306
456038,Pima Medical Institute-East Valley,Mesa,AZ,1,3,11,NA,NA,306,0.8595,0.3914,NA,NA,NA,10362,5640,0.4286,0.3863,NA,NA,NA,9500,9500,38673
456065,Paul Mitchell the School-Cleveland,Twinsburg,OH,1,3,21,NA,NA,181,0.9834,0.331,NA,NA,NA,8939,NA,NA,0.7472,NA,NA,NA,9833,9833,31064
456074,Paul Mitchell the School-Columbus,Columbus,OH,1,3,11,NA,NA,200,0.96,0.1988,NA,NA,NA,8605,NA,NA,0.6778,NA,NA,NA,9833,9833,37609
456135,Empire Beauty School-Spring Lake Park,Spring Lake Park,MN,1,3,21,NA,NA,95,0.9684,0.4,NA,NA,NA,10049,NA,NA,0.5373,NA,NA,NA,13000,13000,23925
456205,Miller-Motte College-Raleigh,Raleigh,NC,1,3,11,NA,NA,409,0.4352,0.6262,NA,NA,NA,7975,4932,0.4545,0.8309,NA,NA,NA,15917,15917,31102
456214,Lamson Institute,San Antonio,TX,1,3,11,NA,NA,498,0.3273,0.5643,NA,NA,NA,13128,5126,0.3429,0.5584,NA,NA,NA,7853,7853,38015
456454,Fortis College-Salt Lake City,Salt Lake City,UT,2,3,21,NA,NA,383,0.6971,0.6119,13474,13474,33657,13567,6649,0.1875,0.7534,NA,NA,NA,13000,13000,34509
456481,Polytechnic University of Puerto Rico-Miami,Miami,FL,3,2,13,NA,NA,19,0.3158,0.8966,14367,14367,NA,12806,6000,NA,0.9655,NA,1,PS,22564,22564,47540
456490,Polytechnic University of Puerto Rico-Orlando,Orlando,FL,3,2,21,NA,NA,96,0.2813,0.598,14547,14547,23011,12694,6040,0.2,0.6373,0.375,0.3333,PS,22564,22564,47540
456506,Ross Medical Education Center-Fort Wayne,Fort Wayne,IN,1,3,11,NA,NA,156,0.9679,0.4677,NA,NA,NA,7756,4117,NA,0.6157,NA,NA,NA,9500,9500,30072
456515,Ross Medical Education Center-Battle Creek,Battle Creek,MI,1,3,13,NA,NA,50,0.94,0.6739,NA,NA,NA,7582,NA,NA,0.5238,NA,NA,NA,9500,9500,30060
456542,Geisinger Commonwealth School of Medicine,Scranton,PA,2,2,13,NA,NA,88,0.875,0.3333,15886,15886,25845,46240,7862,1,0.5397,NA,NA,NA,PS,PS,NA
456551,Josef's School of Hair Skin & Body-Fargo,Fargo,ND,1,3,12,NA,NA,72,0.9722,0.2676,NA,NA,NA,10904,NA,NA,0.5338,NA,NA,NA,7917,7917,27987
456579,Miller-Motte College-Berks Technical Institute-Allentown,Allentown,PA,1,3,21,NA,NA,285,0.3649,0.6318,NA,NA,NA,10198,4756,0.25,0.6341,NA,NA,NA,15917,15917,31102
456588,Salon Success Academy-Fontana,Fontana,CA,1,3,21,NA,NA,29,1,0.3235,NA,NA,NA,18682,NA,NA,0.6415,NA,NA,NA,7177,7177,22412
456597,Salon Success Academy-Redlands,Redlands,CA,1,3,13,NA,NA,220,1,0.4595,NA,NA,NA,11607,NA,NA,0.5425,NA,NA,NA,7177,7177,22412
456621,Strayer University-West Virginia,Scott Depot,WV,3,3,22,NA,NA,234,0.7393,0.9098,13920,13920,NA,15383,8381,0.1667,0.9337,NA,0,PS,40621,40621,40092
456825,Paul Mitchell the School-Baton Rouge,Baton Rouge,LA,1,3,12,NA,NA,249,0.9799,0.3705,NA,NA,NA,11409,NA,NA,0.6427,NA,NA,NA,9833,9833,25699
456852,San Joaquin Valley College-Hesperia,Hesperia,CA,1,3,21,NA,NA,528,0.5246,0.4645,NA,NA,NA,10754,5797,0.3929,0.7962,NA,NA,NA,10674,10674,38317
456922,South Texas Vocational Technical Institute-Brownsville,Brownsville,TX,1,3,12,NA,NA,423,0.5579,0.2159,NA,NA,NA,8588,NA,NA,0.7552,NA,NA,NA,15917,15917,31102
456931,Miller-Motte College-STVT-Corpus Christi,Corpus Christi,TX,1,3,11,NA,NA,533,0.4053,0.3622,NA,NA,NA,8915,NA,NA,0.8545,NA,NA,NA,15917,15917,31102
456959,University of Minnesota-Rochester,Rochester,MN,3,1,12,0.71,1183,568,0.794,0.0561,15016,15016,28904,13964,8587,1,0.4915,0.7037,0.574,0.5714,19500,19500,69020
456977,College of Business and Technology,Cutler Bay,FL,1,3,21,NA,NA,326,0,0.8511,14030,14030,24770,20657,NA,NA,0.8206,NA,NA,NA,8550,8550,29534
457031,Capri Beauty College,New Lenox,IL,1,3,21,NA,NA,75,1,0.131,NA,NA,NA,14129,NA,NA,0.4867,NA,NA,NA,9833,9833,26804
457077,Milan Institute-Bakersfield,Bakersfield,CA,1,3,11,NA,NA,582,0.9416,0.4222,NA,NA,NA,10449,NA,NA,0.6498,NA,NA,NA,6333,6333,24879
457086,Homestead Schools,Torrance,CA,1,2,12,NA,NA,157,0.7834,0.7784,NA,NA,NA,21145,9365,0.3448,0.6,NA,0.9333,0.9355,18040,18040,59398
457101,Carrington College-Las Vegas,Las Vegas,NV,2,3,12,NA,NA,396,0.5732,0.6657,NA,NA,NA,14241,7344,0.5714,0.7842,NA,NA,NA,9500,9500,36718
457110,Carrington College-Reno,Reno,NV,2,3,11,NA,NA,551,0.706,0.69,NA,NA,NA,21829,8238,0.3,0.6478,NA,NA,NA,15188,15188,43731
457129,Chamberlain University-Florida,Jacksonville,FL,3,3,11,0.9091,NA,821,0.8916,0.733,19975,19975,37182,25043,8080,0.1075,0.8093,0.625,0.3333,PS,20919,20919,92405
457192,Washington Barber College Inc,Little Rock,AR,1,3,12,NA,NA,43,0.1395,0.5294,NA,NA,NA,7386,NA,NA,1,NA,NA,NA,14000,14000,8579
457208,InterCoast Colleges-Rancho Cordova,Rancho Cordova,CA,1,3,13,NA,NA,71,0.0563,0.7692,NA,NA,NA,30118,NA,NA,0.7071,NA,NA,NA,10313,10313,36089
457226,Horizon University,Indianapolis,IN,2,2,21,NA,NA,63,0.3492,0.3793,9840,9840,29680,5589,NA,NA,0.0517,NA,NA,NA,PS,PS,65875
457253,Beyond 21st Century Beauty Academy,Santa Fe Springs,CA,1,3,21,NA,NA,120,0.9917,0.451,NA,NA,NA,11836,NA,NA,0.2295,NA,NA,NA,PS,PS,25139
457271,Academy for Jewish Religion California,Los Angeles,CA,4,2,11,NA,NA,NA,NA,NA,NA,NA,NA,25925,1306,NA,NA,NA,NA,NA,NA,NA,NA
457299,Angeles College,Los Angeles,CA,1,3,11,NA,NA,598,0.7977,0.8099,NA,NA,NA,15300,7910,0.4545,0.6452,0.8571,0.9254,0.9535,16522,16522,49108
457314,Angeles Institute,ARTESIA,CA,1,3,21,NA,NA,113,0.7611,0.6061,NA,NA,NA,13481,NA,NA,0.6926,NA,NA,NA,17238,17238,61195
457323,Paul Mitchell the School-Temecula,Temecula,CA,1,3,12,NA,NA,320,0.8875,0.3491,NA,NA,NA,16560,NA,NA,0.6198,NA,NA,NA,12858,12858,22452
457332,TIGI Hairdressing Academy Guilford,Guilford,CT,1,3,21,NA,NA,52,0.9615,0.1587,NA,NA,NA,8459,NA,NA,0.6437,NA,NA,NA,9833,PS,NA
457341,International Institute of Cosmetology,Wethersfield,CT,1,3,21,NA,NA,197,0.9746,0.25,NA,NA,NA,8778,NA,NA,0.4389,NA,NA,NA,9833,9833,NA
457350,Florida School of Traditional Midwifery,Gainesville,FL,1,2,12,NA,NA,54,0.9815,0.6301,NA,NA,NA,11947,NA,NA,0.3836,NA,NA,NA,38130,PS,38933
457378,Emerald Coast Technical College,DeFuniak Springs,FL,1,1,32,NA,NA,189,0.5661,0.3706,NA,NA,NA,3778,NA,NA,0,NA,NA,NA,PS,PS,36180
457387,Immokalee Technical College,Immokalee,FL,1,1,32,NA,NA,319,0.4953,0.1277,NA,NA,NA,3350,NA,NA,0,NA,NA,NA,PS,PS,37652
457396,American Academy of Cosmetology,Orange Park,FL,1,3,21,NA,NA,122,0.7213,0.4896,NA,NA,NA,24707,NA,NA,0.6275,NA,NA,NA,7638,7638,23985
457402,University of Fort Lauderdale,Lauderhill,FL,3,2,21,NA,NA,314,0.2229,0.35,9810,9810,24410,12120,5417,0.0952,0.5789,NA,1,PS,PS,PS,38062
457411,Aviation Institute of Maintenance-Orlando,Casselberry,FL,1,3,21,NA,NA,376,0.1011,0.4411,16757,16757,30401,17213,NA,NA,0.2761,NA,NA,NA,31301,31301,53341
457420,Summit Salon Academy,Tampa,FL,1,3,21,NA,NA,183,0.9235,0.2748,NA,NA,NA,13041,NA,NA,0.5285,NA,NA,NA,7389,7389,27037
457439,Summit Salon Academy-Gainesville,Gainesville,FL,1,3,22,NA,NA,83,0.988,0.3767,NA,NA,NA,6824,NA,NA,0.5502,NA,NA,NA,11000,11000,27856
457448,Tenaj Salon Institute,The Villages,FL,1,3,13,NA,NA,55,0.9818,0.4355,NA,NA,NA,12151,NA,NA,0.7075,NA,NA,NA,13000,13000,25196
457466,Profile Institute of Barber-Styling,Atlanta,GA,1,3,11,NA,NA,34,0.2059,0.7308,NA,NA,NA,9597,NA,NA,0.7778,NA,NA,NA,PS,PS,25629
457475,Keune Academy by 124,Lawrenceville,GA,1,3,21,NA,NA,117,1,0.1417,NA,NA,NA,9598,NA,NA,0.5305,NA,NA,NA,9833,9833,30962
457484,Pacific Rim Christian University,Honolulu,HI,3,2,11,NA,NA,129,0.5194,0.5175,13580,13580,24042,10715,NA,NA,0.4561,0.7778,0.4545,0.4884,PS,PS,40523
457493,Paul Mitchell the School-Twin Falls,TWIN FALLS,ID,1,3,13,NA,NA,19,0.9474,0.4677,NA,NA,NA,10324,NA,NA,0.5978,NA,NA,NA,PS,PS,27947
457527,Ambria College of Nursing,Hoffman Estates,IL,2,3,21,NA,NA,123,0.8943,0.8308,NA,NA,NA,20126,5845,0.2727,0.5493,NA,NA,NA,15438,15438,67290
457536,Midwestern Career College,Chicago,IL,2,3,11,NA,NA,887,0.8377,0.6189,NA,NA,NA,13651,5727,0.2809,0.5143,NA,NA,NA,7521,7521,36432
457563,Aveda Fredric's Institute-Indianapolis,Carmel,IN,1,3,12,NA,NA,265,0.966,0.1767,NA,NA,NA,17941,NA,NA,0.5362,NA,NA,NA,7389,7389,31963
457572,Summit Salon Academy,Anderson,IN,1,3,13,NA,NA,130,0.9692,0.2441,NA,NA,NA,7266,NA,NA,0.6,NA,NA,NA,9833,9833,25337
457581,Eric Fisher Academy,Wichita,KS,1,3,11,NA,NA,161,0.9876,0.191,NA,NA,NA,9629,NA,NA,0.4808,NA,NA,NA,9339,9339,32858
457606,My Le's Beauty College,Gretna,LA,1,3,21,NA,NA,110,0.9182,0.3452,NA,NA,NA,5552,NA,NA,0,NA,NA,NA,PS,PS,18946
457615,Blackstone Valley Vocational Regional School District,Upton,MA,1,1,21,NA,NA,42,0.7857,0.85,NA,NA,NA,11874,NA,NA,0.325,NA,NA,NA,9500,PS,NA
457633,L'esprit Academy,Canton,MI,1,3,21,NA,NA,266,0.9812,0.5128,NA,NA,NA,9714,NA,NA,0.5915,NA,NA,NA,6333,6333,22440
457642,Marketti Academy of Cosmetology,Waterford,MI,1,3,21,NA,NA,45,0.9778,0.4,NA,NA,NA,9296,NA,NA,0.1978,NA,NA,NA,PS,PS,14345
457679,Avalon School of Cosmetology,Worthington,MN,1,3,33,NA,NA,15,1,0.3333,NA,NA,NA,8514,NA,NA,0,NA,NA,NA,PS,PS,28336
457697,City Vision University,Kansas City,MO,1,2,11,NA,NA,257,0.4981,0.9362,6600,6600,15536,5238,NA,NA,0,NA,0,PS,PS,PS,21123
457749,Montana Academy of Salons,Great Falls,MT,1,3,13,NA,NA,126,0.9127,0.4558,NA,NA,NA,19396,NA,NA,0.3811,NA,NA,NA,9833,9833,28841
457767,National Career Institute,East Orange,NJ,1,3,21,NA,NA,249,0.2972,0.6824,NA,NA,NA,21737,NA,NA,0.4662,NA,NA,NA,6756,6756,26415
457776,Paul Mitchell the School-Albuquerque,Albuquerque,NM,1,3,11,NA,NA,119,0.6303,0.3805,NA,NA,NA,8612,NA,NA,0.5973,NA,NA,NA,10556,10556,33273
457785,International Academy of Style,Reno,NV,1,3,11,NA,NA,89,0.9775,0.4495,NA,NA,NA,9326,NA,NA,0.663,NA,NA,NA,6333,6333,32709
457794,EDP School,Brooklyn,NY,1,2,11,NA,NA,151,0.9205,0.8839,NA,NA,NA,12777,NA,NA,0,NA,NA,NA,PS,PS,41461
457800,New York Medical Career Training Center,Flushing,NY,1,3,11,1,NA,452,0.854,0.6782,NA,NA,NA,19827,NA,NA,0.5439,NA,NA,NA,14282,14282,40540
457819,Institute of Culinary Education,New York,NY,1,3,11,NA,NA,589,0.511,0.5024,NA,NA,NA,57649,NA,NA,0.3834,NA,NA,NA,6439,6439,47865
457837,The Salon Professional Academy-Tonawanda,Tonawanda,NY,1,3,21,NA,NA,142,0.9789,0.3453,NA,NA,NA,20189,NA,NA,0.496,NA,NA,NA,6333,6333,26460
457855,Paul Mitchell the School-NYC,Staten Island,NY,1,3,11,NA,NA,96,0.9792,0.3067,NA,NA,NA,13950,NA,NA,0.3058,NA,NA,NA,7614,7614,32002
457873,Four County Career Center,Archbold,OH,1,1,42,NA,NA,223,0.4843,0.6512,NA,NA,NA,8325,NA,NA,0,NA,NA,NA,PS,PS,77338
457916,Summit Salon Academy-Perrysburg,Perrysburg,OH,1,3,21,NA,NA,113,0.9912,0.25,NA,NA,NA,10780,NA,NA,0.398,NA,NA,NA,7917,7917,22606
457925,Portland Actors Conservatory,Portland,OR,1,2,11,0.75,NA,11,0.4545,0.6923,12115,12115,NA,7812,NA,NA,0.5385,NA,NA,NA,PS,PS,NA
457943,Somerset County Technology Center,Somerset,PA,1,1,41,NA,NA,59,0.7288,0.36,NA,NA,NA,5108,NA,NA,0.45,NA,NA,NA,PS,PS,37558
457952,Metro Beauty Academy,Allentown,PA,1,3,21,NA,NA,197,0.9797,0.1724,NA,NA,NA,13474,NA,NA,0.2329,NA,NA,NA,8028,8028,33859
457989,Academy for Careers and Technology,Mullins,SC,1,1,32,NA,NA,37,0.973,0.8444,NA,NA,NA,4544,NA,NA,0,NA,NA,NA,PS,PS,46553
458007,Love Beauty School Inc,Manchester,TN,1,3,32,NA,NA,75,0.92,0.3281,NA,NA,NA,12130,NA,NA,0.5804,NA,NA,NA,7917,7917,18056
458043,DuVall's School of Cosmetology,Bedford,TX,1,3,21,NA,NA,65,0.9538,0.4382,NA,NA,NA,12743,NA,NA,0.6531,NA,NA,NA,7917,7917,30572
458061,Texas Beauty College,Haltom city,TX,1,3,21,NA,NA,38,0.9211,0.8983,NA,NA,NA,5224,NA,NA,0,NA,NA,NA,PS,PS,26392
458070,Avenue Five Institute,Austin,TX,1,3,11,NA,NA,316,0.9684,0.4532,NA,NA,NA,15016,NA,NA,0.568,NA,NA,NA,7917,7917,30280
458098,The Salon Professional Academy-Lewisville,Lewisville,TX,1,3,21,NA,NA,132,0.9773,0.3465,NA,NA,NA,14337,NA,NA,0.4898,NA,NA,NA,7917,7917,29145
458104,Renaissance Academie,Provo,UT,1,3,12,NA,NA,188,0.984,0.2282,NA,NA,NA,10998,NA,NA,0.1925,NA,NA,NA,6167,6167,21547
458113,Ascent College,Gainesville,VA,1,2,21,NA,NA,82,0.561,0.6437,8550,8550,NA,4591,2500,NA,0.3626,NA,1,PS,PS,PS,NA
458122,Institute of Advanced Medical Esthetics,Ashland,VA,1,3,21,NA,NA,7,1,0.3243,NA,NA,NA,20713,NA,NA,0.4146,NA,NA,NA,PS,PS,31213
458131,Aveda Arts & Sciences Institute Seattle,Seattle,WA,1,3,11,NA,NA,154,0.9545,0.3949,NA,NA,NA,9550,NA,NA,0.2582,NA,NA,NA,7773,7773,32491
458140,Northwest School of Wooden Boat Building,Port Hadlock,WA,1,2,41,NA,NA,50,0.16,0.814,20025,20025,42317,12366,6964,1,0.3721,NA,NA,NA,PS,PS,NA
458168,The Salon Professional Academy-Onalaska,Onalaska,WI,1,3,13,NA,NA,67,0.9701,0.1974,NA,NA,NA,15663,NA,NA,0.4872,NA,NA,NA,8374,8374,30744
458210,West Coast University-Anaheim-Orange County,Anaheim,CA,3,3,11,NA,NA,3192,0.7726,0.6297,22506,22506,34887,30459,9170,0.2055,0.8384,1,0.6,0.6129,32946,32946,102672
458229,West Coast University-Ontario,Ontario,CA,3,3,12,NA,NA,2671,0.7551,0.663,36854,36854,53706,35688,9321,0.2552,0.8719,0.8889,0.3889,0.5,32946,32946,102672
458274,Paul Mitchell the School-Chicago,Chicago,IL,1,3,11,NA,NA,160,0.9563,0.331,NA,NA,NA,12219,NA,NA,0.5721,NA,NA,NA,13598,13598,27652
458405,Miller-Motte College-Fayetteville,Fayetteville,NC,1,3,12,NA,NA,336,0.4345,0.8166,NA,NA,NA,8112,4696,0.5,0.7184,NA,NA,NA,15917,15917,31102
458423,European Massage Therapy School-Las Vegas,Las Vegas,NV,1,3,11,NA,NA,84,0.7738,0.7831,NA,NA,NA,16756,NA,NA,0.4571,NA,NA,NA,5657,5657,24290
458441,Miller-Motte College-Columbus,Columbus,GA,1,3,12,NA,NA,190,0.8526,0.6852,NA,NA,NA,9942,4147,0.1667,0.9015,NA,NA,NA,15917,15917,31102
458681,Fortis College-Indianapolis,Indianapolis,IN,1,3,11,NA,NA,322,0.6708,0.6189,15072,15072,35300,10294,6129,0.4167,0.7378,NA,NA,NA,13000,13000,34726
458803,Empire Beauty School-E Memphis,Memphis,TN,1,3,11,NA,NA,156,0.9808,0.463,NA,NA,NA,9245,NA,NA,0.5172,NA,NA,NA,10667,10667,22377
458812,Empire Beauty School-Nashville,Brentwood,TN,1,3,21,NA,NA,111,0.955,0.368,NA,NA,NA,9749,NA,NA,0.4641,NA,NA,NA,10667,10667,23921
458821,Empire Beauty School-Jackson,Jackson,TN,1,3,13,NA,NA,73,0.9041,0.2727,NA,NA,NA,8617,NA,NA,0.5579,NA,NA,NA,10667,10667,24397
458830,Empire Beauty School-Springfield,Springfield,PA,1,3,21,NA,NA,188,0.9628,0.3966,NA,NA,NA,10237,NA,NA,0.5719,NA,NA,NA,13000,13000,25073
458858,Empire Beauty School-Speedway,Speedway,IN,1,3,21,NA,NA,166,0.9819,0.4306,NA,NA,NA,9758,NA,NA,0.5413,NA,NA,NA,13583,13583,24407
458867,Empire Beauty School-Morrow,Morrow,GA,1,3,21,NA,NA,242,0.9587,0.445,NA,NA,NA,9960,NA,NA,0.5402,NA,NA,NA,10667,10667,24397
458885,Strayer University-Arkansas,Little Rock,AR,3,3,12,NA,NA,695,0.7856,0.8531,13920,13920,NA,5940,8381,0.1667,0.9211,NA,NA,NA,40621,40621,40092
458919,Strayer University-Georgia,Chamblee,GA,3,3,21,NA,NA,4299,0.7572,0.8836,13920,13920,25158,12739,7450,0.1667,0.8807,0.75,0.2143,0.2258,40621,40621,40092
458955,Strayer University-Mississippi,Jackson,MS,3,3,12,NA,NA,882,0.8016,0.8575,13920,13920,NA,5128,8381,0.1667,0.91,NA,0,PS,40621,40621,40092
458964,Strayer University-South Carolina,Greenville,SC,3,3,13,NA,NA,1868,0.8249,0.8803,13920,13920,25158,10612,8381,0.1471,0.8869,1,0.1667,PS,40621,40621,40092
458973,Strayer University-Texas,Farmers Branch,TX,3,3,21,NA,NA,2293,0.7235,0.9095,13920,13920,NA,10106,8381,0.1463,0.8565,1,0.25,PS,40621,40621,40092
459019,Empire Beauty School-Charlotte,Charlotte,NC,1,3,11,NA,NA,90,0.9333,0.4074,NA,NA,NA,9956,NA,NA,0.6597,NA,NA,NA,10667,10667,24022
459046,Empire Beauty School-Winston-Salem,Winston-Salem,NC,1,3,11,NA,NA,80,0.925,0.375,NA,NA,NA,10146,NA,NA,0.6061,NA,NA,NA,10667,10667,24397
459055,Empire Beauty School-West Palm,West Palm Beach,FL,1,3,21,NA,NA,96,0.9896,0.3103,NA,NA,NA,10503,NA,NA,0.6102,NA,NA,NA,13000,13000,25073
459064,Empire Beauty School-Pineville,Charlotte,NC,1,3,21,NA,NA,75,0.8933,0.4568,NA,NA,NA,9985,NA,NA,0.5042,NA,NA,NA,13000,13000,23925
459116,Paul Mitchell the School-Phoenix,Phoenix,AZ,1,3,11,NA,NA,137,0.9197,0.3137,NA,NA,NA,12015,NA,NA,0.5481,NA,NA,NA,16779,16779,29340
459170,Paul Mitchell the School-Modesto,Modesto,CA,1,3,12,NA,NA,218,0.9541,0.3967,NA,NA,NA,16110,NA,NA,0.6398,NA,NA,NA,6211,6211,28691
459198,Paul Mitchell the School-Fresno,Fresno,CA,1,3,11,NA,NA,223,0.861,0.3779,NA,NA,NA,15444,NA,NA,0.6012,NA,NA,NA,11277,11277,29671
459204,Unitek College,Fremont,CA,1,3,12,NA,NA,4972,0.8379,0.6482,NA,NA,NA,18819,7906,0.4407,0.5722,0.8947,0.7313,0.7104,10700,10700,79550
459213,Gurnick Academy of Medical Arts,San Jose,CA,1,3,11,NA,NA,3421,0.7431,0.7465,NA,NA,NA,14384,9024,0.4156,0.4666,0.6,0.6388,0.6708,17317,17317,66844
459231,Paul Mitchell the School-East Bay,Pleasant Hill,CA,1,3,21,NA,NA,184,0.9402,0.3538,NA,NA,NA,15690,NA,NA,0.4971,NA,NA,NA,13083,13083,29418
459259,South University-Richmond,Glen Allen,VA,3,3,21,NA,NA,232,0.7759,0.6,18145,18145,36577,18532,7481,0.3103,0.4969,0.6667,0.4211,0.2917,26123,26123,34421
459268,South University-Virginia Beach,Virginia Beach,VA,3,3,11,NA,NA,240,0.8125,0.7817,18145,18145,36577,14180,6664,0.2195,0.4206,1,0.0833,0.1177,26123,26123,34421
459277,Aveda Institute-Denver,Denver,CO,1,3,11,NA,NA,280,0.9321,0.3291,NA,NA,NA,15115,NA,NA,0.4291,NA,NA,NA,9829,9829,38020
459286,Paul Mitchell the School-Colorado Springs,Colorado Springs,CO,1,3,11,NA,NA,204,0.8284,0.4497,NA,NA,NA,10561,NA,NA,0.5387,NA,NA,NA,7667,7667,27683
459295,The Salon Professional Academy-Colorado Springs,Colorado Springs,CO,1,3,11,NA,NA,121,0.9835,0.4471,NA,NA,NA,13179,NA,NA,0.9314,NA,NA,NA,6333,6333,28934
459301,Paul Mitchell the School-Delaware,Newark,DE,1,3,21,NA,NA,148,0.9797,0.2385,NA,NA,NA,10340,NA,NA,0.6537,NA,NA,NA,9833,9833,32242
459329,Fred K Marchman Technical College,New Port Richey,FL,1,1,21,NA,NA,306,0.4804,0.1836,NA,NA,NA,986,NA,NA,0,NA,NA,NA,PS,PS,30259
459347,The Salon Professional Academy-Ft Myers,Fort Myers,FL,1,3,13,NA,NA,112,0.9911,0.1972,NA,NA,NA,22153,NA,NA,0.244,NA,NA,NA,9500,9500,26408
459374,Universal Spa Training Academy,Downers Grove,IL,1,3,13,NA,NA,139,0.9784,0.3056,NA,NA,NA,16246,NA,NA,0.4502,NA,NA,NA,7283,7283,41928
459392,The Salon Professional Academy-Evansville,Evansville,IN,1,3,12,NA,NA,162,0.9691,0.2071,NA,NA,NA,13205,NA,NA,0.2079,NA,NA,NA,9833,9833,26881
459408,Tri County Regional Vocational Technical High School,Franklin,MA,1,1,21,NA,NA,72,0.9167,0.6875,NA,NA,NA,8962,NA,NA,0,NA,NA,NA,PS,PS,NA
459426,Nova Academy of Cosmetology,Rochester,MN,1,3,12,NA,NA,205,0.9805,0.2126,NA,NA,NA,14535,NA,NA,0.6017,NA,NA,NA,9424,9424,32156
459514,Maestro College,Dallas,TX,1,3,11,NA,NA,61,0.7377,0.5714,NA,NA,NA,27382,4333,NA,0.713,NA,NA,NA,9500,9500,33559
459523,ABC Beauty Academy,Richardson,TX,1,3,12,NA,NA,52,0.8462,0.6923,NA,NA,NA,3373,NA,NA,0,NA,NA,NA,PS,PS,16263
459532,Salon & Spa Institute,Brownsville,TX,1,3,12,NA,NA,71,0.9859,0.4176,NA,NA,NA,14024,NA,NA,0.3037,NA,NA,NA,8212,8212,21571
459550,Summit Salon Academy,Tacoma,WA,1,3,12,NA,NA,138,0.9783,0.3716,NA,NA,NA,10329,NA,NA,0.4977,NA,NA,NA,9785,9785,31648
459578,Paul Mitchell the School-Milwaukee,Wauwatosa,WI,1,3,21,NA,NA,140,0.6786,0.5856,NA,NA,NA,8666,NA,NA,0.488,NA,NA,NA,10486,10486,25122
459727,Touro University Worldwide,Los Alamitos,CA,3,2,21,NA,NA,454,0.7511,0.6452,14600,14600,29016,11435,6938,0.096,0.4745,0.6471,0.2857,0.3617,25000,25000,40803
459736,Touro University California,Vallejo,CA,4,2,12,NA,NA,23,0.913,NA,20005,20005,NA,44782,11074,0.3926,NA,NA,NA,NA,12500,12500,104805
459745,The Chicago School at Washington DC,Washington,DC,4,2,11,NA,NA,NA,NA,NA,NA,NA,NA,30698,6738,1,NA,NA,NA,NA,20000,20000,56899
459824,Touro University Nevada,Henderson,NV,3,2,11,NA,NA,22,0.9545,0.8947,NA,NA,NA,38968,10302,0.3446,0.2632,NA,NA,NA,12500,12500,104805
459842,Herzing University-Kenosha,Kenosha,WI,3,2,13,0.92,NA,522,0.8793,0.7716,13450,13450,28414,14446,7591,0.359,0.7993,0.5714,0.7222,0.6333,21500,21500,36909
459851,Herzing University-Brookfield,Brookfield,WI,1,2,21,0.9306,NA,380,0.9237,0.7784,13450,13450,27844,12424,8256,0.1892,0.8391,0.4,0.4167,0.4146,21500,21500,36909
459949,Texas A&M University-San Antonio,San Antonio,TX,3,1,11,0.928,955,6599,0.6318,0.3279,9654,23255,21655,7310,8625,1,0.3633,0.6567,0.4017,0.3451,18401,18401,54338
459958,Fortis Institute,Houston,TX,1,3,11,NA,NA,422,0.6919,0.4488,NA,NA,NA,9924,5848,0.3056,0.6755,NA,NA,NA,9500,9500,33193
459967,Southern Careers Institute-Brownsville,Brownsville,TX,1,3,12,NA,NA,631,0.5087,0.2998,NA,NA,NA,9394,4665,0.6,0.6925,NA,NA,NA,8708,8708,27035
459985,Southern Careers Institute-Harlingen,Harlingen,TX,1,3,13,NA,NA,543,0.4494,0.373,NA,NA,NA,13543,4665,0.5789,0.6117,NA,NA,NA,8708,8708,27035
459994,Strayer University-Global Region,Washington,DC,3,3,11,NA,NA,9376,0.674,0.8883,13920,13920,25158,14265,7200,0.1674,0.5737,0.6,0.1429,0.2308,40621,40621,40092
460011,Kenneth Shuler School of Cosmetology-Florence,Florence,SC,1,3,41,NA,NA,172,1,0.4,NA,NA,NA,11134,NA,NA,0.6101,NA,NA,NA,8661,8661,25542
460020,Fortis College-Columbia,Columbia,SC,1,3,12,NA,NA,582,0.7388,0.6218,14777,14777,27793,9821,6090,0.1818,0.7232,NA,NA,NA,12547,12547,36368
460093,Ross Medical Education Center-Davison,Davison,MI,1,3,21,NA,NA,53,1,0.5385,NA,NA,NA,9248,NA,NA,0.6714,NA,NA,NA,9500,9500,29898
460109,Ross Medical Education Center-Granger,Mishawaka,IN,1,3,13,NA,NA,172,0.9593,0.4609,NA,NA,NA,7770,NA,NA,0.6186,NA,NA,NA,9500,9500,30481
460118,Ross Medical Education Center-Niles,Niles,OH,1,3,21,NA,NA,99,0.9293,0.4493,NA,NA,NA,8295,NA,NA,0.6993,NA,NA,NA,9500,9500,30072
460127,Ross Medical Education Center-Canton,Canton,MI,1,3,21,NA,NA,92,0.9348,0.4222,NA,NA,NA,7898,NA,NA,0.5638,NA,NA,NA,9500,9500,30060
460136,Pima Medical Institute-Houston,Houston,TX,1,3,11,NA,NA,1068,0.839,0.3906,NA,NA,NA,10370,4978,0.5281,0.5827,NA,NA,NA,9500,9500,38673
460145,Illinois Media School-Chicago Campus,Chicago,IL,1,3,11,NA,NA,66,0.2727,0.875,NA,NA,NA,23067,NA,NA,0.6818,NA,NA,NA,9500,9500,38284
460172,Miller-Motte College-STVT-San Antonio,San Antonio,TX,1,3,11,NA,NA,762,0.1115,0.6047,NA,NA,NA,9508,NA,NA,0.7255,NA,NA,NA,15917,15917,31102
460181,Concorde Career College-Dallas,Dallas,TX,1,3,11,0.9045,NA,194,0.8711,0.3169,NA,NA,NA,23259,7287,0.5658,0.7568,NA,NA,NA,9500,9500,42456
460190,Concorde Career Institute-Orlando,Orlando,FL,1,3,11,0.9005,NA,95,0.9263,0.5034,NA,NA,NA,24153,6354,0.7317,0.6546,NA,NA,NA,9500,9500,34098
460206,Concorde Career College-San Antonio,San Antonio,TX,1,3,11,0.9518,NA,195,0.7692,0.3197,NA,NA,NA,22847,5685,0.4643,0.7273,NA,NA,NA,9500,9500,35242
460349,Johnson & Wales University-Online,Providence,RI,3,2,12,0.9097,NA,2202,0.6898,0.7015,13365,13365,26864,8729,10481,1,0.5126,0.5217,0,PS,26000,26000,43418
460394,Moreno Valley College,Moreno Valley,CA,2,1,21,NA,NA,9346,0.5479,0.3658,1428,12498,15934,769,14362,0.3113,0.0086,NA,NA,NA,PS,PS,52133
460464,Norco College,Norco,CA,2,1,21,NA,NA,8779,0.5244,0.2958,1428,12498,14075,749,14566,0.3353,0.004,NA,NA,NA,PS,PS,51206
460482,Dorsey College-Saginaw,Saginaw,MI,1,3,22,NA,NA,183,0.8033,0.7136,16990,16990,36916,23300,NA,NA,0.9045,NA,NA,NA,13000,13000,29392
460534,Milan Institute of Cosmetology-El Paso,El Paso,TX,1,3,11,NA,NA,448,0.9129,0.4693,NA,NA,NA,10850,NA,NA,0.5994,NA,NA,NA,6333,6333,22378
460543,Universal Technical Institute-Dallas Fort Worth,Irving,TX,2,3,11,NA,NA,1610,0.0615,0.1716,NA,NA,NA,17970,6170,NA,0.6149,NA,NA,NA,14267,14267,51222
460677,ICPR Junior College,Manati,PR,1,3,21,NA,NA,424,0.8585,0.5628,8664,8664,15900,8378,2020,1,0.0024,NA,NA,NA,PS,PS,18694
460701,Artistic Nails and Beauty Academy-Lakeland,Lakeland,FL,1,3,12,NA,NA,185,0.8108,0.6458,NA,NA,NA,10546,NA,NA,0.5745,NA,NA,NA,6333,6333,20948
460756,Hawaii Medical College,Honolulu,HI,1,3,11,NA,NA,194,0.8866,0.6728,25927,25927,36252,10209,3750,0.7778,0.7327,NA,NA,NA,13000,13000,38880
460765,Carolina College of Hair Design Inc,Asheville,NC,1,3,13,NA,NA,46,0.9783,0.2174,NA,NA,NA,11554,NA,NA,0.4328,NA,NA,NA,4889,PS,NA
460808,Integrated Massage Therapy Services,Blackfoot,ID,1,3,32,NA,NA,7,1,0.6875,NA,NA,NA,14060,NA,NA,0.6875,NA,NA,NA,PS,PS,24368
460817,Miller-Motte College-Jacksonville,Jacksonville,NC,1,3,13,NA,NA,195,0.5128,0.6738,NA,NA,NA,9843,4570,0.5882,0.506,NA,NA,NA,15917,15917,31102
460826,Miller-Motte College-Augusta,Augusta,GA,1,3,12,NA,NA,506,0.8399,0.7309,NA,NA,NA,11734,4335,0.2424,0.8119,NA,NA,NA,15917,15917,31102
460862,Aveda Institute-Portland,Portland,OR,1,3,11,NA,NA,238,0.9622,0.3333,NA,NA,NA,10134,NA,NA,0.517,NA,NA,NA,6826,6826,33003
460871,Chamberlain University-Virginia,Vienna,VA,3,3,21,0.9,NA,557,0.8797,0.7831,20785,20785,45594,26319,8978,0.0968,0.7637,1,1,PS,20919,20919,92405
460914,Penrose Academy,Scottsdale,AZ,1,3,11,NA,NA,403,0.9876,0.2872,NA,NA,NA,18229,NA,NA,0.3588,NA,NA,NA,6333,6333,35839
460932,Skin Institute,Saint Louis,MO,1,3,21,NA,NA,88,1,0.3614,NA,NA,NA,8801,NA,NA,0.3901,NA,NA,NA,PS,PS,23524
460969,Beauty Academy of South Florida,Hialeah Gardens,FL,1,3,21,NA,NA,544,0.9449,0.773,NA,NA,NA,9809,NA,NA,0.5833,NA,NA,NA,6458,6458,16826
460978,Ogle School Hair Skin Nails-North Dallas,Dallas,TX,1,3,11,NA,NA,312,0.984,0.5955,NA,NA,NA,17774,NA,NA,0.5198,NA,NA,NA,7917,7917,26885
460987,The Salon Professional Academy,Sherwood,AR,1,3,41,NA,NA,106,0.9906,0.1739,NA,NA,NA,11004,NA,NA,0.5494,NA,NA,NA,6333,6333,NA
460996,The Salon Professional Academy-St Charles,St. Charles,MO,1,3,21,NA,NA,132,1,0.1795,NA,NA,NA,15495,NA,NA,0.5,NA,NA,NA,8589,8589,34900
461014,Mildred Elley-New York Campus,New York,NY,1,3,11,NA,NA,961,0.9282,0.8405,17926,17926,33249,25877,5781,NA,0.8008,NA,NA,NA,19000,19000,38830
461023,Crestpoint University,Phoenix,AZ,3,3,11,NA,NA,385,0.8234,0.9253,7995,7995,19927,9661,NA,NA,0.5361,0.25,0.3303,0.324,24853,24853,42269
461032,Carolina College of Biblical Studies,Fayetteville,NC,3,2,12,NA,NA,159,0.4214,0.9262,6906,6906,24267,7456,NA,NA,0.3115,1,0,PS,25750,25750,24581
461087,Northeast Technology Center,Pryor,OK,1,1,32,NA,NA,1498,0.4967,0.0552,NA,NA,NA,1200,NA,NA,0,NA,NA,NA,PS,PS,34457
461111,Allstate Hairstyling & Barber College,Cleveland,OH,1,3,11,NA,NA,33,0.1818,0.561,NA,NA,NA,5901,NA,NA,0,NA,NA,NA,PS,PS,NA
461120,Omega Graduate School,Dayton,TN,4,2,41,NA,NA,NA,NA,NA,NA,NA,NA,5179,765,NA,NA,NA,NA,NA,NA,NA,NA
461139,Jung Tao School of Classical Chinese Medicine,Sugar Grove,NC,4,2,42,NA,NA,NA,NA,NA,NA,NA,NA,8590,NA,NA,NA,NA,NA,NA,PS,PS,NA
461148,New York Film Academy,Burbank,CA,3,3,12,NA,NA,849,0.4441,0.2394,36920,36920,62210,28067,5792,0.3194,0.2591,0.6591,0.677,0.6889,16000,16000,29633
461193,Bella Capelli Academy,Monroeville,PA,1,3,21,NA,NA,259,0.9846,0.1701,NA,NA,NA,13030,NA,NA,0.493,NA,NA,NA,8028,8028,25817
461218,Institute of Medical Careers,Pittsburgh,PA,1,3,21,NA,NA,845,0.9527,0.6536,NA,NA,NA,8197,4411,0.4222,0.9235,NA,NA,NA,12925,12925,NA
461245,Flagler Technical College,Palm Coast,FL,1,1,21,NA,NA,106,0.4623,0.4057,NA,NA,NA,2101,NA,NA,0,NA,NA,NA,PS,PS,NA
461254,Galaxy Medical College,North Hollywood,CA,1,3,11,NA,NA,111,0.6396,0.4923,NA,NA,NA,52920,2021,NA,0.6709,NA,NA,NA,9500,9500,NA
461263,American Medical Sciences Center,Glendale,CA,3,3,12,NA,NA,365,0.9781,0.36,NA,NA,NA,8521,3541,NA,0.8041,1,0.75,0.7273,PS,PS,29972
461272,Mandalyn Academy,American Fork,UT,1,3,21,NA,NA,55,1,0.2742,NA,NA,NA,14829,NA,NA,0.3304,NA,NA,NA,PS,PS,NA
461281,Jose Maria Vargas University,Pembroke Pines,FL,1,3,21,NA,NA,86,0.9186,1,13660,13660,NA,14795,3581,NA,0.7282,NA,NA,NA,PS,PS,NA
461306,D A Dorsey Technical College,Miami,FL,1,1,21,NA,NA,129,0.6279,0.252,NA,NA,NA,1720,NA,NA,0,NA,NA,NA,PS,PS,NA
461315,Keweenaw Bay Ojibwa Community College,LAnse,MI,2,1,43,NA,NA,139,0.7266,0.5135,5000,5000,14424,369,5660,0.3448,0,NA,NA,NA,PS,PS,22340
461324,Meridian Institute of Surgical Assisting,Nashville,TN,1,3,11,NA,NA,805,0.7876,0.9708,NA,NA,NA,8573,5235,1,0.4782,NA,NA,NA,6840,6840,62978
461333,Mauna Loa Helicopters,Kailua Kona,HI,1,3,33,NA,NA,12,0.3333,0.5833,NA,NA,NA,236267,NA,NA,0.1628,NA,NA,NA,PS,PS,NA
461342,Acaydia School of Aesthetics,Provo,UT,1,3,12,NA,NA,113,1,0.2069,NA,NA,NA,17141,NA,NA,0.4202,NA,NA,NA,7667,7667,NA
461379,Holistic Massage Training Institute,Baltimore,MD,1,3,11,NA,NA,36,0.75,0.7143,NA,NA,NA,21803,NA,NA,0.8824,NA,NA,NA,PS,PS,NA
461388,Diamonds College,Sherman,TX,1,3,13,NA,NA,51,0.8235,0.4167,NA,NA,NA,13956,NA,NA,0.6,NA,NA,NA,8000,8000,27126
461412,Northern Virginia School of Therapeutic Massage,Falls Church,VA,1,3,21,NA,NA,101,0.8119,0.8276,NA,NA,NA,19841,NA,NA,0.2975,NA,NA,NA,6333,6333,44892
461421,Paul Mitchell the School-St Louis,St. Louis,MO,1,3,11,NA,NA,214,0.972,0.3158,NA,NA,NA,9971,NA,NA,0.5164,NA,NA,NA,9833,9833,33132
461430,Advanced Training Institute,Las Vegas,NV,1,3,12,NA,NA,605,0.0645,0.4294,NA,NA,NA,17945,NA,NA,0.5387,NA,NA,NA,7600,7600,45893
461485,Shepherds Theological Seminary,Cary,NC,4,2,12,NA,NA,NA,NA,NA,NA,NA,NA,10540,7704,0.6875,NA,NA,NA,NA,PS,PS,NA
461494,Taylor Andrews Academy of Hair Design-West Jordan,West Jordan,UT,1,3,21,NA,NA,144,0.9236,0.2848,NA,NA,NA,8843,NA,NA,0.5381,NA,NA,NA,10556,10556,36048
461500,Santa Ana Beauty Academy,Santa Ana,CA,1,3,11,NA,NA,35,0.8286,0.5333,NA,NA,NA,14994,NA,NA,0,NA,NA,NA,PS,PS,28107
461528,Manna University,Fayetteville,NC,1,2,12,0.5269,NA,183,0.5301,0.7267,9105,9105,17783,5607,1054,0.4167,0.1802,1,0.8,0.7381,13450,PS,NA
461537,Evolve Beauty Academy,Washington,MO,1,3,32,NA,NA,16,0.9375,0.0952,NA,NA,NA,9888,NA,NA,0.4048,NA,NA,NA,PS,PS,NA
461555,Aveda Institute-New Mexico,Albuquerque,NM,1,3,11,NA,NA,161,0.9689,0.3185,NA,NA,NA,10832,NA,NA,0.4268,NA,NA,NA,7000,7000,NA
461573,American Trade School,Saint Ann,MO,1,3,21,NA,NA,154,0.0844,0.6071,NA,NA,NA,10320,7874,NA,0.7363,NA,NA,NA,PS,PS,47161
461582,Estelle Skin Care and Spa Institute,Skokie,IL,1,3,13,NA,NA,141,0.9929,0.6446,NA,NA,NA,13594,NA,NA,0.4505,NA,NA,NA,7136,7136,25148
461607,Elite Cosmetology School,PALM DESERT,CA,1,3,13,NA,NA,115,0.8348,0.4472,NA,NA,NA,13850,NA,NA,0.6635,NA,NA,NA,8164,8164,17966
461625,American Technical Institute,Bayamon,PR,1,3,12,NA,NA,11,0.0909,0.2963,NA,NA,NA,18236,NA,NA,0,NA,NA,NA,PS,PS,NA
461652,Aveda Institute-Boise,Boise,ID,1,3,12,NA,NA,97,0.9588,0.2796,NA,NA,NA,14179,NA,NA,0.5571,NA,NA,NA,5846,5846,24470
461689,Pima Medical Institute-Aurora,Aurora,CO,1,3,11,NA,NA,266,0.891,0.3897,NA,NA,NA,11079,4975,0.3023,0.549,NA,NA,NA,8521,8521,NA
461704,Capilo School of Hair Design,Augusta,ME,1,3,32,NA,NA,156,0.9423,0.2782,NA,NA,NA,9896,NA,NA,0.4,NA,NA,NA,7700,7700,NA
461713,Pure Aesthetics Natural Skincare School,Tucson,AZ,1,3,11,NA,NA,53,0.9811,0.3962,NA,NA,NA,18175,NA,NA,0.413,NA,NA,NA,PS,PS,NA
461722,Lindsey Institute of Cosmetology,Bowling Green,KY,1,3,13,NA,NA,56,0.9821,0.1231,NA,NA,NA,8768,NA,NA,0.2796,NA,NA,NA,PS,PS,14602
461740,Invictus Career College,Dallas,TX,1,3,11,NA,NA,38,0.2368,0.7143,NA,NA,NA,3786,NA,NA,0.8056,NA,NA,NA,PS,PS,27850
461759,Simmons College of Kentucky,Louisville,KY,2,2,11,1,NA,481,0.4283,0.5733,16398,16398,26596,12232,4126,1,0.1594,0.6389,0.1373,0.2376,PS,PS,NA
461768,Atelier Esthetique Institute of Esthetics,New York,NY,1,3,11,NA,NA,299,0.9632,0.6393,NA,NA,NA,14642,NA,NA,0.4965,NA,NA,NA,5846,5846,40826
461786,Advanced College of Cosmetology,Waupun,WI,1,3,32,NA,NA,24,1,0.2353,NA,NA,NA,9333,NA,NA,0.6,NA,NA,NA,PS,PS,NA
461795,North American University,Stafford,TX,3,2,21,NA,NA,609,0.2906,0.1815,15436,15436,27981,12863,4633,0.42,0.3298,0.4595,0.3158,0.2916,4925,4925,NA
461829,Cinta Aveda Institute,San Francisco,CA,1,3,11,NA,NA,117,0.735,0.4947,NA,NA,NA,27265,NA,NA,0.407,NA,NA,NA,6333,6333,34937
461838,Long Island Nail Skin & Hair Institute,Bethpage,NY,1,3,21,NA,NA,249,0.992,0.3221,NA,NA,NA,12945,NA,NA,0.2371,NA,NA,NA,5611,5611,23404
461847,Keser Torah-Mayan Hatalmud,Lakewood,NJ,3,2,21,1,NA,57,0,0.0678,12460,12460,18900,10476,7000,NA,0,1,0.4,PS,PS,PS,NA
461856,Southern California Health Institute,North Hollywood,CA,1,3,11,NA,NA,156,0.5962,0.7391,NA,NA,NA,3582,5417,NA,0.9077,NA,NA,NA,9500,9500,34558
461865,Best Care College,East Orange,NJ,1,3,21,NA,NA,44,0.9091,1,NA,NA,NA,18145,1354,NA,0.5669,NA,NA,NA,PS,PS,64311
461874,First Class Cosmetology School,Beloit,WI,1,3,13,NA,NA,92,0.9022,0.2596,NA,NA,NA,11089,NA,NA,0.6906,NA,NA,NA,10194,10194,26792
461883,Millennia Atlantic University,Doral,FL,3,3,13,NA,NA,184,0.1576,0.1827,13778,13778,30138,9576,NA,0.3404,0.2788,0.0444,1,PS,PS,PS,NA
461892,Abcott Institute,Southfield,MI,1,3,13,NA,NA,142,0.9225,0.7108,NA,NA,NA,20831,NA,NA,0.7156,NA,NA,NA,10411,10411,33151
461908,The Salon Professional Academy-Kenosha,Kenosha,WI,1,3,13,NA,NA,130,0.9923,0.3895,NA,NA,NA,11702,NA,NA,0.6565,NA,NA,NA,6333,6333,24941
461917,Paul Mitchell the School-Indianapolis,Indianapolis,IN,1,3,11,NA,NA,178,0.9775,0.1741,NA,NA,NA,9989,NA,NA,0.4375,NA,NA,NA,9500,9500,34913
461926,Taylor Andrews Academy-St George,St. George,UT,1,3,12,NA,NA,127,0.9921,0.1605,NA,NA,NA,9275,NA,NA,0.3305,NA,NA,NA,7505,7505,17368
461944,Protege Academy,East Lansing,MI,1,3,21,NA,NA,72,0.9861,0.1765,NA,NA,NA,11538,NA,NA,0.6379,NA,NA,NA,9833,9833,19499
461962,Northeast Technical Institute,Scarborough,ME,1,3,22,NA,NA,74,0.4595,0.7153,NA,NA,NA,19602,NA,NA,0.4919,NA,NA,NA,8708,8708,NA
461999,Elite School of Cosmetology,Norwalk,OH,1,3,31,NA,NA,200,0.94,0.4749,NA,NA,NA,7542,NA,NA,0.5331,NA,NA,NA,7412,7412,23547
462008,Paul Mitchell the School-Las Vegas,Las Vegas,NV,1,3,11,NA,NA,204,0.9216,0.3836,NA,NA,NA,10601,NA,NA,0.4969,NA,NA,NA,13667,13667,NA
462017,Summit Salon Academy-Kokomo,Kokomo,IN,1,3,13,NA,NA,98,0.8776,0.3398,NA,NA,NA,12134,NA,NA,0.5784,NA,NA,NA,8973,8973,23226
462035,Florida Academy,Fort Myers,FL,1,3,13,NA,NA,350,0.4686,0.4387,NA,NA,NA,14788,NA,NA,0.0696,NA,NA,NA,6333,6333,NA
462044,Institute for Doctoral Studies in the Visual Arts,Portland,ME,4,2,13,NA,NA,NA,NA,NA,NA,NA,NA,32537,7234,NA,NA,NA,NA,NA,NA,NA,NA
462053,State Career College,Gurnee,IL,1,3,21,NA,NA,185,0.9514,0.7357,NA,NA,NA,2749,NA,NA,0.5391,NA,NA,NA,9500,9500,NA
462062,Academy for Salon Professionals,Northridge,CA,1,3,11,NA,NA,134,0.9701,0.4929,NA,NA,NA,10316,NA,NA,0.5059,NA,NA,NA,6333,6333,NA
462071,Paul Mitchell the School-Spokane,Spokane Valley,WA,1,3,12,NA,NA,296,0.7804,0.4308,NA,NA,NA,6449,NA,NA,0.6,NA,NA,NA,10556,10556,27209
462336,International College of Beauty Arts & Sciences,Los Angeles,CA,1,3,11,NA,NA,62,0.9355,0.6949,NA,NA,NA,18666,NA,NA,0.6565,NA,NA,NA,PS,PS,NA
462354,John Paul the Great Catholic University,Escondido,CA,3,2,21,0.7963,1130,286,0.4406,0.0906,30265,30265,52367,12303,7563,0.3684,0.5268,0.8507,0.6386,0.6456,26968,26968,56930
463056,University of Connecticut-Hartford Campus,Hartford,CT,3,1,12,0.8833,1073,1525,0.4872,0.0489,18130,40798,26946,3416,17573,0.68,0.3822,0.8373,0.6505,0.6519,21500,21500,73997
464226,Ottawa University-Surprise,Surprise,AZ,3,2,21,0.7815,972,836,0.3433,0.0417,35880,35880,52170,16495,6690,1,0.7331,0.5,0.1818,0.212,21500,21500,55552
466921,Chamberlain University-Missouri,St. Louis,MO,3,3,21,1,NA,284,0.9296,0.6555,19975,19975,38999,24814,8978,0.0968,0.7866,0.5,1,PS,20919,20919,92405
466930,Chamberlain University-Texas,Houston,TX,3,3,11,0.8387,NA,2270,0.878,0.6349,20380,20380,38480,26209,8197,0.105,0.7773,0.6087,0.25,PS,20919,20919,92405
467094,Continental School of Beauty Culture-Mattydale,Mattydale,NY,1,3,21,NA,NA,152,0.9803,0.4276,NA,NA,NA,13646,NA,NA,0.6768,NA,NA,NA,6333,6333,23906
467863,Paul Mitchell the School-Columbia,West Columbia,SC,1,3,21,NA,NA,256,0.8555,0.3867,NA,NA,NA,10919,NA,NA,0.5232,NA,NA,NA,11740,11740,26696
467872,Paul Mitchell the School-Charleston,North Charleston,SC,1,3,12,NA,NA,264,0.9886,0.4098,NA,NA,NA,12290,NA,NA,0.5651,NA,NA,NA,11740,11740,26696
467906,Kenneth Shuler School of Cosmetology-Greenville,Greenville,SC,1,3,21,NA,NA,157,0.9745,0.3103,NA,NA,NA,12460,NA,NA,0.5978,NA,NA,NA,6333,6333,23193
468246,Northwest College-Eugene,Springfield,OR,1,3,13,NA,NA,139,0.9065,0.4034,NA,NA,NA,10143,NA,NA,0.4802,NA,NA,NA,7564,7564,24421
468255,Northwest College-Tualatin,Tualatin,OR,1,3,21,NA,NA,35,0.9714,0.3571,NA,NA,NA,7883,NA,NA,0.3662,NA,NA,NA,7564,7564,24421
468769,CET-Soledad,Soledad,CA,1,2,32,NA,NA,155,0.0387,0.2737,NA,NA,NA,17070,NA,NA,0.142,NA,NA,NA,7041,7041,32986
468848,UEI College-Oceanside,Oceanside,CA,1,3,21,NA,NA,814,0.3391,0.3526,NA,NA,NA,11059,NA,NA,0.6415,NA,NA,NA,9500,9500,31141
468893,Paul Mitchell the School-New Orleans,Metairie,LA,1,3,12,NA,NA,185,0.9676,0.323,NA,NA,NA,14370,NA,NA,0.5918,NA,NA,NA,9833,9833,25699
468909,UEI College-Garden Grove,Garden Grove,CA,1,3,21,NA,NA,1073,0.3355,0.29,NA,NA,NA,11122,NA,NA,0.7404,NA,NA,NA,9500,9500,31141
468963,New England Tractor Trailer Training School of Massachusetts,North Andover,MA,1,3,21,NA,NA,430,0.0581,0.7457,NA,NA,NA,18370,NA,NA,0.6402,NA,NA,NA,6333,6333,53085
469416,Dewey University-Manati,Manati,PR,2,2,21,NA,NA,221,0.8145,0.7843,7630,7630,12277,4554,2650,1,0.0863,0.5263,0.5897,0.6881,5185,5185,19761
469610,Allen School-Phoenix,Phoenix,AZ,1,3,11,NA,NA,8,0.875,0.1818,NA,NA,NA,9930,NA,NA,0.7576,NA,NA,NA,9500,9500,34186
469629,Oklahoma Technical College,Tulsa,OK,1,2,11,NA,NA,128,0.0938,0.5583,NA,NA,NA,14531,4764,1,0.7349,NA,NA,NA,8898,8898,28954
469911,Unitech Training Academy-Alexandria,Alexandria,LA,1,3,13,NA,NA,86,0.9186,0.4146,NA,NA,NA,15029,NA,NA,0.7367,NA,NA,NA,8721,8721,24707
470038,UEI College-Riverside,Riverside,CA,1,3,11,NA,NA,1616,0.4264,0.3214,NA,NA,NA,10245,NA,NA,0.7866,NA,NA,NA,9500,9500,30848
470047,WellSpring School of Allied Health-Lawrence,Lawrence,KS,2,3,13,NA,NA,37,0.6757,0.6944,NA,NA,NA,9590,4583,NA,0.8525,NA,NA,NA,7917,7917,29839
470296,Manuel and Theresa's School of Hair Design-Victoria,Victoria,TX,1,3,13,NA,NA,18,0.8889,0.2941,NA,NA,NA,6657,NA,NA,0.76,NA,NA,NA,7924,7924,NA
470393,Tricoci University of Beauty Culture-Chicago NE,Chicago,IL,1,3,11,NA,NA,160,0.9188,0.4,NA,NA,NA,12776,NA,NA,0.6667,NA,NA,NA,7307,7307,27330
474863,Los Angeles Pacific University,Glendora,CA,3,2,21,NA,NA,1483,0.8301,0.8472,12360,12360,29884,14430,8391,0.0894,0.7446,0.5714,0.2105,0.2881,18750,18750,NA
474915,Avalon Institute-Phoenix,Phoenix,AZ,1,3,11,NA,NA,219,0.9543,0.3325,NA,NA,NA,15058,NA,NA,0.9129,NA,NA,NA,6332,6332,30803
474924,Avalon Institute-Layton,Layton,UT,1,3,21,NA,NA,186,0.9892,0.2258,NA,NA,NA,11720,NA,NA,0.8163,NA,NA,NA,6332,6332,30803
475015,Aveda Institute-Des Moines,West Des Moines,IA,1,3,13,NA,NA,244,0.9918,0.1564,NA,NA,NA,9969,NA,NA,0.4801,NA,NA,NA,8461,8461,36132
475024,Fortis Institute-Lawrenceville,Lawrenceville,NJ,1,3,21,NA,NA,373,0.4316,0.4721,NA,NA,NA,9423,NA,NA,0.7532,NA,NA,NA,9500,9500,36920
475033,Relay Graduate School of Education,New York,NY,1,2,11,NA,NA,44,0.7727,0.8854,NA,NA,NA,24947,8543,0.5652,0.044,NA,NA,NA,PS,PS,NA
475060,Miller-Motte College-Macon,Macon,GA,1,3,12,NA,NA,230,0.9304,0.6845,NA,NA,NA,9114,4167,0.1429,0.8778,NA,NA,NA,15917,15917,31102
475121,South University-Savannah Online,Savannah,GA,3,3,12,NA,NA,6433,0.7351,0.8001,18145,18145,34298,7622,6181,0.1115,0.7327,0.3395,0.0689,0.0633,26123,26123,34421
475176,San Joaquin Valley College-Temecula,Temecula,CA,1,3,12,NA,NA,650,0.4308,0.4807,NA,NA,NA,10888,6339,0.4222,0.6352,NA,NA,NA,10674,10674,38317
475200,Whitworth University-Adult Degree Programs,Spokane,WA,3,2,21,0.2857,NA,145,0.7379,0.9,13560,13560,NA,16314,4214,1,0.6,NA,NA,NA,25000,25000,58561
475228,The Colleges of Law at Santa Barbara,Santa Barbara,CA,4,2,13,NA,NA,NA,NA,NA,NA,NA,NA,38735,NA,NA,NA,NA,NA,NA,PS,PS,NA
475273,Springfield College-Regional Online and Continuing Education,Springfield,MA,3,2,12,NA,NA,176,0.8011,0.9528,NA,NA,NA,16975,7503,1,0.7967,NA,NA,NA,26250,26250,48036
475282,Marian Health Careers Center-Van Nuys Campus,Van Nuys,CA,1,3,11,NA,NA,90,0.6778,0.7045,NA,NA,NA,11412,NA,NA,0.6066,NA,NA,NA,12337,12337,63612
475325,Milan Institute-Las Vegas,Las Vegas,NV,1,3,11,NA,NA,331,0.9577,0.5187,NA,NA,NA,11453,NA,NA,0.6506,NA,NA,NA,6333,6333,24879
475398,Catholic International University,Charles Town,WV,3,2,31,NA,NA,116,0.5948,0.798,10080,10080,21546,13208,4315,0.2,0.2323,NA,1,PS,PS,PS,NA
475404,New York School of Esthetics & Day Spa,white plains,NY,1,3,13,NA,NA,120,0.9917,0.5793,NA,NA,NA,11327,NA,NA,0.0952,NA,NA,NA,PS,PS,NA
475422,Finger Lakes Health College of Nursing & Health Sciences,Geneva,NY,2,2,32,1,NA,65,0.9846,0.6308,13620,13620,NA,16985,7667,NA,1,NA,NA,NA,12975,12975,40054
475431,ASI Career Institute,Turnersville,NJ,1,3,21,NA,NA,62,0.9194,0.6061,NA,NA,NA,5215,NA,NA,0.4072,NA,NA,NA,PS,PS,NA
475468,Christine Valmy International School of Esthetics & Cosmetology,Wayne,NJ,1,3,21,NA,NA,353,0.9773,0.5668,NA,NA,NA,13739,NA,NA,0.4539,NA,NA,NA,5457,5457,NA
475486,Paul Mitchell the School-Arlington,Arlington,TX,1,3,11,NA,NA,360,0.8472,0.4075,NA,NA,NA,12563,NA,NA,0.5663,NA,NA,NA,8505,8505,28693
475495,Rocky Mountain University of Health Professions,Provo,UT,4,3,12,NA,NA,NA,NA,NA,NA,NA,NA,22024,10763,0.3521,NA,NA,NA,NA,NA,NA,NA
475547,Paul Mitchell the School-Fort Myers,Fort Myers,FL,1,3,41,NA,NA,104,0.9038,0.2963,NA,NA,NA,15858,NA,NA,0.3684,NA,NA,NA,9667,9667,16715
475556,Paul Mitchell the School-Raleigh,Raleigh,NC,1,3,11,NA,NA,130,0.9615,0.4211,NA,NA,NA,10609,NA,NA,0.57,NA,NA,NA,10500,10500,NA
475565,CUNY Stella and Charles Guttman Community College,New York,NY,2,1,11,NA,NA,978,0.4141,0.0463,5194,8074,13179,883,11666,0.6154,0.0227,NA,NA,NA,6500,PS,NA
475574,Lil Lou's Beauty and Barber College,Gary,IN,1,3,21,NA,NA,40,0.575,0.7,NA,NA,NA,9511,NA,NA,0.8596,NA,NA,NA,14302,14302,NA
475608,Criswell College,Dallas,TX,3,2,11,1,NA,132,0.5379,0.3305,15750,15750,27748,5984,6560,0.2391,0.178,1,0.5,0.6,25346,PS,43185
475653,Reflections Academy of Beauty,Decatur,IL,1,3,13,NA,NA,40,0.675,0.5172,NA,NA,NA,3638,NA,NA,0.3475,NA,NA,NA,16500,PS,NA
475662,UCAS University of Cosmetology Arts & Sciences-La Joya,La Joya,TX,1,3,21,NA,NA,51,1,0.4615,NA,NA,NA,8753,NA,NA,0.7711,NA,NA,NA,6447,6447,19880
475705,Annenberg School of Nursing,Reseda,CA,1,2,11,1,NA,7,0.7143,0.5417,NA,NA,NA,14735,NA,NA,0.76,NA,NA,NA,PS,PS,NA
475714,American Medical Academy,Miami,FL,1,3,21,NA,NA,412,0.2112,0.3927,NA,NA,NA,9959,7708,1,0.1284,0.6136,0.5278,0.6335,10831,10831,NA
475723,Tooele Technical College,Tooele,UT,1,1,32,NA,NA,303,0.495,0.2344,NA,NA,NA,1671,NA,NA,0,NA,NA,NA,PS,PS,NA
475732,Chamberlain University-Georgia,Sandy Springs,GA,3,3,12,0.9143,NA,1940,0.9093,0.7607,20515,20515,38272,26319,8288,0.104,0.7909,0.4,0.5,PS,20919,20919,92405
475741,Chamberlain University-Indiana,Indianapolis,IN,3,3,11,1,NA,144,0.9236,0.7458,19975,19975,28094,24279,8978,0.0968,0.7853,1,0,PS,20919,20919,92405
475839,Sessions College,Tempe,AZ,1,3,12,NA,NA,188,0.6596,0.7143,7400,7400,20483,24230,NA,NA,0.5065,0.6667,0.4,0.4468,17813,17813,NA
476063,Tulsa Welding School-Jacksonville,Jacksonville,FL,1,3,11,NA,NA,579,0.0743,0.6447,NA,NA,NA,16442,NA,NA,0.6178,NA,NA,NA,9500,9500,41067
476179,Empire Beauty School-Virginia Beach,Virginia Beach,VA,1,3,11,NA,NA,163,0.9509,0.3787,NA,NA,NA,10188,NA,NA,0.5511,NA,NA,NA,13583,13583,24407
476230,Ross College-Morgantown,Morgantown,WV,1,3,13,NA,NA,30,1,0.5625,NA,NA,NA,8344,NA,NA,0.6757,NA,NA,NA,9500,9500,30481
476355,Miami Ad School-New York,Astoria,NY,1,3,11,NA,NA,31,0.6129,0.5,19400,19400,NA,22776,NA,NA,0.3125,NA,NA,NA,25967,25967,106192
476489,Larry's Barber College,Chicago,IL,1,3,11,NA,NA,68,0.2353,0.4321,NA,NA,NA,10581,NA,NA,1,NA,NA,NA,3945,3945,NA
476498,Futura Career Institute,Hialeah,FL,1,3,21,NA,NA,404,0.2624,0.8243,NA,NA,NA,7007,NA,NA,0,NA,NA,NA,PS,PS,NA
476540,Vogue College of Cosmetology-San Antonio Fredericksburg,San Antonio,TX,1,3,11,NA,NA,90,0.9667,0.4754,NA,NA,NA,11596,NA,NA,0.645,NA,NA,NA,6333,6333,NA
476559,Vogue College of Cosmetology,San Antonio,TX,1,3,11,NA,NA,92,0.9674,0.2721,NA,NA,NA,13264,NA,NA,0.6085,NA,NA,NA,6333,6333,NA
476568,Tomorrow's Image Barber And Beauty Academy of Virginia,Newport News,VA,1,3,12,NA,NA,15,0.1333,0.5,NA,NA,NA,9492,NA,NA,0.5833,NA,NA,NA,12179,12179,NA
476595,Medical Allied Career Center,Santa Fe Springs,CA,1,3,21,NA,NA,48,0.875,0.7031,NA,NA,NA,10380,NA,NA,0.914,NA,NA,NA,17130,17130,NA
476601,Bais HaMedrash and Mesivta of Baltimore,Baltimore,MD,3,2,21,1,NA,87,0,NA,13100,13100,24300,26349,5551,NA,0,0.8519,0.3182,0.2128,PS,PS,NA
476610,Barber & Beauty Institute of New York,Hempstead,NY,1,3,21,NA,NA,16,0.3125,0.6429,NA,NA,NA,9138,NA,NA,1,NA,NA,NA,4223,4223,NA
476629,Salon Institute-Toledo Campus,Toledo,OH,1,3,21,NA,NA,152,0.9605,0.2105,NA,NA,NA,9526,NA,NA,0.5288,NA,NA,NA,12000,12000,NA
476683,Athena Career Academy,Toledo,OH,1,3,11,0.7805,NA,516,0.9322,0.9013,NA,NA,NA,19045,6124,1,0.8956,NA,NA,NA,14120,14120,NA
476692,Yeshiva Gedolah Zichron Leyma,Union,NJ,2,2,21,0.5667,NA,47,0,NA,11350,11350,19850,9243,4061,NA,0,0.5625,0.6667,PS,PS,PS,NA
476708,The Barber School,Midvale,UT,1,3,21,NA,NA,169,0.2663,0.6345,NA,NA,NA,12093,NA,NA,0.6055,NA,NA,NA,8096,8096,NA
476717,Be'er Yaakov Talmudic Seminary,Spring Valley,NY,3,2,21,NA,NA,765,0,NA,12300,12300,19858,14173,1762,0.6094,0,0.9828,0.5878,0.5627,PS,PS,17360
476726,Rio Grande Valley College,Pharr,TX,1,3,13,NA,NA,808,0.8304,0.5062,NA,NA,NA,14815,4953,0.5747,0.7081,NA,NA,NA,12359,12359,NA
476735,Alexander Academy,Lunenburg,MA,1,3,22,NA,NA,39,0.4615,0.2,NA,NA,NA,11758,NA,NA,0.9057,NA,NA,NA,9500,PS,NA
476753,Aveda Institute-Tucson,Tucson,AZ,1,3,11,NA,NA,240,0.9792,0.2917,NA,NA,NA,14383,NA,NA,0.4103,NA,NA,NA,6333,6333,NA
476780,Diamond Beauty College,South El Monte,CA,1,3,21,NA,NA,67,0.8507,0.7534,NA,NA,NA,7998,NA,NA,0,NA,NA,NA,PS,PS,NA
476799,Unitek College,South San Francisco,CA,1,3,13,NA,NA,191,0.8325,0.549,NA,NA,NA,18641,NA,NA,0.4134,NA,NA,NA,10700,10700,87877
476805,University Academy of Hair Design,Tuscaloosa,AL,1,3,12,NA,NA,38,0.9737,0.3684,NA,NA,NA,8305,NA,NA,0.4655,NA,NA,NA,9833,9833,NA
476814,Florida Institute of Recording Sound and Technology,Orlando,FL,1,3,21,NA,NA,757,0.4993,0.3923,NA,NA,NA,16699,NA,NA,0.5256,NA,NA,NA,9500,9500,NA
476841,Paul Mitchell the School-Reno,Reno,NV,1,3,11,NA,NA,161,0.795,0.3585,NA,NA,NA,12922,NA,NA,0.4712,NA,NA,NA,10500,10500,NA
476850,Boise Barber College,Boise,ID,1,3,12,NA,NA,104,0.1827,0.2927,NA,NA,NA,8684,NA,NA,0.5328,NA,NA,NA,9500,9500,NA
476869,Austin Kade Academy,Idaho Falls,ID,1,3,13,NA,NA,82,0.9512,0.3276,NA,NA,NA,10350,NA,NA,0.4797,NA,NA,NA,6333,6333,NA
476878,Aesthetic Science Institute,Latham,NY,1,3,21,NA,NA,164,1,0.4076,NA,NA,NA,9641,NA,NA,0.5143,NA,NA,NA,6333,6333,NA
476887,Elaine Sterling Institute,Atlanta,GA,1,3,11,NA,NA,641,0.9298,0.5222,NA,NA,NA,7302,NA,NA,0.6968,NA,NA,NA,9500,9500,NA
476896,Wade Gordon Hairdressing Academy,Amarillo,TX,1,3,12,NA,NA,129,0.5969,0.4776,NA,NA,NA,11478,NA,NA,0.649,NA,NA,NA,9833,9833,NA
476902,Mitsu Sato Hair Academy,Overland Park,KS,1,3,12,NA,NA,85,0.9882,0.5052,NA,NA,NA,8850,NA,NA,0.7262,NA,NA,NA,9500,9500,NA
476939,FVI School of Nursing and Technology,Miami,FL,1,3,21,0.7358,NA,661,0.8896,0.7071,NA,NA,NA,23118,6578,0.3731,0.6741,NA,NA,NA,9396,9396,NA
476975,Colorado State University Global,Denver,CO,3,1,11,0.984,NA,6563,0.5196,0.8357,9000,9000,21201,9080,5853,0.0464,0.3442,0.74,NA,NA,25000,25000,76813
476984,Paul Mitchell the School-Overland Park,Overland Park,KS,1,3,12,NA,NA,179,0.9609,0.3439,NA,NA,NA,12211,NA,NA,0.5493,NA,NA,NA,9833,9833,NA
476993,Medspa Academies,South Jordan,UT,1,3,21,NA,NA,241,0.9793,0.3042,NA,NA,NA,10995,NA,NA,0.4762,NA,NA,NA,PS,PS,NA
477002,Brighton Institute of Cosmetology,Brighton,MI,1,3,22,NA,NA,43,0.9767,0.2273,NA,NA,NA,7716,NA,NA,0.1235,NA,NA,NA,PS,PS,NA
477233,Evangel University-James River Assembly of God Church,Ozark,MO,2,2,21,0.7405,720,89,0.5393,0.0204,18080,18080,31042,6513,9761,0.1667,0.9796,NA,NA,NA,24736,24736,46573
478582,Empire Beauty School-Savannah,Savannah,GA,1,3,12,NA,NA,127,0.9528,0.4818,NA,NA,NA,9882,NA,NA,0.4818,NA,NA,NA,10667,10667,24022
478591,Ogle School Hair Skin Nails-Denton,Denton,TX,1,3,12,NA,NA,228,0.9868,0.4175,NA,NA,NA,15710,NA,NA,0.5678,NA,NA,NA,7917,7917,31055
478616,Empire Beauty School-West Greensboro,Greensboro,NC,1,3,11,NA,NA,99,0.9798,0.5081,NA,NA,NA,10073,NA,NA,0.5841,NA,NA,NA,13583,13583,24407
478917,Hays Academy of Hair Design,Salina,KS,1,3,33,NA,NA,46,0.9565,0.3469,NA,NA,NA,14126,NA,NA,0.4483,NA,NA,NA,9833,9833,23712
478953,Bellus Academy,Manhattan,KS,1,3,13,NA,NA,209,0.9187,0.278,NA,NA,NA,13026,NA,NA,0.5493,NA,NA,NA,7917,7917,25223
479062,MotoRing Technical Training Institute,East Providence,RI,1,3,21,NA,NA,124,0.0242,0.4126,NA,NA,NA,16311,NA,NA,0.4678,NA,NA,NA,9500,9500,48281
479424,Unitek College,Hayward,CA,1,3,21,NA,NA,284,0.8979,0.5153,NA,NA,NA,18980,NA,NA,0.4752,NA,NA,NA,10700,10700,87877
479956,Pennsylvania State University-World Campus,University Park,PA,3,1,13,0.9115,1248,7877,0.5238,0.5937,15356,15356,27678,3249,NA,NA,0.4121,0.6585,0.3415,0.3385,25000,25000,63435
479965,MCI Institute of NJ,Ocean,NJ,1,3,21,NA,NA,150,0.8933,0.6111,NA,NA,NA,10278,NA,NA,0.4232,NA,NA,NA,10836,10836,NA
479974,Advance Beauty Techs Academy,Corona,CA,1,3,12,NA,NA,90,0.6889,0.4,NA,NA,NA,17966,NA,NA,0.6948,NA,NA,NA,5406,5406,NA
479992,Brand College,Glendale,CA,1,3,12,0.8,NA,15,0.1333,0.8333,NA,NA,NA,18254,NA,NA,0,NA,NA,NA,NA,NA,NA
480000,Hinton Barber and Beauty College,Vallejo,CA,1,3,12,NA,NA,50,0.32,0.4194,NA,NA,NA,8792,NA,NA,0.3933,NA,NA,NA,11445,11445,NA
480019,Advanced Career Institute,Visalia,CA,1,3,12,NA,NA,664,0.1054,0.5744,NA,NA,NA,14262,NA,NA,0.2299,NA,NA,NA,6331,6331,NA
480037,MyComputerCareer at Raleigh,Raleigh,NC,1,3,11,NA,NA,1466,0.1978,0.8213,NA,NA,NA,13365,5121,NA,0.8031,NA,NA,NA,9500,9500,NA
480073,South University-Austin,Round Rock,TX,3,3,12,NA,NA,211,0.782,0.7366,18145,18145,33349,14780,8124,0.3636,0.5556,0.3846,0,0.0893,26123,26123,34421
480091,Bryant & Stratton College-Online,Orchard Park,NY,2,2,21,NA,NA,8841,0.9134,0.7837,16299,16299,21430,15531,4907,0.1408,0.817,0.2222,0.233,0.2085,21549,21549,32568
480125,Ogle School Hair Skin Nails-San Antonio,San Antonio,TX,1,3,11,NA,NA,466,0.97,0.6393,NA,NA,NA,17173,NA,NA,0.5419,NA,NA,NA,7917,7917,31055
480198,Warner Pacific University Professional and Graduate Studies,Portland,OR,3,2,11,0.5935,NA,144,0.7083,0.9612,14640,14640,NA,17095,8684,1,0.5031,NA,NA,NA,25000,25000,55204
480204,Platt College-Riverside,Riverside,CA,2,3,11,NA,NA,413,0.8547,0.3389,14922,14922,28676,16597,6206,0.2879,0.8651,NA,0.575,0.5683,18685,18685,40669
480310,Empire Beauty School-Glen Burnie,Glen Burnie,MD,1,3,21,NA,NA,77,0.9481,0.4521,NA,NA,NA,11569,NA,NA,0.5,NA,NA,NA,13000,13000,25073
480471,UEI College-Stockton,Stockton,CA,1,3,11,NA,NA,868,0.4274,0.3232,NA,NA,NA,11192,NA,NA,0.7633,NA,NA,NA,9500,9500,31141
480523,Ross Medical Education Center-Dayton,Fairborn,OH,1,3,21,NA,NA,84,0.9167,0.5,NA,NA,NA,7436,NA,NA,0.5,NA,NA,NA,9500,9500,33079
480532,Ross Medical Education Center-Ontario,Ontario,OH,1,3,23,NA,NA,79,0.9747,0.6216,NA,NA,NA,7030,NA,NA,0.6279,NA,NA,NA,9500,9500,29898
480550,Ross Medical Education Center-Bowling Green,Bowling Green,KY,1,3,13,NA,NA,57,0.9298,0.3788,NA,NA,NA,8292,NA,NA,0.5189,NA,NA,NA,9500,9500,30060
480657,Rasmussen University-Kansas,Topeka,KS,2,3,12,NA,NA,359,0.8997,0.7898,17160,17160,31095,16744,7083,0.25,0.7925,NA,0.4545,0.4762,20899,20899,39080
480727,School of Missionary Aviation Technology,Ionia,MI,1,2,41,NA,NA,36,0.0278,0.3611,NA,NA,NA,11938,NA,NA,0.3913,NA,NA,NA,PS,PS,NA
480781,California Miramar University,San Diego,CA,3,3,11,0.1847,NA,135,0.2074,0.1429,12442,12442,19067,7640,NA,0.0714,0.4848,0.9231,0.5,0.4473,31000,PS,NA
480790,Rocky Vista University,Parker,CO,4,3,21,NA,NA,NA,NA,NA,NA,NA,NA,56446,10082,0.6444,NA,NA,NA,NA,NA,NA,NA
480824,The College of Health Care Professions-Dallas,Dallas,TX,1,3,11,NA,NA,720,0.8806,0.3776,NA,NA,NA,6114,5088,0.84,0.7236,NA,NA,NA,9120,9120,38922
480833,The College of Health Care Professions-Fort Worth,Fort Worth,TX,1,3,11,NA,NA,1076,0.9126,0.3561,NA,NA,NA,7262,5181,0.8913,0.672,NA,NA,NA,9500,9500,33070
480842,Shear Finesse Beauty Academy,Jacksonville,FL,1,3,11,NA,NA,49,0.4082,0.5161,NA,NA,NA,7953,NA,NA,0.4,NA,NA,NA,PS,PS,NA
480851,Miami Media School,Doral,FL,1,3,13,NA,NA,28,0.5,0.5946,NA,NA,NA,20885,4167,NA,0.7477,NA,NA,NA,9500,9500,28918
480879,Academy of Salon Professionals,Sedalia,MO,1,3,33,NA,NA,50,0.9,0.2826,NA,NA,NA,14532,NA,NA,0.5824,NA,NA,NA,9833,9833,NA
480888,CyberTex Institute of Technology,Austin,TX,1,3,11,NA,NA,152,0.5,0.6256,NA,NA,NA,30904,NA,NA,0.6508,NA,NA,NA,7811,7811,NA
480903,New England Tractor Trailer Training School of CT-Bridgeport,Bridgeport,CT,1,3,12,NA,NA,428,0.1145,0.7911,NA,NA,NA,8913,NA,NA,0.8532,NA,NA,NA,6333,6333,44444
480921,Designer Barber & Stylist School,Fort Smith,AR,1,3,13,NA,NA,95,0.1789,0.4615,NA,NA,NA,8929,NA,NA,0.3946,NA,NA,NA,PS,PS,NA
480967,College of the Muscogee Nation,Okmulgee,OK,2,1,41,NA,NA,222,0.5946,0.484,6600,6600,23881,458,4779,0.4839,0,NA,NA,NA,PS,PS,NA
480976,The Salon Professional Academy-Huntsville,Huntsville,AL,1,3,12,NA,NA,53,0.9434,0.1607,NA,NA,NA,10050,NA,NA,0.55,NA,NA,NA,PS,PS,NA
480985,Midwives College of Utah,Salt Lake City,UT,3,2,12,0.8571,NA,234,0.9957,0.917,8583,8583,45179,6140,4869,NA,0.6206,0.5,0.4,PS,21054,PS,NA
480994,Aspen Beauty Academy of Laurel,Laurel,MD,1,3,21,NA,NA,118,0.9831,0.5508,NA,NA,NA,7776,NA,NA,0.5517,NA,NA,NA,16500,16500,NA
481003,M T Training Center,Desoto,TX,1,3,21,NA,NA,293,0.1911,0.7816,NA,NA,NA,12301,NA,NA,0.5185,NA,NA,NA,6755,6755,NA
481021,Berks Career & Technology Center,Leesport,PA,1,1,21,NA,NA,47,0.3404,0.1489,NA,NA,NA,46083,NA,NA,0.3333,NA,NA,NA,PS,PS,NA
481030,Future Generations University,Franklin,WV,4,2,43,NA,NA,NA,NA,NA,NA,NA,NA,21751,6115,1,NA,NA,NA,NA,PS,PS,NA
481049,Carthage R9 School District-Carthage Technical Center,Carthage,MO,1,1,31,NA,NA,26,1,0.5294,NA,NA,NA,2696,NA,NA,0.7059,NA,NA,NA,PS,PS,NA
481058,Grace Mission University,Fullerton,CA,3,2,21,NA,NA,68,0.4412,0.9306,3370,3370,NA,6896,4417,NA,0,0.8,1,PS,PS,PS,NA
481067,World A Cuts Barber Institute,York,PA,1,3,13,NA,NA,20,0.15,0.7,NA,NA,NA,8463,NA,NA,1,NA,NA,NA,NA,NA,NA
481085,Verve College,Oak Brook,IL,1,3,21,NA,NA,176,0.9261,0.8638,NA,NA,NA,17206,NA,NA,0.961,NA,NA,NA,11600,11600,NA
481094,Sotheby's Institute of Art-NY,New York,NY,4,3,11,NA,NA,NA,NA,NA,NA,NA,NA,32592,7353,0.1154,NA,NA,NA,NA,PS,PS,NA
481100,Top Nails & Hair Beauty School,Taylorsville,UT,1,3,21,NA,NA,92,0.8152,0.6731,NA,NA,NA,10547,NA,NA,0,NA,NA,NA,PS,PS,NA
481128,Santa Ana Beauty College,Santa Ana,CA,1,3,11,NA,NA,99,0.7778,0.6622,NA,NA,NA,10687,NA,NA,0,NA,NA,NA,PS,PS,NA
481155,Helms College,Augusta,GA,1,2,12,NA,NA,183,0.5082,0.5867,17924,17924,30291,9316,4560,1,0.6067,NA,NA,NA,9500,9500,NA
481182,Ukiah Adult School,Ukiah,CA,1,1,33,0.1818,NA,34,0.9412,NA,NA,NA,NA,632,NA,NA,0,NA,NA,NA,PS,PS,NA
481191,Riverside County Office of Education-School of Career Education,Riverside,CA,1,1,41,NA,NA,105,0.8095,0.3981,NA,NA,NA,1965,NA,NA,0.3545,NA,NA,NA,PS,PS,NA
481207,Institute of Health Sciences,Hunt Valley,MD,1,3,21,NA,NA,87,0.7471,0.8068,16200,16200,27500,6388,NA,NA,0.5,NA,NA,NA,9500,9500,NA
481225,Mid-South Christian College,Memphis,TN,3,2,11,1,NA,19,0.5263,0.5833,10500,10500,19201,3920,4852,NA,0,0.25,0.6,PS,PS,PS,NA
481243,New York Institute of Beauty,Islandia,NY,1,3,21,NA,NA,211,0.9858,0.4315,NA,NA,NA,15304,NA,NA,0.4255,NA,NA,NA,5422,5422,NA
481252,Ultrasound Medical Institute,Wellington,FL,2,3,21,NA,NA,121,0.9174,0.7182,NA,NA,NA,19879,6667,NA,0.7065,NA,NA,NA,20000,20000,NA
481289,Xavier College School of Nursing,Stockton,CA,1,3,11,0.3562,NA,106,0.8302,0.6782,NA,NA,NA,22325,7651,NA,0.6709,NA,NA,NA,16652,16652,NA
481298,Lawrence & Company College of Cosmetology,Hanford,CA,1,3,13,NA,NA,34,1,0.4706,NA,NA,NA,13661,NA,NA,0.3833,NA,NA,NA,7400,PS,NA
481313,Kaizen Beauty Academy,Pembroke Pines,FL,1,3,21,NA,NA,95,0.9895,0.7326,NA,NA,NA,6748,NA,NA,0.1443,NA,NA,NA,6333,6333,NA
481331,Sharp Edgez Barber Institute,Rochester,NY,1,3,12,NA,NA,57,0.2456,0.6508,NA,NA,NA,7036,NA,NA,0.736,NA,NA,NA,5476,5476,NA
481340,The Salon Professional Academy-Nashville,Nashville,TN,1,3,11,NA,NA,33,1,0.0588,NA,NA,NA,18560,NA,NA,0.2857,NA,NA,NA,9833,9833,NA
481368,Prestige Health & Beauty Sciences Academy,Hallandale Beach,FL,1,3,21,NA,NA,119,0.9244,0.9268,NA,NA,NA,14814,NA,NA,0.1909,NA,NA,NA,PS,PS,NA
481386,California Career Institute,Anaheim,CA,1,3,11,NA,NA,628,0.879,0.8511,NA,NA,NA,16691,11440,0.1515,0.7678,NA,NA,NA,17363,17363,NA
481401,Grace School of Theology,The Woodlands,TX,3,2,12,NA,NA,229,0.393,0.8318,7720,7720,11881,2378,6159,0.1957,0.0498,1,1,PS,PS,PS,NA
481410,Yeshiva Gedolah Kesser Torah,Monsey,NY,3,2,21,0.5238,NA,84,0,NA,9600,9600,18900,9834,2722,NA,0,0.8421,0.3478,0.3637,PS,PS,NA
481429,Universal Training Institute,Perth Amboy,NJ,1,3,21,NA,NA,158,0.9114,0.9248,NA,NA,NA,18079,NA,NA,0.723,NA,NA,NA,12546,12546,NA
481438,Yeshiva Yesodei Hatorah,Lakewood,NJ,3,2,21,0.8519,NA,75,0,NA,12500,12500,24600,15826,3433,NA,0,0.75,0.3636,0.2041,PS,PS,NA
481447,Center for the Healing Arts,Voorhees,NJ,1,3,21,NA,NA,39,0.7436,0.7222,NA,NA,NA,17122,NA,NA,0.4355,NA,NA,NA,PS,PS,NA
481456,Bonnie Joseph Academy of Cosmetology & Barbering,Heber City,UT,1,3,32,1,NA,20,0.7,0.1333,NA,NA,NA,11180,NA,NA,0.1892,NA,NA,NA,PS,PS,NA
481465,Healthcare Training Institute,Kenner,LA,1,3,21,NA,NA,94,0.9468,0.8226,NA,NA,NA,9077,NA,NA,0.9036,NA,NA,NA,20000,20000,NA
481474,J D Academy of Salon and Spa,Danville,CA,1,3,21,NA,NA,91,1,0.3019,NA,NA,NA,19484,NA,NA,0.5088,NA,NA,NA,6211,6211,NA
481483,Boca Beauty Academy,Boca Raton,FL,1,3,21,NA,NA,228,0.9825,0.7346,NA,NA,NA,12700,NA,NA,0.5746,NA,NA,NA,6333,6333,NA
481517,SPBK Enterprises Inc,Webb City,MO,1,3,23,NA,NA,96,0.875,0.2549,NA,NA,NA,11359,NA,NA,0.5063,NA,NA,NA,7641,7641,NA
481526,The Chrysm Institute of Esthetics,Virginia Beach,VA,1,3,11,NA,NA,271,0.9926,0.5373,NA,NA,NA,15779,NA,NA,0.5225,NA,NA,NA,6333,6333,NA
481535,Sanford Burnham Prebys Medical Discovery Institute,La Jolla,CA,4,2,11,NA,NA,NA,NA,NA,NA,NA,NA,0,17775,0.9574,NA,NA,NA,NA,NA,NA,NA
481571,Belle Academy of Cosmetology LLC,Waterbury,CT,1,3,41,NA,NA,5,0.4,NA,NA,NA,NA,1954,NA,NA,0.8571,NA,NA,NA,PS,PS,NA
481678,Empire Beauty School-Augusta,Augusta,GA,1,3,12,NA,NA,73,0.9315,0.4091,NA,NA,NA,10205,NA,NA,0.5725,NA,NA,NA,10667,10667,23921
481720,South University-High Point,High Point,NC,3,3,12,NA,NA,67,0.8657,0.8857,18145,18145,NA,13616,NA,NA,0.6714,NA,NA,0.1111,26123,26123,34421
481739,Empire Beauty School-Vernon Hills,Vernon Hills,IL,1,3,21,NA,NA,50,1,0.2982,NA,NA,NA,9982,NA,NA,0.5114,NA,NA,NA,13583,13583,24407
481748,Empire Beauty School-Stone Park,Stone Park,IL,1,3,21,NA,NA,136,0.9779,0.4322,NA,NA,NA,10207,NA,NA,0.5616,NA,NA,NA,13583,13583,24407
481775,San Joaquin Valley College-Lancaster,Lancaster,CA,1,3,21,NA,NA,257,0.572,0.4184,NA,NA,NA,11610,6143,0.2,0.778,NA,NA,NA,10674,10674,38317
481845,Empire Beauty School-Rochester,Rochester,NY,1,3,21,NA,NA,67,0.9403,0.494,NA,NA,NA,10965,NA,NA,0.6056,NA,NA,NA,10667,10667,24022
481863,Ross Medical Education Center-Kokomo,Kokomo,IN,1,3,13,NA,NA,75,0.88,0.6471,NA,NA,NA,7281,NA,NA,0.566,NA,NA,NA,9500,9500,33079
481890,Ross Medical Education Center-Erlanger,Erlanger,KY,1,3,21,NA,NA,77,0.9221,0.5075,NA,NA,NA,8280,NA,NA,0.5185,NA,NA,NA,9500,9500,29898
481906,Ross Medical Education Center-Charleston,Charleston,WV,1,3,13,NA,NA,65,0.8769,0.5833,NA,NA,NA,8362,NA,NA,0.6857,NA,NA,NA,9500,9500,30072
481960,InterCoast Colleges-Fairfield,Fairfield,CA,1,3,22,NA,NA,183,0.0383,0.482,NA,NA,NA,15587,NA,NA,0.7154,NA,NA,NA,10313,10313,36089
482015,Southern Careers Institute-San Antonio,San Antonio,TX,1,3,11,NA,NA,1089,0.247,0.574,NA,NA,NA,12794,4665,0.6071,0.5122,NA,NA,NA,8708,8708,27035
482060,Milan Institute-Merced,Merced,CA,1,3,13,NA,NA,359,0.8663,0.3442,NA,NA,NA,9995,NA,NA,0.5498,NA,NA,NA,6333,6333,24879
482097,Midwest Technical Institute-Missouri,Springfield,MO,1,3,12,NA,NA,396,0.4217,0.5731,NA,NA,NA,7443,NA,NA,0.6881,NA,NA,NA,9500,9500,33601
482149,Augusta University,Augusta,GA,3,1,12,0.8641,1070,5613,0.6285,0.1202,8414,24734,23524,10735,9414,0.6429,0.345,0.7556,0.4881,0.4874,20500,20500,48472
482158,Middle Georgia State University,Macon,GA,3,1,12,0.9968,1083,6574,0.5286,0.2735,5038,16390,19617,4459,8304,0.745,0.3291,0.6529,0.2533,0.2545,19000,19000,40863
482167,Trenz Beauty Academy,Calumet City,IL,1,3,21,NA,NA,109,0.945,0.6164,NA,NA,NA,5198,NA,NA,0.0838,NA,NA,NA,13822,13822,NA
482176,Paul Mitchell the School-Denver,Lakewood,CO,1,3,21,NA,NA,213,0.9718,0.3463,NA,NA,NA,12954,NA,NA,0.4986,NA,NA,NA,9783,9783,NA
482185,Academy of Interactive Entertainment,Seattle,WA,1,2,11,0.416,NA,47,0.4255,0.2895,25800,25800,38046,40998,NA,NA,0.5395,NA,NA,NA,12000,12000,NA
482194,ARROJO Academy,New York,NY,1,3,11,NA,NA,104,0.9231,0.4673,NA,NA,NA,17749,NA,NA,0.5693,NA,NA,NA,PS,PS,NA
482200,Cosmetology Academy of Texarkana,Texarkana,TX,1,3,13,NA,NA,28,0.8571,0.4727,NA,NA,NA,11295,NA,NA,0.5366,NA,NA,NA,10637,10637,NA
482228,Veritas Baptist College,Lawrenceburg,IN,3,2,31,0.95,NA,111,0.3333,0.4571,10522,10522,24494,8514,3386,NA,0.0786,1,0.4286,0.359,PS,PS,NA
482246,Lynnes Welding Training,Fargo,ND,1,3,12,NA,NA,55,0.1273,0.1667,NA,NA,NA,38811,NA,NA,0.3649,NA,NA,NA,PS,PS,NA
482255,Aviation Institute of Maintenance-Las Vegas,Las Vegas,NV,1,3,12,NA,NA,429,0.1026,0.5873,16757,16757,30078,18325,NA,NA,0.25,NA,NA,NA,31500,31500,48191
482291,UEI College-Bakersfield,Bakersfield,CA,1,3,11,NA,NA,1415,0.412,0.3329,NA,NA,NA,10932,NA,NA,0.787,NA,NA,NA,9500,9500,27688
482413,DeVry College of New York,New York,NY,3,3,11,1,NA,86,0.4419,0.8857,17408,17408,25596,12791,11384,0.1905,0.5771,0,0.3077,0.3182,24807,24807,45987
482422,DeVry University-Arizona,Phoenix,AZ,3,3,11,NA,NA,6,0.3333,0.6364,17408,17408,NA,12900,10207,0.125,0.5909,NA,0.6667,0.3595,24807,24807,45987
482431,DeVry University-California,Ontario,CA,1,3,12,0.985,NA,2378,0.4718,0.8565,17408,17408,40687,11178,9738,0.1299,0.6543,0.52,0.2174,0.3182,24807,24807,45987
482459,DeVry University-Florida,Orlando,FL,3,3,11,NA,NA,109,0.5872,0.9309,17408,17408,40132,11006,9587,0.1,0.7872,1,0.3333,0.2308,24807,24807,45987
482468,DeVry University-Georgia,Decatur,GA,3,3,21,1,NA,516,0.6182,0.8665,17408,17408,38315,11784,9146,0.0862,0.8072,0.4,0.125,0.1528,24807,24807,45987
482477,DeVry University-Illinois,Lisle,IL,1,3,21,0.9838,868,27825,0.6778,0.8608,17408,17408,38660,13104,9148,0.089,0.8118,0.6488,0.3657,0.3669,24807,24807,45987
482547,DeVry University-Nevada,Henderson,NV,3,3,11,NA,NA,1,1,0.75,17408,17408,NA,13060,8338,NA,0.25,NA,0,PS,24807,24807,45987
482556,DeVry University-New Jersey,Iselin,NJ,3,3,21,1,NA,62,0.5161,0.7206,17408,17408,42312,12095,12428,0.1346,0.6618,1,0.7143,0.1429,24807,24807,45987
482574,DeVry University-Ohio,Columbus,OH,3,3,11,1,NA,210,0.6476,0.8486,17408,17408,34318,11800,9686,0.3571,0.8073,0.6,0.3889,0.4211,24807,24807,45987
482635,DeVry University-Texas,Irving,TX,3,3,11,NA,NA,8,0.125,0.8077,17408,17408,NA,14120,8566,0.3077,0.3846,NA,0.3333,PS,24807,24807,45987
482653,DeVry University-Virginia,Arlington,VA,3,3,12,NA,NA,13,0.3077,0.88,17408,17408,42312,14353,8875,NA,0.56,NA,0,PS,24807,24807,45987
482680,University of North Georgia,Dahlonega,GA,3,1,32,0.6794,1106,16146,0.5543,0.0909,5285,16503,18177,4509,8231,0.7248,0.1968,0.7347,0.3729,0.3709,17750,17750,50135
482699,South Georgia State College,Douglas,GA,2,1,33,NA,NA,1466,0.6501,0.1684,3314,10274,16177,1281,6680,0.6337,0.272,0.3889,0.162,0.1824,11500,11500,35697
482705,Northeastern University Professional Programs,Boston,MA,3,2,11,NA,NA,1802,0.6016,0.3778,NA,NA,NA,20990,9649,0.1331,0.2156,NA,NA,NA,24250,24250,92538
482936,Florida Polytechnic University,Lakeland,FL,3,1,41,0.5752,1268,1689,0.1978,0.0465,4940,21005,21817,2615,11180,0.9223,0.2498,0.7477,0.5492,0.5397,14250,14250,NA
482963,American Institute-Toms River,Toms River,NJ,1,3,21,NA,NA,484,0.7314,0.4881,NA,NA,NA,12285,NA,NA,0.9264,NA,NA,NA,11979,11979,28710
482981,Alamo City Barber College,San Antonio,TX,1,3,11,NA,NA,114,0.2018,0.4722,NA,NA,NA,10492,NA,NA,0.6732,NA,NA,NA,6937,6937,NA
482990,Arizona College-Mesa,Mesa,AZ,1,3,11,NA,NA,140,0.9071,0.6015,NA,NA,NA,11229,NA,NA,0.7416,NA,NA,NA,9500,9500,34657
483009,American College of Healthcare and Technology,Huntington Park,CA,1,3,21,NA,NA,125,0.808,0.2645,NA,NA,NA,6024,NA,NA,0.8852,NA,NA,NA,9500,9500,31109
483018,Antioch College,Yellow Springs,OH,3,2,41,0.8913,NA,121,0.6529,0.189,37143,37143,49856,8970,6439,0.9524,0.6984,0.7179,0.4118,0.3585,PS,PS,NA
483036,Texas A&M University-Central Texas,Killeen,TX,3,1,41,1,NA,1750,0.5914,0.6316,7363,17154,14187,7210,8983,0.4798,0.4609,NA,NA,NA,17750,17750,NA
483045,Central Georgia Technical College,Warner Robins,GA,1,1,13,NA,NA,6174,0.6459,0.271,3448,6016,14577,2554,5191,1,0.1357,NA,NA,NA,9608,9608,30848
483054,Barber School of Pittsburgh,Pittsburgh,PA,1,3,11,NA,NA,86,0.1977,0.4487,NA,NA,NA,11830,NA,NA,0.7355,NA,NA,NA,13583,13583,NA
483106,Innovate Salon Academy,South Plainfield,NJ,1,3,21,NA,NA,288,0.8229,0.3482,NA,NA,NA,16744,NA,NA,0.5117,NA,NA,NA,6333,6333,NA
483124,Arizona State University Digital Immersion,Scottsdale,AZ,3,1,12,0.6669,NA,53782,0.6246,0.5868,NA,NA,NA,6325,11088,0.6253,0.3584,1,0,0.2851,19500,19500,62668
483212,Louisiana Delta Community College,Monroe,LA,1,1,13,NA,NA,3057,0.6536,0.3907,4159,4159,14215,1869,5711,0.5802,0.3898,NA,NA,NA,12500,12500,30438
483230,The Fab School,Rancho Cucamonga,CA,1,3,21,NA,NA,161,0.0373,0.4329,NA,NA,NA,42491,NA,NA,0.2724,NA,NA,NA,PS,PS,NA
483258,Networks Barber College,Calumet City,IL,1,3,21,NA,NA,54,0.1296,0.6,NA,NA,NA,9749,NA,NA,0.6494,NA,NA,NA,16500,16500,NA
483276,JB's Hair Design and Barber College,Oklahoma City,OK,1,3,11,NA,NA,59,0.2373,0.5397,NA,NA,NA,18558,NA,NA,0.9882,NA,NA,NA,PS,PS,NA
483337,Paul Mitchell the School-Greenville,Greenville,SC,1,3,22,NA,NA,196,0.9745,0.2925,NA,NA,NA,11335,NA,NA,0.6192,NA,NA,NA,11740,11740,26696
483346,Barber and Beauty Academy of Pennsylvania,Harrisburg,PA,1,3,21,NA,NA,47,0.7872,0.5455,NA,NA,NA,13424,NA,NA,0.438,NA,NA,NA,PS,PS,NA
483355,Delta College of Arts & Technology-Lafayette Campus,Lafayette,LA,1,3,12,NA,NA,189,0.9577,0.6339,NA,NA,NA,10689,NA,NA,0.5985,NA,NA,NA,7393,7393,34222
483364,Delta College-Slidell Campus,Slidell,LA,1,3,13,NA,NA,162,0.9753,0.5333,NA,NA,NA,10747,NA,NA,0.6789,NA,NA,NA,6397,6397,32044
483373,Integrity College of Health,Pasadena,CA,1,3,12,NA,NA,225,0.9422,0.4494,NA,NA,NA,15914,7267,0.4348,0.7148,NA,0,0.6429,13194,13194,NA
483382,Electrical and HVAC/R Training Center,Copiague,NY,1,3,21,NA,NA,226,0,0.2458,NA,NA,NA,18772,NA,NA,0.5167,NA,NA,NA,6333,6333,NA
483425,Alexander Paul Institute of Hair Design,Greenville,NC,1,3,13,NA,NA,55,0.9818,0.1892,NA,NA,NA,10688,NA,NA,0.5694,NA,NA,NA,8750,8750,NA
483470,More Tech Institute,Hialeah,FL,1,3,21,NA,NA,102,0.9216,0.3611,NA,NA,NA,6264,NA,NA,0.7959,NA,NA,NA,PS,PS,NA
483504,Dorsey College-Dearborn,Detroit,MI,1,3,11,NA,NA,430,0.5791,0.4867,15154,15154,30532,22895,5088,0.1667,0.8933,NA,NA,NA,13000,13000,29392
483513,Neecee's Barber College,Abilene,TX,1,3,12,NA,NA,32,0.1875,0.6061,NA,NA,NA,9383,NA,NA,0.7167,NA,NA,NA,10667,10667,NA
483559,Bella Cosmetology and Barber College,Greenville,TX,1,3,32,NA,NA,57,0.9474,0.4366,NA,NA,NA,10077,NA,NA,0.5833,NA,NA,NA,10667,10667,NA
483577,Franklin Hair Academy School of Cosmetology,Franklin,TN,1,3,13,NA,NA,116,0.9397,0.28,NA,NA,NA,7745,NA,NA,0.0796,NA,NA,NA,PS,PS,NA
483595,Ana G. Mendez University,Orlando,FL,3,2,11,NA,NA,4763,0.7621,0.7133,13575,13575,27187,10591,5838,0.0539,0.6737,0.7022,NA,NA,12188,12188,NA
483647,Ohio Institute of Allied Health,Huber Heights,OH,1,2,21,NA,NA,121,0.9339,0.7949,27408,27408,49166,24053,6052,NA,1,NA,NA,NA,9500,9500,NA
483708,Access Careers,Hempstead,NY,1,3,21,NA,NA,511,0.8258,0.5931,NA,NA,NA,8528,NA,NA,0.0251,NA,NA,NA,5500,5500,NA
483726,Luckes Beauty Academy LLC,Newport  News,VA,1,3,12,NA,NA,17,1,0.7143,NA,NA,NA,8379,NA,NA,0.7241,NA,NA,NA,PS,PS,NA
483735,Total Transformation Institute of Cosmetology,San Marcos,TX,1,3,13,NA,NA,112,0.9107,0.3085,NA,NA,NA,7100,NA,NA,0.6938,NA,NA,NA,7917,7917,NA
483744,Vibe Barber College,Memphis,TN,1,3,11,NA,NA,71,0.169,0.5397,NA,NA,NA,6186,NA,NA,0.4096,NA,NA,NA,9500,9500,NA
483753,Champ's Barber School,Lancaster,PA,1,3,13,NA,NA,62,0.1774,0.5556,NA,NA,NA,17097,NA,NA,0.6049,NA,NA,NA,PS,PS,NA
483780,Washington University of Science and Technology,Alexandria,VA,3,3,12,0.0726,NA,400,0.345,0.2616,13785,13785,NA,10222,6000,0.0303,0,0.75,0.6667,0.5966,PS,PS,NA
483799,East-West Healing Arts Institute,Madison,WI,1,3,11,NA,NA,72,0.7361,0.8182,NA,NA,NA,16207,NA,NA,0.5513,NA,NA,NA,PS,PS,NA
483814,Standard Healthcare Services-College of Nursing,Falls Church,VA,1,3,21,0.2794,NA,730,0.8849,0.9388,NA,NA,NA,13427,11333,0.325,0.5842,NA,NA,NA,14750,14750,NA
483823,Philadelphia Technician Training,Philadelphia,PA,1,2,11,NA,NA,512,0.3027,0.628,NA,NA,NA,4566,NA,NA,0.8023,NA,NA,NA,9500,9500,NA
483850,Alliance Computing Solutions,Flushing,NY,1,3,11,NA,NA,7,1,1,NA,NA,NA,16529,NA,NA,0,NA,NA,NA,PS,PS,NA
483869,InterAmerican Technical Institute,Miami,FL,1,3,21,NA,NA,500,0.566,0.83,NA,NA,NA,11951,NA,NA,0.8997,NA,NA,NA,PS,PS,NA
483878,Bay Area Medical Academy,San Francisco,CA,1,3,11,NA,NA,209,0.799,0.5409,NA,NA,NA,10453,NA,NA,0.2362,NA,NA,NA,9089,9089,NA
483887,Mind Body Institute,Madison,TN,1,3,11,NA,NA,29,0.8966,0.7222,NA,NA,NA,13041,NA,NA,0.4304,NA,NA,NA,PS,PS,NA
483896,Parisian Spa Institute,Jacksonville,FL,1,3,11,NA,NA,61,1,0.6414,NA,NA,NA,6712,NA,NA,0.376,NA,NA,NA,3167,3167,NA
483911,Creative Touch Cosmetology School,Waterloo,IL,1,3,31,NA,NA,16,1,0.0952,NA,NA,NA,12920,NA,NA,0.5769,NA,NA,NA,PS,PS,NA
483920,LaBarberia Institute of Hair,Mayfield Hts,OH,1,3,21,NA,NA,169,0.4142,0.4836,NA,NA,NA,9076,NA,NA,0.7254,NA,NA,NA,20000,20000,NA
483948,Bos-Man's Barber College,Shreveport,LA,1,3,12,1,NA,56,0.25,0.1852,NA,NA,NA,15856,NA,NA,0.9706,NA,NA,NA,PS,PS,NA
483957,Lawrence & Company College of Cosmetology,Selma,CA,1,3,31,NA,NA,21,0.9524,0.1579,NA,NA,NA,14212,NA,NA,0.4182,NA,NA,NA,PS,PS,NA
483975,Alabama College of Osteopathic Medicine,Dothan,AL,4,2,13,NA,NA,NA,NA,NA,NA,NA,NA,51792,NA,NA,NA,NA,NA,NA,NA,NA,NA
484002,High Desert Medical College,Lancaster,CA,1,3,21,NA,NA,2245,0.9069,0.4531,NA,NA,NA,16673,7539,0.4138,0.5911,NA,NA,NA,13555,13555,NA
484011,Paul Mitchell the School-Schenectady,Schenectady,NY,1,3,13,NA,NA,87,0.8506,0.2581,NA,NA,NA,16807,NA,NA,0.5842,NA,NA,NA,6650,6650,NA
484020,Beyond Measure Barbering Institute,Mebane,NC,1,3,22,NA,NA,38,0.3158,0.4694,NA,NA,NA,23976,NA,NA,0.5714,NA,NA,NA,12533,PS,NA
484057,Jupiter Beauty Academy,Boston,MA,1,3,11,NA,NA,201,0.9602,0.6473,NA,NA,NA,10713,NA,NA,0.0895,NA,NA,NA,PS,PS,NA
484066,MedQuest College,Louisville,KY,1,3,21,NA,NA,524,0.9523,0.4139,NA,NA,NA,15431,5078,0.7586,0.7078,NA,NA,NA,9500,9500,NA
484075,First Coast Barber Academy,Jacksonville,FL,1,3,11,0.9,NA,82,0.4146,0.4,NA,NA,NA,28411,NA,NA,1,NA,NA,NA,12090,PS,NA
484084,Debutantes School of Cosmetology and Nail Technology,Dekalb,IL,1,3,23,NA,NA,99,0.9899,0.1231,NA,NA,NA,8913,NA,NA,0.2121,NA,NA,NA,7917,7917,NA
484093,Paul Mitchell the School-Farmington Hills,Farmington Hills,MI,1,3,13,NA,NA,99,0.9899,0.2762,NA,NA,NA,14554,NA,NA,0.5714,NA,NA,NA,9833,9833,NA
484109,Paul Mitchell the School-Merrillville,Merrillville,IN,1,3,21,NA,NA,107,0.9813,0.1,NA,NA,NA,8923,NA,NA,0.6711,NA,NA,NA,9833,9833,NA
484127,TIGI Hairdressing Academy Newtown,Newtown,CT,1,3,22,NA,NA,53,0.8302,0.2917,NA,NA,NA,15919,NA,NA,0.553,NA,NA,NA,9833,9833,NA
484136,Yahweh Beauty Academy,Killeen,TX,1,3,12,NA,NA,29,0.6207,0.619,NA,NA,NA,2394,NA,NA,0,NA,NA,NA,PS,PS,NA
484163,Arizona School of Integrative Studies,Mesa,AZ,1,3,11,NA,NA,155,0.7419,0.6273,NA,NA,NA,13453,NA,NA,0.5591,NA,NA,NA,8444,8444,NA
484172,Lee Professional Institute,Fort Myers,FL,1,3,13,NA,NA,36,0.6667,0.9714,NA,NA,NA,14375,NA,NA,0.9686,NA,NA,NA,PS,PS,NA
484190,Park Place Premier Barber School,New Orleans,LA,1,3,11,NA,NA,32,0.25,0.5,NA,NA,NA,4959,NA,NA,0.7381,NA,NA,NA,PS,PS,NA
484206,The Salon Professional Academy-San Jose,San Jose,CA,1,3,11,NA,NA,196,0.9745,0.4026,NA,NA,NA,15355,NA,NA,0.4653,NA,NA,NA,6333,6333,NA
484233,Tri-Community Adult Education,Covina,CA,1,1,21,NA,NA,217,0.4424,0.3917,NA,NA,NA,3668,NA,NA,0,NA,NA,NA,PS,PS,NA
484330,Ross Medical Education Center-Owensboro,Owensboro,KY,1,3,13,NA,NA,38,0.9737,0.6897,NA,NA,NA,7779,NA,NA,0.6833,NA,NA,NA,9500,9500,30481
484349,Ross Medical Education Center-Evansville,Evansville,IN,1,3,12,NA,NA,91,0.956,0.4706,NA,NA,NA,8016,NA,NA,0.5366,NA,NA,NA,9500,9500,33079
484358,Ross Medical Education Center-Johnson City,Johnson City,TN,1,3,13,NA,NA,87,0.954,0.5373,NA,NA,NA,7875,NA,NA,0.6357,NA,NA,NA,9500,9500,33079
484367,North-West College-Anaheim,Anaheim,CA,1,3,11,NA,NA,513,0.8869,0.4835,NA,NA,NA,9494,6084,NA,0.7016,NA,NA,NA,9500,9500,39876
484376,North-West College-Long Beach,Long Beach,CA,1,3,11,NA,NA,652,0.8957,0.5052,NA,NA,NA,11242,7488,NA,0.8024,NA,NA,NA,9500,9500,39876
484394,Taylor Andrews Academy of Hair Design-Provo,Provo,UT,1,3,12,NA,NA,147,0.9524,0.2297,NA,NA,NA,8047,NA,NA,0.5938,NA,NA,NA,10556,10556,36048
484473,University of Florida-Online,Gainesville,FL,3,1,12,0.6126,1338,4627,0.5565,0.3162,3876,16579,17843,2337,5838,0.0503,0.1236,0.9482,0.8468,0.8117,15000,15000,71588
484604,Ogle School Hair Skin Nails-Stafford,Stafford,TX,1,3,21,NA,NA,550,0.98,0.6452,NA,NA,NA,15873,NA,NA,0.6091,NA,NA,NA,7917,7917,31488
484613,University of Phoenix-Arizona,Phoenix,AZ,3,3,11,NA,NA,85991,0.6658,0.8517,9552,9552,19909,12422,8456,0.0714,0.625,0.408,0.2084,0.2018,31553,31553,37752
484844,Minerva University,San Francisco,CA,3,2,11,0.0304,NA,637,0.5651,0.0083,23630,23630,NA,16900,13770,0.9038,0,0.9797,NA,0.8883,NA,NA,NA
484862,University of West Los Angeles,Inglewood,CA,3,3,21,NA,NA,7,0.7143,0.8333,NA,NA,NA,22135,8403,0.0678,0.1667,NA,NA,NA,NA,NA,NA
484871,Rabbinical College Ohr Yisroel,Brooklyn,NY,3,2,11,NA,NA,114,0,NA,9000,9000,15850,10218,3553,NA,0,0.9355,0.3636,0.4394,PS,PS,NA
484899,Aveda Institute-Phoenix,Tempe,AZ,1,3,12,NA,NA,218,0.9679,0.2475,NA,NA,NA,11252,NA,NA,0.4658,NA,NA,NA,6333,6333,NA
484905,University of North Texas at Dallas,Dallas,TX,3,1,11,0.8445,940,2878,0.6508,0.3241,9595,21894,20064,9682,9111,0.9901,0.3138,0.6538,0.4164,0.4261,18606,18606,NA
484923,Dermal Science International Aesthetics and Nail Academy,Reston,VA,1,3,13,NA,NA,36,1,0.2,NA,NA,NA,18372,NA,NA,0.4429,NA,NA,NA,PS,PS,NA
484932,BridgeValley Community & Technical College,South  Charleston,WV,2,1,22,NA,NA,1854,0.6025,0.4373,5800,12428,12299,4101,6655,0.4839,0.2253,NA,NA,NA,9829,9829,36432
484950,Northwest College-Medford,Medford,OR,1,3,13,NA,NA,95,0.8737,0.5139,NA,NA,NA,9739,NA,NA,0.6477,NA,NA,NA,7564,7564,24421
484996,Houston Training Schools-Gessner,Houston,TX,1,3,11,NA,NA,138,0.971,0.729,NA,NA,NA,11029,NA,NA,0,NA,NA,NA,PS,PS,18991
485014,Empire Beauty School-Buffalo,Cheektowaga,NY,1,3,13,NA,NA,87,0.9425,0.3077,NA,NA,NA,10923,NA,NA,0.6329,NA,NA,NA,10667,10667,22377
485032,Paul Mitchell the School-Toledo,Sylvania,OH,1,3,21,NA,NA,165,0.9636,0.4201,NA,NA,NA,9692,NA,NA,0.6414,NA,NA,NA,12500,12500,28363
485111,Georgia Military College,Milledgeville,GA,2,1,32,NA,NA,3992,0.5902,0.2197,8112,8112,20987,4416,5521,0.1386,0.379,0.5,0.3803,0.3545,8563,8563,39257
485166,Beau Monde Academy of Barbering and Cosmetology,Portland,OR,1,3,11,NA,NA,92,0.8696,0.55,NA,NA,NA,11502,NA,NA,0.1778,NA,NA,NA,8769,8769,24565
485236,Fountain of Youth Academy of Cosmetology,Pittsburgh,PA,1,3,11,NA,NA,45,0.9778,0.6538,NA,NA,NA,20745,NA,NA,0.0684,NA,NA,NA,6333,6333,NA
485272,West Coast University-Miami,Doral,FL,3,3,13,NA,NA,961,0.871,0.5711,23317,23317,36468,22064,8114,0.2475,0.8878,0.6,0.3333,PS,32946,32946,102672
485342,Aparicio-Levy Technical College,Tampa,FL,1,1,21,NA,NA,150,0.1667,0.1323,NA,NA,NA,818,NA,NA,0,NA,NA,NA,PS,PS,NA
485360,Graduate America,Houston,TX,1,2,11,1,NA,3,1,0.9,NA,NA,NA,14447,NA,NA,1,NA,NA,NA,PS,PS,NA
485379,Hollywood Institute of Beauty Careers-West Palm Beach,West Palm Beach,FL,1,3,12,NA,NA,239,0.728,0.5679,NA,NA,NA,11814,NA,NA,0.3799,NA,NA,NA,6199,6199,21386
485388,Hollywood Institute of Beauty Careers-Casselberry,Casselberry,FL,1,3,21,NA,NA,273,0.7985,0.5248,NA,NA,NA,12392,NA,NA,0.4351,NA,NA,NA,6199,6199,21386
485397,Empire Beauty School-Cheltenham,Wyncote,PA,1,3,21,NA,NA,152,0.9539,0.4172,NA,NA,NA,10337,NA,NA,0.6395,NA,NA,NA,10667,10667,23921
485403,High Tech High Graduate School of Education,San Diego,CA,4,2,11,NA,NA,NA,NA,NA,NA,NA,NA,10733,10000,1,NA,NA,NA,NA,NA,NA,NA
485412,MJ Barber & Beauty Academy,Hemet,CA,1,3,22,NA,NA,94,0.766,0.396,NA,NA,NA,14675,NA,NA,0.6809,NA,NA,NA,2905,2905,19665
485458,Coastal Pines Technical College,Waycross,GA,1,1,33,NA,NA,1648,0.6784,0.2113,3268,5836,10649,3032,4833,0.6259,0,NA,NA,NA,PS,PS,30214
485476,Studio Beauty School,Spokane Valley,WA,1,3,12,NA,NA,81,0.9877,0.4057,NA,NA,NA,14934,NA,NA,0.487,NA,NA,NA,6582,6582,NA
485485,Latin Beauty Academy,greenacres,FL,1,3,21,NA,NA,283,0.8092,0.6822,NA,NA,NA,7288,NA,NA,0.3673,NA,NA,NA,7333,7333,NA
485494,Associated Barber College of San Diego,San Diego,CA,1,3,11,NA,NA,121,0.124,0.681,NA,NA,NA,11758,NA,NA,0.5,NA,NA,NA,16500,16500,NA
485500,ABCO Technology,Los Angeles,CA,1,3,11,NA,NA,75,0.1067,0.9174,9354,9354,22592,15054,NA,NA,0.1653,NA,NA,NA,PS,PS,NA
485519,Lionel University,Carpinteria,CA,3,3,22,NA,NA,370,0.3162,0.9438,15265,15265,31812,6742,5000,0.2581,0.6637,0.75,0.6712,0.5157,12668,12668,NA
485546,California Intercontinental University,Sioux Falls,SD,2,3,12,NA,NA,151,0.5298,0.9291,NA,NA,NA,11536,4174,0.4242,0.7872,NA,NA,PS,PS,PS,NA
485564,Infinity College,Lafayette,LA,1,3,12,NA,NA,179,0.8939,0.8365,NA,NA,NA,8238,2569,NA,0.6118,NA,NA,NA,6333,6333,NA
485573,Universal Healthcare Careers College,Los Angeles,CA,1,3,11,NA,NA,287,0.8467,0.8781,NA,NA,NA,7854,NA,NA,0,NA,NA,NA,PS,PS,NA
485607,Dolce The Academy,Waterbury,CT,1,3,12,NA,NA,44,0.9773,0.3571,NA,NA,NA,8303,NA,NA,0.7121,NA,NA,NA,9833,PS,NA
485698,American College of the Building Arts,Charleston,SC,3,2,12,0.4444,1190,155,0.1742,0.3143,21500,21500,38073,17839,8846,0.7667,0.3901,0.75,0.6207,0.6296,12500,PS,NA
485768,Atlantis University,Miami,FL,2,3,11,NA,NA,330,0.1909,0.246,12820,12820,24524,9780,2776,0.4416,0.2588,0.4884,0.5682,0.5943,25870,25870,NA
485801,Westchester School for Medical & Dental Assistants,Ardsley,NY,1,3,21,NA,NA,67,0.9254,0.1429,NA,NA,NA,13095,NA,NA,0.3782,NA,NA,NA,4171,4171,NA
485856,Studio Incamminati,Philadelphia,PA,1,2,11,1,NA,39,0.6923,0.85,18915,18915,NA,20756,NA,NA,0.225,NA,NA,NA,PS,PS,NA
485874,Salon Boutique Academy,Addison,TX,1,3,21,NA,NA,200,0.99,0.3717,NA,NA,NA,11037,NA,NA,0.3975,NA,NA,NA,7917,7917,NA
485926,GA Beauty & Barber School,McAllen,TX,1,3,12,NA,NA,171,0.6667,0.4573,NA,NA,NA,8950,NA,NA,0.2138,NA,NA,NA,2783,2783,NA
485953,The Recording Conservatory of Austin,Austin,TX,1,3,41,NA,NA,77,0.1299,0.5366,NA,NA,NA,9395,NA,NA,0.3592,NA,NA,NA,PS,PS,NA
485962,VH Barber & Styling Academy,Bossier City,LA,1,3,13,NA,NA,27,0.3704,0.5,NA,NA,NA,9827,NA,NA,0.5588,NA,NA,NA,14250,PS,NA
485999,Bet Medrash Gadol Ateret Torah,Brooklyn,NY,3,2,11,0.8889,NA,112,0,0.0278,10700,10700,22488,6078,3932,1,0,0.871,0.5769,0.551,PS,PS,NA
486017,Yeshiva Ohr Yisrael,Brooklyn,NY,3,2,11,0.5,NA,23,0,0.0588,9800,9800,NA,56713,4967,NA,0,0.25,0.5714,PS,PS,PS,NA
486026,Yeshiva Sholom Shachna,Brooklyn,NY,3,2,11,1,NA,130,0,NA,10750,10750,21750,10561,8697,NA,0,0.8462,0.3043,0.1607,PS,PS,NA
486053,Bethlehem College & Seminary,Minneapolis,MN,3,2,11,NA,NA,117,0.4274,0.1848,8200,8200,NA,6788,5852,0.8824,0,1,0.6957,0.6098,NA,NA,NA
486080,Elmezzi Graduate School of Molecular Medicine,Manhasset,NY,4,2,21,NA,NA,NA,NA,NA,NA,NA,NA,NA,19293,1,NA,NA,NA,NA,NA,NA,NA
486150,Treasure Coast Technical College,Vero Beach,FL,1,1,22,NA,NA,75,0.5067,0.3678,NA,NA,NA,1902,NA,NA,0,NA,NA,NA,PS,PS,NA
486169,American College of Barbering,Louisville,KY,1,3,11,NA,NA,84,0.119,0.56,NA,NA,NA,16046,NA,NA,0.4706,NA,NA,NA,14143,14143,NA
486196,Beth Medrash Meor Yitzchok,Monsey,NY,2,2,21,0.5278,NA,226,0,0.0045,12600,12600,25700,6495,6118,NA,0,0.8333,0.2069,0.3554,PS,PS,NA
486202,Mingo Extended Learning Center,Delbarton,WV,1,1,43,NA,NA,9,0.7778,0.3846,NA,NA,NA,512,NA,NA,0,NA,NA,NA,PS,PS,NA
486239,San Ignacio University,Doral,FL,1,3,13,NA,NA,77,0.5455,0.673,10405,10405,16184,15634,NA,0.0206,0.0284,1,0.5806,0.6588,PS,PS,NA
486248,ZMS The Academy,Los Angeles,CA,1,3,11,NA,NA,144,0.3542,0.5482,NA,NA,NA,8336,NA,NA,0.0106,NA,NA,NA,PS,PS,NA
486257,Valor Christian College,Canal Winchester,OH,2,2,11,NA,NA,414,0.5773,0.6914,10012,10012,39005,10445,6235,0.2941,0.7114,0.3636,0.4444,0.4265,15250,15250,NA
486284,Bethany Global University,Bloomington,MN,3,2,13,0.9286,NA,81,0.6914,0.1235,11000,11000,43216,6870,NA,NA,0.5741,0.2174,0.5634,0.5869,12000,12000,NA
486345,HVAC Technical Institute,Chicago,IL,1,3,11,NA,NA,285,0.0316,0.5231,NA,NA,NA,19452,NA,NA,0.6,NA,NA,NA,6851,6851,NA
486354,United International College,Dania Beach,FL,2,3,21,NA,NA,113,0.2212,0.2743,10320,10320,36420,5513,NA,NA,0,0.6316,0.6,0.7333,PS,PS,NA
486372,San Francisco Film School,San Francisco,CA,2,3,11,NA,NA,127,0.0945,0.9574,NA,NA,NA,20560,4366,NA,0.1992,NA,NA,NA,PS,PS,NA
486381,Center for Ultrasound Research & Education,White Plains,NY,1,3,13,NA,NA,37,1,0.3143,NA,NA,NA,14627,NA,NA,0.6272,NA,NA,NA,14635,PS,NA
486406,Randolph Technical Center,Elkins,WV,1,1,33,NA,NA,15,1,0.5455,NA,NA,NA,6090,NA,NA,0,NA,NA,NA,PS,PS,NA
486415,AMG School of Nursing,Brooklyn,NY,2,3,11,NA,NA,552,0.9185,0.8614,NA,NA,NA,17047,9167,0.6032,0.8829,NA,NA,NA,14167,14167,NA
486424,Saint Michael College of Allied Health,Washington,DC,1,3,11,0.7525,NA,136,0.8603,0.9837,19405,19405,45405,12496,7716,NA,0.2195,NA,NA,NA,17713,17713,NA
486442,Sandra Academy of Salon Services,New Tazewell,TN,1,3,32,NA,NA,117,0.8547,0.4658,NA,NA,NA,7498,NA,NA,0.3735,NA,NA,NA,9833,9833,NA
486497,California Barber and Beauty College,San Diego,CA,1,3,11,NA,NA,50,0.04,0.377,NA,NA,NA,8182,NA,NA,0.18,NA,NA,NA,PS,PS,NA
486503,Laredo CHI Academy Beauty School,Laredo,TX,1,3,11,NA,NA,54,0.963,0.2143,NA,NA,NA,8981,NA,NA,0,NA,NA,NA,PS,PS,NA
486512,Florida International Training Institute,Miami,FL,1,3,21,0.7912,NA,494,0.4696,0.8129,NA,NA,NA,8561,NA,NA,0.3561,NA,NA,NA,3077,3077,NA
486530,Gould's Academy,Memphis,TN,1,3,11,NA,NA,148,0.9932,0.4756,NA,NA,NA,11242,NA,NA,0.5647,NA,NA,NA,7767,7767,NA
486558,Aviation Institute of Maintenance-Fremont,Fremont,CA,1,3,12,NA,NA,343,0.0875,0.5117,16757,16757,33205,16265,NA,NA,0.2031,NA,NA,NA,31786,31786,NA
486567,Paul Mitchell the School-Tulsa,Tulsa,OK,1,3,11,NA,NA,234,0.9829,0.3614,NA,NA,NA,11977,NA,NA,0.5079,NA,NA,NA,10150,10150,NA
486576,PPG Technical College,Caguas,PR,1,3,13,NA,NA,235,0.7021,0.3299,8620,8620,12197,5679,NA,NA,0,NA,NA,NA,PS,PS,NA
486619,Academy of Professional Cosmetology,Rogers,AR,1,3,13,NA,NA,115,0.9739,0.2398,NA,NA,NA,11355,NA,NA,0.3831,NA,NA,NA,5500,5500,NA
486691,Empire Beauty School-Northlake,Atlanta,GA,1,3,21,NA,NA,127,0.9449,0.4444,NA,NA,NA,9827,NA,NA,0.6134,NA,NA,NA,13583,13583,24407
486707,Ross Medical Education Center-Huntsville,Huntsville,AL,1,3,12,NA,NA,132,0.9848,0.3853,NA,NA,NA,6775,NA,NA,0.551,NA,NA,NA,9500,9500,30060
486716,Ross Medical Education Center-Knoxville,Knoxville,TN,1,3,12,NA,NA,75,1,0.44,NA,NA,NA,8140,NA,NA,0.568,NA,NA,NA,9500,9500,30072
486752,Ross Medical Education Center-Muncie,Muncie,IN,1,3,13,NA,NA,63,0.9524,0.5556,NA,NA,NA,8175,NA,NA,0.5326,NA,NA,NA,9500,9500,29898
486770,Cortiva Institute-Arlington,Arlington,TX,1,3,11,NA,NA,155,0.8194,0.7556,NA,NA,NA,11775,NA,NA,0.6273,NA,NA,NA,7521,7521,29204
486798,Tulsa Welding School-Houston,Houston,TX,1,3,11,NA,NA,1962,0.1233,0.3541,NA,NA,NA,21197,NA,NA,0.7411,NA,NA,NA,9500,9500,41067
486813,Pima Medical Institute-El Paso,El Paso,TX,1,3,11,NA,NA,617,0.8476,0.4648,NA,NA,NA,9334,5651,0.4348,0.62,NA,NA,NA,9500,9500,38673
486822,Pima Medical Institute-Phoenix,Phoenix,AZ,1,3,11,NA,NA,780,0.8782,0.394,NA,NA,NA,8396,3416,0.5769,0.5609,NA,NA,NA,8521,8521,NA
486840,Kennesaw State University,Kennesaw,GA,3,1,21,0.6919,1113,41254,0.4988,0.1232,5808,17736,24008,5155,9711,0.6347,0.3274,0.7672,0.522,0.5004,23833,23833,57552
486859,Entourage Institute of Beauty and Esthetics,Lincoln,NE,1,3,11,NA,NA,99,1,0.4082,NA,NA,NA,12062,NA,NA,0.7451,NA,NA,NA,9955,PS,NA
486877,Eastern Suffolk BOCES,Riverhead,NY,1,1,23,NA,NA,9,1,0.1111,NA,NA,NA,7524,NA,NA,0.0769,NA,NA,NA,9500,9500,63394
486886,Eastern Suffolk BOCES,Oakdale,NY,1,1,21,NA,NA,31,0.9677,0.0968,NA,NA,NA,10572,NA,NA,0.1471,NA,NA,NA,9500,9500,63394
486901,Milligan University,Milligan,TN,3,2,22,0.7229,1189,818,0.4902,0.0396,40450,40450,52511,14168,6980,0.6842,0.4508,0.8151,0.6343,0.6174,25219,25219,46641
486938,Chamberlain University-Nevada,Las Vegas,NV,3,3,11,0.7647,NA,652,0.8098,0.6649,19975,19975,33051,25865,8978,0.0968,0.8255,0.75,0.2,PS,20919,20919,92405
486947,Chamberlain University-Michigan,Troy,MI,3,3,13,0.8571,NA,629,0.8553,0.5583,20785,20785,33910,26618,8978,0.0968,0.8056,0.6,1,PS,20919,20919,92405
486956,Chamberlain University-New Jersey,North Brunswick,NJ,3,3,21,1,NA,1226,0.8736,0.7606,20785,20785,38904,26872,8080,0.1075,0.8009,0.8,0.3333,PS,20919,20919,92405
487010,The University of Tennessee Health Science Center,Memphis,TN,3,1,11,NA,NA,394,0.9112,0.3218,NA,NA,NA,25439,12784,0.6367,0.5186,NA,NA,NA,12500,12500,66318
487047,Unitech Training Academy-New Orleans,New Orleans,LA,1,3,21,NA,NA,49,0.9388,0.4462,NA,NA,NA,18037,NA,NA,0.8086,NA,NA,NA,8721,8721,24707
487065,Wade Gordon Hairdressing Academy-Lubbock,Lubbock,TX,1,3,11,NA,NA,96,0.6875,0.4455,NA,NA,NA,11187,NA,NA,0.7329,NA,NA,NA,9833,9833,NA
487083,Protege Academy,Mt. Pleasant,MI,1,3,32,NA,NA,44,0.9773,0.303,NA,NA,NA,11520,NA,NA,0.5714,NA,NA,NA,9833,9833,19499
487092,Emory University-Oxford College,Oxford,GA,2,2,21,0.1311,1520,967,0.5408,NA,64280,64280,83622,36435,9512,0.9027,0.1264,NA,NA,NA,18250,18250,80137
487153,The Chicago School at Xavier University of Louisiana,New Orleans,LA,4,2,11,NA,NA,NA,NA,NA,NA,NA,NA,25318,7239,NA,NA,NA,NA,NA,20000,20000,56899
487162,Southern Regional Technical College,Thomasville,GA,1,1,32,NA,NA,3098,0.7369,0.2687,3007,5575,11896,2619,5511,1,0,NA,NA,NA,PS,PS,31293
487232,Texas College of Cosmetology-Lubbock,Lubbock,TX,1,3,11,NA,NA,54,1,0.3371,NA,NA,NA,6682,NA,NA,0.5723,NA,NA,NA,6333,6333,21685
487302,Fortis College-Cuyahoga Falls,Cuyahoga Falls,OH,1,3,21,NA,NA,583,0.6964,0.7321,14596,14596,30500,10855,5177,0.225,0.8045,NA,NA,NA,13000,13000,34509
487311,Jones Technical Institute,Jacksonville,FL,2,2,11,NA,NA,659,0.0971,0.4234,16920,16920,30987,14637,5136,NA,0.7107,NA,NA,NA,10294,10294,24576
487320,Texas State Technical College,Waco,TX,1,1,12,NA,NA,9437,0.2751,0.2549,7212,11812,20752,4131,6471,0.8797,0.2148,NA,NA,NA,9500,9500,38916
487348,Aveda Institute Portland-Vancouver Campus,Vancouver,WA,1,3,12,NA,NA,122,0.959,0.4077,NA,NA,NA,10639,NA,NA,0.5215,NA,NA,NA,6826,6826,33003
487375,Arizona College of Nursing-Las Vegas,Las Vegas,NV,3,3,21,1,NA,1222,0.8601,0.719,23531,23531,35587,25090,8004,0.3537,0.792,0.7692,0.8182,PS,9500,9500,34657
487481,UEI College-Phoenix,Phoenix,AZ,1,3,11,NA,NA,1234,0.4887,0.4181,NA,NA,NA,10079,NA,NA,0.7452,NA,NA,NA,9500,9500,31141
487506,The Institute of Beauty and Wellness Madison,Madison,WI,1,3,11,NA,NA,88,0.9773,0.2118,NA,NA,NA,16778,NA,NA,0.5986,NA,NA,NA,6333,6333,31723
487524,Husson University,Bangor,ME,3,2,13,0.8095,1180,2618,0.6524,0.1236,23304,23304,35852,13136,7935,0.9829,0.7168,0.7535,0.5935,0.581,27000,27000,45025
487533,Tricoci University of Beauty Culture-Elgin,Elgin,IL,1,3,12,NA,NA,138,0.9855,0.2727,NA,NA,NA,13445,NA,NA,0.5418,NA,NA,NA,7307,7307,35650
487588,Concorde Career College-Southaven,Southaven,MS,1,3,21,1,NA,115,0.9217,0.4386,NA,NA,NA,14319,3749,0.7778,0.8324,NA,NA,NA,9500,9500,31599
487597,Universal Technical Institute-Southern California,Long Beach,CA,2,3,11,NA,NA,1701,0.0594,0.2232,NA,NA,NA,18306,6761,NA,0.6029,NA,NA,NA,13124,13124,52873
487603,Northwest University-Center for Online and Extended Education,Kirkland,WA,3,2,21,NA,NA,405,0.5704,0.1971,14652,14652,40568,6967,NA,NA,0.2401,0.5,0.5,0.4013,20891,20891,54914
487621,Celebrity Barber School,Monroe,LA,1,3,13,NA,NA,20,0.05,0.875,NA,NA,NA,8579,NA,NA,0.7917,NA,NA,NA,9500,PS,22002
487649,California Institute of Advanced Management,Alhambra,CA,4,2,21,NA,NA,NA,NA,NA,NA,NA,NA,7374,9780,0.1739,NA,NA,NA,NA,NA,NA,NA
487658,Academy of Interactive Entertainment,Lafayette,LA,1,2,12,0.4258,NA,89,0.4494,0.115,24600,24600,38727,14163,5056,NA,0.5398,NA,NA,NA,12000,12000,NA
487676,The Temple Annapolis-A Paul Mitchell Partner School,Annapolis,MD,1,3,21,NA,NA,202,0.9059,0.2896,NA,NA,NA,13080,NA,NA,0.5478,NA,NA,NA,9833,9833,27891
487746,Yeshiva Zichron Aryeh,Far Rockaway,NY,3,2,11,0.25,NA,41,0,0.0278,9650,9650,NA,5350,5360,NA,0,0.6667,0.5,PS,PS,PS,NA
487773,Butte County Regional Occupational Program,Chico,CA,1,1,12,NA,NA,41,0.9512,0.4878,NA,NA,NA,1781,NA,NA,0.1029,NA,NA,NA,PS,PS,NA
487791,Arclabs,Piedmont,SC,1,3,21,NA,NA,744,0.1438,0.3204,NA,NA,NA,14181,NA,NA,0.5949,NA,NA,NA,9500,9500,NA
487807,Top of the Line Barber College,Charleston,SC,1,3,12,NA,NA,45,0.3778,0.4667,NA,NA,NA,6581,NA,NA,0.3864,NA,NA,NA,PS,PS,NA
487816,Midfield Institute of Cosmetology,Midfield,AL,1,2,21,NA,NA,9,1,0.6154,NA,NA,NA,8458,NA,NA,0.125,NA,NA,NA,PS,PS,NA
487861,Felbry College,Columbus,OH,2,3,11,0.8542,NA,192,0.8385,0.8598,29731,29731,60136,17206,5550,1,0.9346,1,0.9091,0.8411,17000,17000,NA
487889,Regional Center for Border Health,Somerton,AZ,1,2,31,NA,NA,131,0.8473,0.4869,NA,NA,NA,17170,NA,NA,0,NA,NA,NA,PS,PS,NA
487904,Kentucky Horseshoeing School,Richmond,KY,1,3,32,NA,NA,31,0.3548,0.0833,NA,NA,NA,13853,NA,NA,0.6275,NA,NA,NA,PS,PS,NA
487922,Image Maker Beauty Institute,Hendersonville,TN,1,3,21,NA,NA,74,0.9865,0.1875,NA,NA,NA,9100,NA,NA,0.6444,NA,NA,NA,9833,9833,NA
487959,Dalton Institute of Esthetics and Cosmetology,Dalton,GA,1,3,13,NA,NA,47,0.9787,0.2394,NA,NA,NA,21485,NA,NA,0.4127,NA,NA,NA,6222,6222,NA
487968,CAAN Academy of Nursing,Matteson,IL,1,2,21,NA,NA,96,0.9479,0.8889,NA,NA,NA,16850,4755,NA,0.5106,NA,NA,NA,12766,12766,NA
487977,Martinsburg College,Cheyenne,WY,1,3,22,1,NA,2491,0.9831,0.7971,NA,NA,NA,9779,4351,0.6222,0,NA,0.6038,0.6373,PS,PS,NA
487995,Alhambra Medical University,Alhambra,CA,4,3,21,NA,NA,45,0.7556,0.8378,NA,NA,NA,8186,5000,NA,NA,NA,NA,NA,PS,PS,NA
488004,Central Yeshiva Beth Joseph,Airmont,NY,3,2,11,NA,NA,15,0,0.5,10000,10000,NA,2756,4188,NA,0,NA,NA,NA,PS,PS,NA
488013,Garden State Science and Technology Institute,Jersey City,NJ,1,3,11,NA,NA,917,0.964,0.7448,NA,NA,NA,7228,NA,NA,0.6054,NA,NA,NA,9403,9403,NA
488022,Barber Tech Academy,Orangeburg,SC,1,3,32,NA,NA,59,0.3898,0.6866,NA,NA,NA,4819,NA,NA,0.4839,NA,NA,NA,PS,PS,NA
488031,Abraham Lincoln University,Glendale,CA,3,3,12,NA,NA,25,0.68,0.8043,10440,10440,34154,9409,NA,NA,0.6,0.3333,0,PS,PS,PS,NA
488059,Med College,Hialeah,FL,2,3,21,NA,NA,455,0.6593,0.7677,22725,22725,48503,17521,11118,0.5172,0.9158,NA,NA,NA,23447,23447,NA
488077,Sonoran Desert Institute,Tempe,AZ,1,3,12,NA,NA,5435,0.0248,0.8658,12200,12200,25566,8396,4691,0.0547,0.2778,NA,NA,NA,9500,9500,NA
488086,Northwest Suburban College,Rollng Meadows,IL,1,2,21,NA,NA,NA,NA,NA,NA,NA,NA,NA,NA,NA,NA,NA,NA,NA,NA,NA,NA
488110,Natural Images Beauty College,Clute,TX,1,3,23,NA,NA,75,0.84,0.4023,NA,NA,NA,13905,NA,NA,0.2364,NA,NA,NA,7917,7917,NA
488129,Textures Institute of Cosmetology,Indianapolis,IN,1,3,11,NA,NA,19,0.7368,0.7391,NA,NA,NA,3992,NA,NA,0.5938,NA,NA,NA,PS,PS,NA
488138,Williams Technical College,Houma,LA,1,3,13,NA,NA,28,0.9643,0.7071,NA,NA,NA,16442,NA,NA,0.7727,NA,NA,NA,6333,6333,NA
488174,Ea La Mar's Cosmetology & Barber College,Kansas City,MO,1,3,11,NA,NA,31,0.6452,0.4688,NA,NA,NA,15773,NA,NA,0.6341,NA,NA,NA,11960,PS,NA
488183,Regina Webb Academy,Bowling Green,KY,1,3,13,NA,NA,23,1,0.3333,NA,NA,NA,9916,NA,NA,0.6,NA,NA,NA,PS,PS,NA
488192,DeHart Technical School,Modesto,CA,1,3,21,NA,NA,99,0.0101,0.35,NA,NA,NA,14350,NA,NA,0.4145,NA,NA,NA,8950,8950,NA
488217,Medical Career & Technical College,Richmond,KY,1,3,32,NA,NA,235,0.9447,0.6332,NA,NA,NA,21447,NA,NA,0.5605,NA,NA,NA,6333,6333,NA
488226,Center for Neurosomatic Studies,Clearwater,FL,1,3,13,NA,NA,16,0.5625,0.7826,NA,NA,NA,11625,NA,NA,0.1429,NA,NA,NA,PS,PS,NA
488253,Focus Personal Training Institute,New York,NY,1,3,11,NA,NA,64,0.2344,0.6232,NA,NA,NA,30734,NA,NA,0.2286,NA,NA,NA,PS,PS,NA
488262,Hair Academy School of Barbering & Beauty,Newark,DE,1,3,21,NA,NA,33,0.4242,0.64,NA,NA,NA,7407,NA,NA,0.6809,NA,NA,NA,PS,PS,NA
488280,National Personal Training Institute,Orlando,FL,1,3,21,NA,NA,36,0.3333,0.8605,NA,NA,NA,14164,NA,NA,0.4884,NA,NA,NA,6333,6333,NA
488299,Mission Beauty Institute,Mission,TX,1,3,13,NA,NA,11,0.8182,0.4118,NA,NA,NA,19800,NA,NA,0.3966,NA,NA,NA,PS,PS,NA
488305,Elim Bible College,Lima,NY,1,2,42,1,NA,100,0.45,0.3571,10480,10480,19630,10992,3563,0.1429,0.3163,0.75,0.6667,0.6826,10247,10247,NA
488314,Beth Medrash of Asbury Park,Lakewood,NJ,3,2,21,0.5385,NA,124,0,NA,12010,12010,21110,9039,5231,NA,0,0.7222,0.1,0.0465,PS,PS,NA
488332,Hope College of Arts and Sciences,Pompano Beach,FL,2,3,12,NA,NA,54,0.8889,0.8415,NA,NA,NA,11348,2800,0.375,0.0634,NA,NA,NA,17229,PS,NA
488350,Yeshiva Gedolah Shaarei Shmuel,Lakewood,NJ,2,2,13,0.5417,NA,150,0,NA,10600,10600,22595,12974,5792,NA,0,0.7045,0.8889,0.7805,PS,PS,NA
488369,Premier Barber Institute,Norristown,PA,1,3,21,NA,NA,50,0.16,0.6988,NA,NA,NA,11211,NA,NA,0.7815,NA,NA,NA,13583,13583,NA
488378,International Beauty Education Center,Spokane,WA,1,3,21,NA,NA,146,0.9384,0.6306,NA,NA,NA,3815,NA,NA,0.7854,NA,NA,NA,7746,7746,NA
488387,Claremont Lincoln University,Claremont,CA,3,2,21,NA,NA,54,0.4815,0.8235,NA,NA,NA,10727,6861,0.0638,NA,NA,NA,NA,NA,NA,NA
488396,Phipps Academy of Barbering,Richton Park,IL,1,3,21,NA,NA,39,0.0769,0.5,NA,NA,NA,5643,NA,NA,1,NA,NA,NA,9500,9500,NA
488411,Hoss Lee Academy,Roseville,CA,1,3,21,NA,NA,112,0.9821,0.2784,NA,NA,NA,14441,NA,NA,0.277,NA,NA,NA,6333,6333,NA
488420,Indiana Wellness College,Carmel,IN,1,3,12,0.8,NA,160,0.8875,0.5779,NA,NA,NA,16289,NA,NA,0.5292,NA,NA,NA,7661,7661,NA
488439,Kenny's Academy of Barbering,Indianapolis,IN,1,3,11,NA,NA,178,0.2191,0.5714,NA,NA,NA,9030,NA,NA,0.3426,NA,NA,NA,16500,16500,NA
488448,Seattle Film Institute,Seattle,WA,3,3,11,NA,NA,65,0.2923,0.5833,33000,33000,55496,23436,5625,NA,0.55,0.7778,0.5714,PS,13000,13000,NA
488527,Arkansas Colleges of Health Education,Fort Smith,AR,4,2,13,NA,NA,NA,NA,NA,NA,NA,NA,40506,8633,1,NA,NA,NA,NA,NA,NA,NA
488554,Burrell College of Osteopathic Medicine,Las Cruces,NM,4,3,22,NA,NA,NA,NA,NA,NA,NA,NA,62431,NA,NA,NA,NA,NA,NA,NA,NA,NA
488563,California College of Music,Pasadena,CA,1,3,12,1,NA,60,0.5333,0.4286,21985,21985,29374,18067,NA,NA,0.2857,NA,NA,NA,NA,NA,NA
488572,California Health Sciences University,Clovis,CA,4,3,21,NA,NA,NA,NA,NA,NA,NA,NA,58062,14336,1,NA,NA,NA,NA,NA,NA,NA
488590,Christian Culinary Academy,Cannon Beach,OR,1,2,42,0.9091,NA,22,0.6364,NA,NA,NA,NA,9372,NA,NA,0,NA,NA,NA,NA,NA,NA
488651,Glitz School of Cosmetology,Las Cruces,NM,1,3,12,NA,NA,124,0.8306,0.3939,NA,NA,NA,10011,NA,NA,0.5882,NA,NA,NA,7999,7999,NA
488679,Indiana Wesleyan University-National & Global,Marion,IN,3,2,41,NA,NA,6656,0.747,0.8084,8208,8208,22228,12210,8247,1,0.5209,NA,0.3495,0.3613,24250,24250,59986
488730,Northeast Lakeview College,Universal City,TX,2,1,21,NA,NA,6471,0.5579,0.1713,3412,9952,12043,1552,7822,0.4545,0.0249,NA,NA,NA,PS,PS,NA
488749,Paul Mitchell the School-Jessup,Jessup,MD,1,3,21,NA,NA,131,0.8626,0.68,NA,NA,NA,7691,NA,NA,0.5928,NA,NA,NA,9500,9500,35225
488776,John Patrick University of Health and Applied Sciences,South Bend,IN,2,3,12,0.8235,NA,480,0.7104,0.7893,20605,20605,44115,15508,12037,0.12,0.5888,NA,NA,NA,PS,PS,NA
488800,Teachers College of San Joaquin,Stockton,CA,1,1,11,NA,NA,642,0.6947,0.9111,NA,NA,NA,10626,12323,0.0697,0,NA,NA,NA,NA,NA,NA
488846,University of the People,Pasadena,CA,3,2,12,NA,NA,22688,0.4743,0.7289,1400,1400,NA,549,NA,NA,0,NA,0.3354,0.3492,NA,NA,NA
488891,South Dade Technical College-South Dade Skills Center Campus,HOMESTEAD,FL,1,1,21,NA,NA,196,0.6429,0.2618,NA,NA,NA,1569,NA,NA,0,NA,NA,NA,PS,PS,NA
488907,Wongu University of Oriental Medicine,Las Vegas,NV,4,2,12,NA,NA,NA,NA,NA,NA,NA,NA,7854,NA,NA,NA,NA,NA,NA,NA,NA,NA
488916,Alabama School of Nail Technology & Cosmetology,Jackson,AL,1,3,43,NA,NA,97,1,0.451,NA,NA,NA,10317,NA,NA,0.3254,NA,NA,NA,16500,16500,NA
488934,Tulsa Technology Center,Tulsa,OK,1,1,11,NA,NA,1409,0.3762,0.1104,NA,NA,NA,1543,NA,NA,0,NA,NA,NA,PS,PS,41793
488952,Ross Medical Education Center-Elyria,Elyria,OH,1,3,22,NA,NA,74,0.9459,0.5517,NA,NA,NA,7366,NA,NA,0.604,NA,NA,NA,9500,9500,30481
488961,Ross Medical Education Center-Lafayette,Lafayette,IN,1,3,13,NA,NA,132,0.9773,0.5325,NA,NA,NA,8980,NA,NA,0.5597,NA,NA,NA,9500,9500,33079
488970,Ross Medical Education Center-Midland,Midland,MI,1,3,13,NA,NA,57,0.9123,0.5556,NA,NA,NA,9184,NA,NA,0.2316,NA,NA,NA,9500,9500,29898
488989,Paul Mitchell the School-Clear Lake,Webster,TX,1,3,21,NA,NA,133,0.9699,0.3411,NA,NA,NA,11162,NA,NA,0.551,NA,NA,NA,11336,11336,27384
488998,Paul Mitchell the School-Nampa,Nampa,ID,1,3,22,NA,NA,117,0.8803,0.271,NA,NA,NA,11318,NA,NA,0.6012,NA,NA,NA,10555,10555,25719
489122,Academy of Beauty Professionals,Madison,WI,1,3,11,NA,NA,53,0.8302,0.2769,NA,NA,NA,13813,NA,NA,0.47,NA,NA,NA,6333,6333,25117
489131,Academy of Beauty Professionals,Appleton,WI,1,3,22,NA,NA,37,0.9189,0.3766,NA,NA,NA,15170,NA,NA,0.3894,NA,NA,NA,6333,6333,25117
489140,Academy of Beauty Professionals,Green Bay,WI,1,3,12,NA,NA,64,0.8281,0.381,NA,NA,NA,13468,NA,NA,0.4276,NA,NA,NA,6333,6333,25117
489159,Kenneth Shuler School of Cosmetology-Goose Creek,Goose Creek,SC,1,3,21,NA,NA,152,1,0.3594,NA,NA,NA,11872,NA,NA,0.6296,NA,NA,NA,5858,5858,25088
489201,Clovis Community College,Fresno,CA,2,1,11,NA,NA,7956,0.5863,0.2601,1378,8638,14897,467,11594,0.3899,0.002,NA,NA,NA,PS,PS,NA
489238,Boca Beauty Academy-Parkland,Parkland,FL,1,3,21,NA,NA,201,0.8507,0.6839,NA,NA,NA,12125,NA,NA,0.5844,NA,NA,NA,6333,6333,NA
489256,Caribbean Aviation Training Institute Inc,Carolina,PR,1,3,21,NA,NA,191,0.0524,0.2513,15480,15480,18210,4935,NA,NA,0,NA,NA,NA,PS,PS,NA
489283,The College of Health Care Professions-McAllen Campus,McAllen,TX,1,3,12,NA,NA,787,0.8628,0.2926,NA,NA,NA,6634,4621,0.9688,0.801,NA,NA,NA,9500,9500,33070
489335,Institute of Buddhist Studies,Berkeley,CA,4,2,12,NA,NA,NA,NA,NA,NA,NA,NA,6345,10846,NA,NA,NA,NA,NA,NA,NA,NA
489344,Chamberlain University-North Carolina,Charlotte,NC,3,3,11,1,NA,202,0.9208,0.713,20785,20785,42634,26573,8978,0.0968,0.8102,0.5,NA,PS,20919,20919,92405
489353,Chamberlain University-California,Rancho Cordova,CA,3,3,13,0.8,NA,751,0.8016,0.6198,21271,21271,37232,28210,8080,0.1075,0.784,1,NA,PS,20919,20919,92405
489371,Spartan College of Aeronautics and Technology,Riverside,CA,1,3,21,NA,NA,317,0.0757,0.5632,NA,NA,NA,20757,NA,NA,0.5324,NA,NA,NA,20000,20000,61575
489779,Purdue University Global,West Lafayette,IN,1,1,13,NA,NA,30828,0.5704,0.7849,10101,14412,15660,7657,6514,0.1243,0.4552,0.5714,0.5,0.4902,26078,26078,36596
489830,Arthur's Beauty College,Jonesboro,AR,1,3,13,NA,NA,69,1,0.4478,NA,NA,NA,11158,NA,NA,0.6635,NA,NA,NA,10500,10500,21470
489858,West Coast University-Center for Graduate Studies,Los Angeles,CA,4,3,11,NA,NA,NA,NA,NA,NA,NA,NA,33134,10985,0.3838,NA,NA,NA,NA,32946,32946,102672
489937,Carolina University,Winston-Salem,NC,3,2,11,0.3954,NA,460,0.4326,0.1863,17575,17575,32680,9067,5407,0.4085,0.4458,0.5636,0.2155,0.2431,20287,20287,32864
490018,National Personal Training Institute-Tampa,Tampa,FL,1,3,21,NA,NA,15,0.4667,0.6923,NA,NA,NA,10862,NA,NA,0.6111,NA,NA,NA,6333,6333,NA
490045,California Prestige University,Santa Fe Springs,CA,3,2,21,NA,NA,55,0.6545,0.9211,9329,9329,NA,4411,2890,0.1864,0.0789,NA,NA,PS,PS,PS,NA
490054,HCI College,West Palm Beach,FL,2,3,21,NA,NA,166,0.8795,0.1315,20838,20838,40563,31346,7903,0.2879,0.3041,NA,NA,NA,24149,24149,NA
490081,America Evangelical University,Gardena,CA,3,2,13,NA,NA,73,0.411,0.9296,6200,6200,23764,4747,2000,NA,0.5493,0.5357,0.3333,PS,PS,PS,NA
490090,Gadsden Technical College,Quincy,FL,1,1,41,NA,NA,59,0.5932,0.3246,NA,NA,NA,203,NA,NA,0,NA,NA,NA,PS,PS,NA
490106,Virginia University of Integrative Medicine,Vienna,VA,4,2,21,NA,NA,NA,NA,NA,NA,NA,NA,9512,6092,0.2535,NA,NA,NA,NA,NA,NA,NA
490115,Nashville Film Institute,Nashville,TN,1,3,11,NA,NA,60,0.25,0.3636,NA,NA,NA,21496,4056,NA,0.4464,NA,NA,NA,5500,5500,NA
490133,Westcliff University,Irvine,CA,3,3,11,0.7315,NA,2363,0.3673,0.081,17670,17670,44210,12491,7591,0.0841,0.0609,0.7164,0.622,0.6146,23750,PS,NA
490142,World Class Academy of Beauty Careers,Tallahassee,FL,1,3,12,NA,NA,36,0.6389,0.5,NA,NA,NA,8418,NA,NA,0.5238,NA,NA,NA,9000,PS,NA
490160,Sacramento Ultrasound Institute,Sacramento,CA,2,3,11,0.7067,NA,83,0.4578,0.7699,NA,NA,NA,20989,6722,0.6957,0.461,NA,NA,NA,17000,17000,NA
490197,Regan Career Institute,El Monte,CA,1,3,21,NA,NA,56,0.8036,0.7451,NA,NA,NA,36878,NA,NA,0.5823,NA,NA,NA,PS,PS,NA
490203,Bolivar Technical College,Bolivar,MO,2,2,32,0.9545,NA,144,0.9236,0.6806,28390,28390,NA,18780,4925,0.4211,0.6736,NA,0.9167,PS,15000,15000,NA
490221,MAK Beauty Institute,Cumming,GA,1,3,21,NA,NA,11,0.7273,0.8889,NA,NA,NA,11160,NA,NA,0.1094,NA,NA,NA,PS,PS,NA
490249,Mobile Technical Training,South Hackensack,NJ,1,3,21,NA,NA,31,0.1613,0.2581,NA,NA,NA,14098,NA,NA,0.8929,NA,NA,NA,PS,PS,NA
490258,American Barber and Beauty Academy,Reading,PA,1,3,13,NA,NA,104,0.8269,0.339,NA,NA,NA,7995,NA,NA,0.4384,NA,NA,NA,11583,11583,NA
490276,Yeshiva Shaar Ephraim,Monsey,NY,3,2,21,NA,NA,113,0,0.0072,14175,14175,22510,13362,5151,1,0,0.55,0.0625,0.0725,PS,PS,NA
490285,California Institute of Arts & Technology,National City,CA,1,3,21,NA,NA,2112,0.161,0.7857,22270,22270,39831,1,5595,0.5371,0.0842,0.625,0.561,0.6491,22209,22209,NA
490294,Elite Cosmetology Barber & Spa Academy,Yakima,WA,1,3,13,NA,NA,118,0.6271,0.4182,NA,NA,NA,30537,NA,NA,0.9239,NA,NA,NA,6966,6966,NA
490300,Cutting Edge Academy,Succasunna,NJ,1,3,21,NA,NA,99,0.8182,0.3085,NA,NA,NA,14883,NA,NA,0.3152,NA,NA,NA,9500,9500,NA
490319,Yeshiva Bais Aharon,Lakewood,NJ,3,2,13,0.8182,NA,25,0,NA,10350,10350,19522,8427,2520,NA,0,0,0,0.1,PS,PS,NA
490328,Mechon L'hoyroa,Monsey,NY,3,2,21,NA,NA,122,0,0.0968,11800,11800,NA,10199,2077,NA,0,NA,NA,NA,PS,PS,NA
490346,Elyon College,Brooklyn,NY,2,2,11,NA,NA,79,0.9747,NA,14620,14620,25960,21364,1833,NA,0,NA,NA,NA,PS,PS,NA
490373,Western Michigan University Homer Stryker M.D. School of Medicine,Kalamazoo,MI,4,2,13,NA,NA,NA,NA,NA,NA,NA,NA,50501,NA,NA,NA,NA,NA,NA,NA,NA,NA
490382,Harmony Health Care Institute,Merrimack,NH,1,3,22,0.8421,NA,153,0.7778,0.8293,NA,NA,NA,16052,NA,NA,0.4128,NA,NA,NA,12685,12685,NA
490391,American Beauty and Trade School,Miami,FL,1,3,21,NA,NA,83,0.9759,0.7625,NA,NA,NA,9552,NA,NA,0.234,NA,NA,NA,PS,PS,NA
490407,Hogan Institute of Cosmetology and Esthetics,Lilburn,GA,1,3,21,NA,NA,69,0.971,0.5352,NA,NA,NA,15755,NA,NA,0.6731,NA,NA,NA,10666,10666,NA
490416,J's Barber College,New Iberia,LA,1,3,31,NA,NA,26,0.3077,0.3478,NA,NA,NA,12235,NA,NA,0.5349,NA,NA,NA,PS,PS,NA
490425,Ann Webb Skin Institute,Austin,TX,1,3,11,NA,NA,121,0.9917,0.4144,NA,NA,NA,9174,NA,NA,0.2911,NA,NA,NA,PS,PS,NA
490434,Apex Academy Hair Skin Nails School of Cosmetology,Ontario,OH,1,3,23,NA,NA,17,1,0.25,NA,NA,NA,21144,NA,NA,0.3793,NA,NA,NA,PS,PS,NA
490443,The Esthetic Institute,Vienna,VA,1,3,21,NA,NA,66,1,0.7103,NA,NA,NA,10384,NA,NA,0.3285,NA,NA,NA,PS,PS,NA
490470,Massage Institute of Memphis,Memphis,TN,1,3,11,NA,NA,29,0.8621,0.65,NA,NA,NA,11638,NA,NA,0.5862,NA,NA,NA,PS,PS,NA
490489,Metro Detroit Barber College,Detroit,MI,1,2,11,NA,NA,59,0.1356,0.5667,NA,NA,NA,6133,NA,NA,0,NA,NA,NA,NA,NA,NA
490498,Digital Media Institute,Shreveport,LA,1,2,12,0.2609,NA,7,0.7143,0.2308,NA,NA,NA,15138,8720,NA,0.2,NA,NA,NA,PS,PS,NA
490504,Yeshiva Ohr Naftoli,New Windsor,NY,3,2,21,1,NA,47,0,NA,10870,10870,21700,37678,7727,NA,0,0.6,0.625,PS,PS,PS,NA
490513,Bais Medrash Mayan Hatorah,Lakewood,NJ,3,2,13,0.6842,NA,36,0,0.08,12000,12000,20700,6761,3623,NA,0,0.625,0.5789,0.6154,PS,PS,NA
490522,Allgood Beauty Institute,Frisco,TX,1,3,21,NA,NA,30,1,0.55,NA,NA,NA,39439,NA,NA,0.7,NA,NA,NA,PS,PS,NA
490531,Ray J's College of Hair,Baton Rouge,LA,1,3,12,NA,NA,41,0.1463,0.6471,NA,NA,NA,10525,NA,NA,0.9688,NA,NA,NA,14896,PS,NA
490674,Manuel and Theresa's School of Hair Design,Brenham,TX,1,3,32,NA,NA,8,0.875,0.25,NA,NA,NA,11318,NA,NA,0.7143,NA,NA,NA,7924,7924,NA
490692,Cincinnati School of Barbering & Hair Design,Cincinnati,OH,1,3,21,NA,NA,48,0.1667,0.625,NA,NA,NA,6754,NA,NA,0,NA,NA,NA,PS,PS,NA
490717,L Makeup Institute,Las Vegas,NV,1,3,11,NA,NA,73,0.8356,0.1579,NA,NA,NA,23349,NA,NA,0.6144,NA,NA,NA,6746,6746,NA
490735,Maestro College,Arlington,TX,1,3,11,NA,NA,72,0.9306,0.5922,NA,NA,NA,15620,NA,NA,0.6712,NA,NA,NA,9500,9500,33559
490744,Northern Technical College,Pine Bluff,AR,1,3,32,NA,NA,8,0.625,0.7667,NA,NA,NA,13222,NA,NA,0.8611,NA,NA,NA,PS,PS,NA
490753,Maine Media College,Rockport,ME,1,2,33,NA,NA,3,0.3333,NA,NA,NA,NA,88110,NA,0.7083,NA,NA,NA,NA,PS,PS,NA
490805,Purdue University Northwest,Hammond,IN,3,1,21,0.7236,1024,5671,0.5278,0.1411,8675,16094,15571,8740,9864,0.9848,0.2532,0.657,0.4291,0.4345,21229,21229,48318
490814,Ross Medical Education Center-Portage,Portage,MI,1,3,13,NA,NA,124,0.9113,0.4681,NA,NA,NA,8193,NA,NA,0.4954,NA,NA,NA,9500,9500,30060
490832,Ross College-Canton,Canton,OH,1,3,21,NA,NA,785,0.9554,0.7093,NA,NA,NA,9144,5235,NA,0.7873,NA,NA,NA,9500,9500,29898
490841,Ross College-Grand Rapids North,Grand Rapids,MI,1,3,21,NA,NA,387,0.9587,0.5693,NA,NA,NA,7559,4113,NA,0.5619,NA,NA,NA,9500,9500,30072
490869,American Institute-Somerset,Somerset,NJ,1,3,21,NA,NA,364,0.5824,0.3869,NA,NA,NA,10182,NA,NA,0.8266,NA,NA,NA,11979,11979,28710
490878,Platt College-Anaheim,Anaheim,CA,2,3,11,NA,NA,498,0.8695,0.3506,14922,14922,28170,17406,6136,0.25,0.7753,NA,0.6436,0.6342,18685,18685,40669
490896,Advantage Career Institute,Eatontown,NJ,1,3,21,NA,NA,161,0.9379,0.5101,NA,NA,NA,9480,NA,NA,0.3923,NA,NA,NA,4856,4856,NA
490948,Bull City Durham Beauty and Barber College,Durham,NC,1,3,11,NA,NA,41,0.3659,0.6563,NA,NA,NA,9367,NA,NA,0.7193,NA,NA,NA,12179,12179,NA
490975,Fortis College-Cutler Bay,Cutler Bay,FL,2,3,21,NA,NA,365,0.8658,0.7542,13806,13806,30421,13682,6779,0.2424,0.8065,NA,NA,NA,13000,13000,34726
491057,Yeshiva Kollel Tifereth Elizer,Brooklyn,NY,3,2,11,0.7368,NA,499,0,0.0456,12300,12300,NA,10099,2649,0.6296,0,NA,0.8,0.3421,PS,PS,NA
491066,Strand Institute of Beauty & Esthetics,Corpus Christi,TX,1,3,11,NA,NA,65,0.9692,0.4085,NA,NA,NA,10809,NA,NA,0.4286,NA,NA,NA,7917,7917,NA
491075,Arkansas Welding Academy,Jacksonville,AR,1,3,21,NA,NA,73,0.1781,0.3514,NA,NA,NA,20642,NA,NA,0.5806,NA,NA,NA,5500,5500,NA
491084,Unitech Training Academy-Baton Rouge,Baton Rouge,LA,1,3,12,NA,NA,72,0.9028,0.4824,NA,NA,NA,15181,NA,NA,0.7873,NA,NA,NA,8721,8721,24707
491136,Empire Beauty School-Tampa,Tampa,FL,1,3,21,NA,NA,111,0.982,0.4409,NA,NA,NA,10495,NA,NA,0.5393,NA,NA,NA,10667,10667,23921
491145,Empire Beauty School-Lakeland,Lakeland,FL,1,3,12,NA,NA,145,0.9586,0.3182,NA,NA,NA,10567,NA,NA,0.5566,NA,NA,NA,10231,10231,23589
491181,Galen College of Nursing-ARH,Hazard,KY,2,3,33,NA,NA,350,0.8371,0.6085,16364,16364,34801,18802,5908,0.7931,0.9198,NA,NA,NA,24166,24166,61480
491190,The Chicago School at San Diego,San Diego,CA,3,2,11,NA,NA,2,1,0.6,21780,21780,NA,27898,7854,NA,0.4,NA,NA,NA,20000,20000,56899
491215,Commercial Divers International,Goodyear,AZ,1,3,21,NA,NA,71,0.0141,0.5957,NA,NA,NA,30259,NA,NA,0.5161,NA,NA,NA,PS,PS,NA
491224,Tricoci University of Beauty Culture-Janesville,Janesville,WI,1,3,13,NA,NA,102,0.9216,0.3333,NA,NA,NA,11080,NA,NA,0.6347,NA,NA,NA,9333,9333,23149
491233,Unlimited Cosmetology School,Hattiesburg,MS,1,3,13,NA,NA,29,1,0.6923,NA,NA,NA,8286,NA,NA,0.2222,NA,NA,NA,PS,PS,NA
491242,Johnny Matthew's Hairdressing Training School,Salem,OR,1,3,12,NA,NA,60,0.4,0.322,NA,NA,NA,13174,NA,NA,0.3333,NA,NA,NA,8297,8297,NA
491251,The Culinary School of Fort Worth,Fort Worth,TX,1,3,11,0.7753,NA,92,0.3804,0.4638,NA,NA,NA,20593,NA,NA,0.2463,NA,NA,NA,9500,9500,NA
491260,Centralia Beauty College,Centralia,WA,1,3,32,NA,NA,90,0.9556,0.1364,NA,NA,NA,4323,NA,NA,0.1953,NA,NA,NA,PS,PS,NA
491288,University of Wisconsin-Milwaukee Flex,Milwaukee,WI,3,1,11,1,NA,543,0.6888,0.8328,NA,NA,NA,2395,11765,0.6,0.2879,NA,NA,NA,23000,23000,54990
491297,University of Wisconsin-Parkside Flex,Kenosha,WI,3,1,41,NA,NA,172,0.564,0.7552,NA,NA,NA,1061,10968,1,0.3566,NA,NA,NA,20492,20492,51129
491394,Miller-Motte College-STVT-Arlington,Arlington,TX,1,3,11,NA,NA,268,0.209,0.6264,NA,NA,NA,8342,NA,NA,0.6981,NA,NA,NA,15917,15917,31102
491446,Bnos Zion Of Bobov Seminary,Brooklyn,NY,1,2,11,0.8818,NA,124,1,NA,10250,10250,23097,9414,NA,NA,0,NA,NA,NA,PS,PS,NA
491464,ABC Adult School,Cerritos,CA,1,1,21,NA,NA,173,0.6763,0.7027,NA,NA,NA,7396,NA,NA,0,NA,NA,NA,PS,PS,NA
491473,Polytech Adult Education,Woodside,DE,1,1,22,NA,NA,590,0.3525,0.4992,NA,NA,NA,3893,NA,NA,0,NA,NA,NA,PS,PS,NA
491525,Union Bible College,Westfield,IN,1,2,21,0.9084,NA,206,0.5388,0.1402,6700,6700,15700,2257,1334,0.2941,0,1,0.5,0.4348,PS,PS,NA
491534,Pets Playground Grooming School,Pompano Beach,FL,1,3,12,NA,NA,22,0.7727,0.5556,NA,NA,NA,8612,NA,NA,0.64,NA,NA,NA,PS,PS,NA
491543,San Bernardino Beauty College,San Bernardino,CA,1,3,12,NA,NA,82,0.8902,0.5584,NA,NA,NA,8823,NA,NA,0.0458,NA,NA,NA,PS,PS,NA
491552,Christina and Company Education Center,Lafayette,IN,1,3,13,NA,NA,44,0.9773,0.2188,NA,NA,NA,6478,NA,NA,0.2477,NA,NA,NA,PS,PS,NA
491570,Institute of Medical Ultrasound,Atlanta,GA,1,3,11,NA,NA,50,1,0.6207,31052,31052,56036,12898,NA,NA,1,NA,NA,NA,20000,20000,NA
491589,Mystros Barber Academy,Houston,TX,1,2,11,NA,NA,50,0.16,0.5714,NA,NA,NA,18821,NA,NA,0.463,NA,NA,NA,PS,PS,NA
491598,European Medical School of Massage,Sinking Spring,PA,1,3,21,NA,NA,37,0.8649,0.7391,NA,NA,NA,18268,NA,NA,1,NA,NA,NA,PS,PS,NA
491613,Yeshiva Gedolah Tiferes Boruch,North Plainfield,NJ,3,2,21,0.8929,NA,81,0,NA,10480,10480,17600,9323,4047,NA,0,0.8421,0.0556,0.0577,PS,PS,NA
491622,Yeshiva Chemdas Hatorah,Lakewood,NJ,2,2,21,0.8,NA,72,0,NA,12150,12150,22180,14904,3794,NA,0,0.7143,0.7619,0.7369,PS,PS,NA
491631,Women's Institute of Torah Seminary and College,Baltimore,MD,3,2,11,0.9796,NA,118,1,0.0052,9780,9780,32300,8606,NA,NA,0,0.913,1,PS,PS,PS,NA
491640,Yeshiva Gedolah Keren Hatorah,Lakewood,NJ,2,2,13,0.8571,NA,181,0,NA,9150,9150,23591,9674,3750,NA,0,0.7949,0.8718,0.775,PS,PS,NA
491659,ICOHS College,San Diego,CA,1,2,11,NA,NA,171,0.3392,0.8698,NA,NA,NA,19291,NA,0.4571,0.2964,NA,NA,NA,6658,6658,NA
491668,Neo-Esthetique European Institute,San Juan,PR,1,3,11,NA,NA,109,0.9633,0.2044,NA,NA,NA,8415,NA,NA,0,NA,NA,NA,PS,PS,NA
491677,Lehigh Valley Barber School,Bethlehem,PA,1,3,13,NA,NA,77,0.3636,0.3962,NA,NA,NA,5941,NA,NA,0.9796,NA,NA,NA,11979,11979,NA
491686,International Barber College,Chandler,AZ,1,3,11,NA,NA,45,0.0667,0.5,NA,NA,NA,10338,NA,NA,0.425,NA,NA,NA,PS,PS,NA
491695,Brown Beauty Barber School,Bessemer,AL,1,3,21,NA,NA,54,0.7037,0.5,NA,NA,NA,5864,NA,NA,0.8472,NA,NA,NA,9833,9833,NA
491701,Rexburg College of Massage Therapy,Rexburg,ID,1,3,32,NA,NA,37,0.8919,0.3898,NA,NA,NA,11319,NA,NA,0.641,NA,NA,NA,PS,PS,NA
491710,Yeshiva Gedolah of Cliffwood,Keyport,NJ,3,2,21,0.7,NA,30,0,NA,8550,8550,17850,5467,7083,NA,0,0.3333,0.1905,0.15,PS,PS,NA
491747,UR Beauty & Barber Academy,Sebring,FL,1,3,13,NA,NA,26,0.7692,0.5833,NA,NA,NA,14996,NA,NA,0.5714,NA,NA,NA,13000,PS,NA
491756,Urban Barber College,Concord,CA,1,3,21,NA,NA,224,0.1563,0.4969,NA,NA,NA,8901,NA,NA,0.6804,NA,NA,NA,12365,12365,NA
491765,Yeshivas Emek Hatorah,Howell,NJ,3,2,41,1,NA,90,0,NA,9750,9750,22250,18252,6792,NA,0,0.9655,0,0.0204,PS,PS,NA
491774,Transitions Career Institute School of Nursing,College Point,NY,1,3,11,NA,NA,186,0.9032,0.7802,NA,NA,NA,11217,NA,NA,0.2899,NA,NA,NA,11366,11366,NA
491783,Wilton Simpson Technical College,Brooksville,FL,1,1,22,NA,NA,155,0.2968,0.3684,NA,NA,NA,768,NA,NA,0,NA,NA,NA,PS,PS,NA
491792,Stacey James Institute,Parker,CO,1,3,21,NA,NA,90,0.9556,0.1618,NA,NA,NA,8968,NA,NA,0.4748,NA,NA,NA,6333,6333,NA
491808,Meridian University,Petaluma,CA,4,3,13,NA,NA,NA,NA,NA,NA,NA,NA,21334,8278,0.0909,NA,NA,NA,NA,NA,NA,NA
491817,Seminary Bnos Chaim,Lakewood,NJ,1,2,13,0.4359,NA,182,1,NA,13150,13150,28911,11654,4661,NA,0,NA,NA,NA,PS,PS,NA
491826,Avenue Academy A Cosmetology Institute,Albuquerque,NM,1,3,11,NA,NA,96,1,0.3402,NA,NA,NA,9463,NA,NA,0.5407,NA,NA,NA,6333,6333,NA
491835,Salon Professional Academy of San Antonio,San Antonio,TX,1,3,11,NA,NA,94,0.9574,0.2456,NA,NA,NA,10926,NA,NA,0.7301,NA,NA,NA,7917,7917,NA
491844,Red Lake Nation College,Red Lake,MN,2,1,43,NA,NA,332,0.6596,0.5448,6640,6640,13164,0,4920,0.4828,0,NA,NA,NA,PS,PS,NA
491853,Princess Institute of Beauty,Reedley,CA,1,3,32,NA,NA,29,1,0.2439,NA,NA,NA,16085,NA,NA,0.7067,NA,NA,NA,8095,8095,NA
491871,Vogue International Academy,Houston,TX,1,3,11,NA,NA,8,1,0.6667,NA,NA,NA,14116,NA,NA,0.6923,NA,NA,NA,PS,PS,NA
491880,Independent Training & Apprenticeship Program,Sacramento,CA,1,3,13,NA,NA,92,0.0217,0.4118,NA,NA,NA,18895,NA,NA,0.6028,NA,NA,NA,PS,PS,NA
491899,Victory Career College,Carson,CA,1,3,13,NA,NA,100,0.93,0.5773,NA,NA,NA,12100,NA,NA,0.5665,NA,NA,NA,6333,6333,NA
491905,Winonah's International School of Cosmetology,Hoover,AL,1,3,21,NA,NA,120,0.9917,0.6182,NA,NA,NA,3976,NA,NA,0.7318,NA,NA,NA,9500,9500,NA
491914,Yeshiva Gedola Tiferes Yerachmiel,Lakewood,NJ,2,2,13,0.5147,NA,177,0,NA,9600,9600,17050,8897,5213,NA,0,0.9545,0.913,0.9,PS,PS,NA
491923,Southeastern Esthetics Institute,Elgin,SC,1,3,12,NA,NA,358,0.9832,0.4182,NA,NA,NA,19116,NA,NA,0.5294,NA,NA,NA,6333,6333,NA
491941,Caris College,Jeffersonville,IN,1,3,21,NA,NA,202,0.9505,0.4603,NA,NA,NA,8745,5766,NA,0.6971,NA,NA,NA,8708,8708,NA
491950,Contra Costa Medical Career College,Antioch,CA,1,3,21,NA,NA,556,0.8273,0.4095,NA,NA,NA,16553,6237,0.4595,0.2828,NA,NA,NA,6333,6333,NA
491978,Another Level Barbering and Cosmetology School,Petersburg,VA,1,3,21,NA,NA,70,0.6571,0.5584,NA,NA,NA,10830,NA,NA,0.8319,NA,NA,NA,11833,11833,NA
491996,The Salon Professional Academy-Georgetown,Georgetown,TX,1,3,13,NA,NA,79,0.9747,0.1667,NA,NA,NA,14889,NA,NA,0.4474,NA,NA,NA,PS,PS,NA
492005,Elite Academy of Hair Design,Bridgeport,OH,1,3,23,NA,NA,61,1,0.2381,NA,NA,NA,15526,NA,NA,0.7103,NA,NA,NA,6837,6837,NA
492023,Americare Technical School,Park Ridge,IL,1,3,21,1,NA,25,0.76,0.9643,20500,20500,NA,9441,NA,NA,0.72,NA,NA,NA,NA,NA,NA
492069,Champion Christian College,Hot Springs,AR,3,2,13,NA,NA,144,0.25,0.0863,11510,11510,20970,12835,2556,0.625,0.4748,0.3548,0,PS,PS,PS,NA
492078,Chicago Professional Center,Prospect Heights,IL,1,3,21,NA,NA,95,0.0105,0.7065,NA,NA,NA,24484,NA,NA,0.0099,NA,NA,NA,NA,NA,NA
492139,DSDT,Detroit,MI,1,3,11,NA,NA,132,0.3636,0.8366,NA,NA,NA,30270,NA,NA,0.125,NA,NA,NA,6333,6333,NA
492148,Elite Beauty College,Muskogee,OK,1,3,32,NA,NA,10,1,0.4375,NA,NA,NA,11238,NA,NA,0.6667,NA,NA,NA,NA,NA,NA
492281,GoodFellas Barber College,Little Rock,AR,1,3,12,NA,NA,32,0.1563,0.7059,NA,NA,NA,12458,NA,NA,0.6415,NA,NA,NA,16500,PS,NA
492306,Escondido Adult School,Escondido,CA,1,1,21,NA,NA,1476,0.6111,0.6462,NA,NA,NA,NA,NA,NA,NA,NA,NA,NA,NA,NA,NA
492315,Poway Adult School,Poway,CA,1,1,21,NA,NA,1459,0.6936,0.8562,NA,NA,NA,NA,NA,NA,NA,NA,NA,NA,NA,NA,NA
492324,Vista Adult School,Vista,CA,1,1,21,NA,NA,1426,0.6971,0.7795,NA,NA,NA,NA,NA,NA,NA,NA,NA,NA,NA,NA,NA
492421,No Grease Barber School,Charlotte,NC,1,3,11,NA,NA,28,0.2143,0.5333,NA,NA,NA,10039,NA,NA,1,NA,NA,NA,12179,12179,NA
492449,Pima Medical Institute-San Marcos,San Marcos,CA,1,3,21,NA,NA,573,0.7714,0.4444,NA,NA,NA,11865,5785,0.274,0.4836,NA,NA,NA,9500,9500,38673
492476,EDP University of Puerto Rico-Villalba,Villalba,PR,2,2,23,0.7565,NA,379,0.715,0.8363,7050,14125,19138,12761,3005,1,0.7722,NA,0.25,PS,14000,14000,22844
492652,KCK Beauty & Barber Academy,Jacksonville,FL,1,3,11,NA,NA,36,0.4444,0.9091,NA,NA,NA,12091,NA,NA,0.4286,NA,NA,NA,PS,PS,NA
492661,California College of Barbering and Cosmetology,Stockton,CA,1,3,11,NA,NA,227,0.815,0.3162,NA,NA,NA,13975,NA,NA,0.6411,NA,NA,NA,6333,6333,NA
492689,Texas Tech University Health Scienes Center El Paso,El Paso,TX,3,1,11,NA,NA,242,0.8347,0.6596,NA,NA,NA,18897,11576,0.7794,0.75,NA,NA,NA,12500,12500,NA
492704,Ponce Health Sciences University-Centro Universitario de San Juan,San Juan,PR,4,3,11,NA,NA,NA,NA,NA,NA,NA,NA,16145,7447,0.4,NA,NA,NA,NA,PS,PS,NA
492722,The College of Health Care Professions-South San Antonio,San Antonio,TX,1,3,11,NA,NA,419,0.8854,0.3077,NA,NA,NA,5492,4336,0.8824,0.7068,NA,NA,NA,9500,9500,33070
492731,Innovate Salon Academy,Ewing,NJ,1,3,21,NA,NA,174,0.8103,0.4183,NA,NA,NA,12942,NA,NA,0.5477,NA,NA,NA,6333,6333,NA
492759,Chamberlain University-Louisiana,Jefferson,LA,3,3,21,1,NA,622,0.9148,0.7311,19975,19975,38480,20822,8978,0.0968,0.6074,0.8571,NA,NA,20919,20919,92405
492801,Drury University-College of Continuing Professional Studies,Springfield,MO,3,2,12,NA,NA,632,0.6377,0.648,8054,8054,19698,12472,5409,NA,0.4777,0.5,0.4324,0.3858,20979,20979,40694
492935,Global Medical & Technical Training Institute,Miami,FL,1,3,11,NA,NA,393,0.8753,0.8015,NA,NA,NA,11732,NA,NA,0.9667,NA,NA,NA,8709,8709,NA
492953,Salon Success Academy-West Covina,West Covina,CA,1,3,21,NA,NA,75,0.9733,0.3537,NA,NA,NA,13831,NA,NA,0.4706,NA,NA,NA,7177,7177,26956
492962,Indiana Institute of Technology-College of Professional Studies,Fort Wayne,IN,3,2,11,NA,NA,2686,0.6005,0.8225,9896,9896,26033,16914,9536,1,0.5917,0.5455,0.28,0.28,26391,26391,47327
493071,Advantage Technical College,San Juan,PR,1,3,11,NA,NA,381,0.7349,0.4664,NA,NA,NA,2496,NA,NA,0,NA,NA,NA,PS,PS,26905
493080,Institute of Culinary Education,Pasadena,CA,1,3,12,NA,NA,553,0.5099,0.5155,NA,NA,NA,30852,5353,0.2667,0.4451,NA,NA,NA,6439,6439,47865
493132,Universal Technical Institute-Bloomfield,Bloomfield,NJ,1,3,21,NA,NA,1428,0.042,0.0742,NA,NA,NA,17998,NA,NA,0.6904,NA,NA,NA,14267,14267,51222
493150,Gould's Academy,Bartlett,TN,1,3,21,NA,NA,135,0.8963,0.2825,NA,NA,NA,10452,NA,NA,0.5309,NA,NA,NA,7767,7767,NA
493372,Urban Academy of Beauty,Rio Rancho,NM,1,3,21,NA,NA,0,0,NA,NA,NA,NA,NA,NA,NA,NA,NA,NA,NA,10556,10556,33273
493451,WellSpring School of Allied Health-Springfield,Springfield,MO,1,3,12,NA,NA,90,0.7778,0.6709,NA,NA,NA,8109,3750,NA,0.8467,NA,NA,NA,7917,7917,29839
493479,Medical Career College of Northern California,Roseville,CA,1,3,12,NA,NA,14,0.5714,0.1,19576,19576,33993,25048,NA,NA,0.6,NA,NA,NA,PS,PS,NA
493488,Premiere International College,Fort Myers,FL,2,3,13,NA,NA,88,0.8523,0.9245,22140,22140,34822,40064,5935,NA,1,NA,NA,NA,NA,NA,NA
493512,San Diego Global Knowledge University,San Diego,CA,1,3,11,NA,NA,173,0.3757,0.6633,13774,13774,NA,9510,NA,NA,0.0408,0.75,0.4545,0.4545,NA,NA,NA
493521,Global Tech College,Toledo,OH,1,3,11,NA,NA,102,0.402,0.619,22184,22184,15497,5701,NA,NA,0.5079,NA,NA,NA,PS,PS,NA
493549,McAllen Careers Institute,McAllen,TX,1,3,12,NA,NA,129,0.1395,0.2564,NA,NA,NA,23403,NA,NA,0.8506,NA,NA,NA,9500,9500,NA
493567,Bellasa Professional Institute,Miami Springs,FL,1,3,21,NA,NA,43,0.9767,0.4222,NA,NA,NA,5855,NA,NA,0,NA,NA,NA,NA,NA,NA
493585,Health and Technology Training Institute,Philadelphia,PA,1,2,11,NA,NA,20,0.9,0.7193,NA,NA,NA,5544,NA,NA,0,NA,NA,NA,PS,PS,NA
493594,Yeshiva of Ocean,Greenfield Park,NY,3,2,42,0.36,NA,63,0,NA,9000,9000,17300,8250,6667,NA,0,0.8824,0.6154,0.7647,PS,PS,NA
493600,Congregation Talmidei Mesivta Tiferes Shmiel Aleksander,Brooklyn,NY,3,2,11,NA,NA,168,0,0.0118,14125,14125,25625,13478,3861,1,0,1,0.2593,0.1892,PS,PS,NA
493628,Pro Beauty Academy,Edison,NJ,1,3,21,NA,NA,67,0.7313,0.56,NA,NA,NA,16523,NA,NA,0.3155,NA,NA,NA,5500,5500,NA
493637,South Eastern Beauty Academy,Paintsville,KY,1,3,33,NA,NA,45,0.9333,0.1053,NA,NA,NA,6993,NA,NA,0,NA,NA,NA,PS,PS,NA
493646,Ohel Margulia Seminary,Monsey,NY,2,2,21,0.9619,NA,280,1,NA,9700,9700,22600,8394,3070,0.4524,0,NA,NA,NA,PS,PS,NA
493664,Yeshivat Hechal Shemuel,Brooklyn,NY,3,2,11,1,NA,65,0,0.1385,12380,12380,25480,7342,12083,NA,0,1,0.5,PS,PS,PS,NA
493673,Professional University Dr. Carlos J. Borrero Rios,Hato Rey,PR,3,3,11,NA,NA,7,0.4286,0.6,6900,6900,NA,13670,2763,NA,NA,NA,NA,NA,PS,PS,NA
493682,American Institute of Healthcare & Technology,Stratford,CT,1,3,21,NA,NA,100,0.91,0.617,NA,NA,NA,14641,NA,NA,0.1315,NA,NA,NA,7125,PS,NA
493691,Premier Academy of Cosmetology,McAlester,OK,1,3,33,NA,NA,49,1,0.5,NA,NA,NA,9167,NA,NA,0.6316,NA,NA,NA,PS,PS,NA
493707,Yeshiva Gedolah of Woodlake Village,Lakewood,NJ,2,2,21,0.8372,NA,87,0,NA,9030,9030,22130,13143,5059,NA,0,0.7143,0.6087,0.561,PS,PS,NA
493716,Yeshiva Gedola Tiferes Yaakov Yitzchok,Lakewood,NJ,2,2,21,0.7667,NA,71,0,NA,13700,13700,NA,12775,3590,NA,0,0.8947,0.8667,0.8889,PS,PS,NA
493743,Houston Barber School,Houston,TX,1,3,21,NA,NA,264,0.2803,0.6356,NA,NA,NA,7844,NA,NA,0.6317,NA,NA,NA,10667,10667,NA
493752,Health-Tech Institute of Memphis,Memphis,TN,1,3,11,NA,NA,8,1,0.5,NA,NA,NA,23000,NA,NA,0,NA,NA,NA,PS,PS,NA
493761,MIXED Institute of Cosmetology & Barber,Sacramento,CA,1,3,21,NA,NA,138,0.6232,0.482,NA,NA,NA,12688,NA,NA,0.5105,NA,NA,NA,9833,9833,NA
493770,Vski Cosmetology School,Charleston,SC,1,2,12,NA,NA,31,1,0.3333,NA,NA,NA,5851,NA,NA,0.5714,NA,NA,NA,PS,PS,NA
493798,New York Seminary,Brooklyn,NY,2,2,11,0.7602,NA,97,1,NA,12750,12750,22983,14423,NA,NA,0,NA,NA,NA,PS,PS,NA
493804,Deluxe Barber College,San Antonio,TX,1,3,11,NA,NA,94,0.1596,0.4951,NA,NA,NA,8940,NA,NA,0.6433,NA,NA,NA,6500,6500,NA
493813,Falcon Institute of Health and Science,Bethlehem,PA,1,3,13,1,NA,137,0.927,0.7258,NA,NA,NA,10964,NA,NA,0.8228,NA,NA,NA,17083,17083,NA
493822,College Unbound,Providence,RI,3,2,12,NA,NA,491,0.7128,0.8878,11016,11016,27138,7103,NA,NA,0.6509,0.8571,NA,NA,12500,PS,NA
493868,A Better U Beauty Barber Academy,Albuquerque,NM,1,3,11,NA,NA,46,0.3913,0.5,NA,NA,NA,4055,NA,NA,0.5618,NA,NA,NA,PS,PS,NA
493895,SANS Technology Institute,North Bethesda,MD,1,3,13,NA,NA,762,0.1207,0.8755,NA,NA,NA,26088,NA,0.0061,0,NA,NA,NA,NA,NA,NA
493910,Tuana European Beauty Academy,Fort Collins,CO,1,3,12,NA,NA,42,1,0.3333,NA,NA,NA,7214,NA,NA,0.5,NA,NA,NA,NA,NA,NA
493947,Idaho College of Osteopathic Medicine,Meridian,ID,4,3,21,NA,NA,NA,NA,NA,NA,NA,NA,61897,NA,NA,NA,NA,NA,NA,NA,NA,NA
493956,Cal Northern School of Law,Chico,CA,4,3,12,NA,NA,NA,NA,NA,NA,NA,NA,8581,NA,NA,NA,NA,NA,NA,NA,NA,NA
493974,College of Athens,Watkinsville,GA,2,2,22,NA,NA,44,0.2727,0.1972,9050,9050,NA,3405,3158,NA,0,1,NA,NA,NA,NA,NA
493992,Southern Careers Institute-Waco,Waco,TX,1,3,12,NA,NA,185,0.8973,0.561,NA,NA,NA,11395,4422,0.3077,0.5869,NA,NA,NA,8708,8708,27035
494010,Ponce Health Sciences University-St Louis,St. Louis,MO,4,3,11,NA,NA,NA,NA,NA,NA,NA,NA,47792,5956,0.6667,NA,NA,NA,NA,PS,PS,NA
494029,Lil Lou's Beauty and Barber College-Hammond,Hammond,IN,1,3,21,NA,NA,26,0.1923,0.4583,NA,NA,NA,9223,NA,NA,0.7059,NA,NA,NA,14302,14302,NA
494162,Arizona College of Nursing-Dallas,Dallas,TX,3,3,11,1,NA,588,0.9031,0.6397,23987,23987,43045,20606,7414,0.2029,0.8179,0.6875,NA,NA,9500,9500,34657
494232,The Salon Professional Academy-Washington DC,Washington,DC,1,3,11,NA,NA,117,0.9744,0.547,NA,NA,NA,11480,NA,NA,0.1747,NA,NA,NA,6333,6333,20809
494250,Valley College-Cleveland,Cleveland,OH,1,2,21,NA,NA,887,0.9425,0.6722,NA,NA,NA,10220,6467,NA,0.8275,NA,NA,NA,9500,9500,24900
494278,EDP University of Puerto Rico-Humacao,Humacao,PR,2,2,21,0.5952,NA,325,0.7846,0.7658,7050,14125,19625,9761,2974,1,0.6022,1,NA,NA,14000,14000,22844
494287,EDP University of Puerto Rico-Manati,Manati,PR,2,2,21,0.6818,NA,468,0.7222,0.8463,7050,14125,17523,10615,3035,1,0.6236,1,NA,NA,14000,14000,22844
494357,UEI College-Sacramento,Sacramento,CA,1,3,21,NA,NA,1217,0.4462,0.3821,NA,NA,NA,10017,NA,NA,0.7778,NA,NA,NA,9500,9500,30848
494436,Fortis Institute-Cookeville,Cookeville,TN,2,3,33,NA,NA,334,0.8054,0.6213,15120,15120,31248,11948,5941,0.4643,0.8431,NA,NA,NA,13000,13000,34509
494463,Derech Hachaim Seminary,Monroe,NY,1,2,13,0.9328,NA,300,1,NA,11000,11000,24100,7032,NA,NA,0,NA,NA,NA,PS,PS,NA
494472,Evvaylois Academy School of Beauty,Brenham,TX,1,2,32,NA,NA,14,0.9286,0.3571,NA,NA,NA,9338,NA,NA,0.65,NA,NA,NA,PS,PS,NA
494524,Avenue Five Institute-South Austin Campus,Austin,TX,1,3,11,NA,NA,139,0.9784,0.3588,NA,NA,NA,11119,NA,NA,0.6569,NA,NA,NA,7917,7917,30280
494542,Sattler College,Boston,MA,3,2,11,0.6905,1190,57,0.3158,0.1552,787,787,NA,1435,8598,0.7,0,0.75,0.8125,PS,NA,NA,NA
494588,Pima Medical Institute-San Antonio,San Antonio,TX,1,3,11,NA,NA,424,0.8255,0.4516,NA,NA,NA,7979,4307,0.5122,0.547,NA,NA,NA,9500,9500,38673
494603,The Southwestern Baptist Theological Seminary,Fort Worth,TX,1,2,11,0.5771,NA,324,0.3488,0.4274,11934,11934,NA,7665,7144,1,0,0.835,0.2817,0.323,NA,NA,NA
494621,Lotus Professional College,Richmond,VA,1,3,21,NA,NA,171,0.924,0.7197,NA,NA,NA,13234,4333,NA,0.5525,NA,NA,NA,PS,PS,NA
494630,Christ Mission College,San Antonio,TX,3,2,21,1,NA,32,0.5,0.2326,8806,8806,18421,8656,NA,NA,0,0.6667,0.5,0.3871,PS,PS,NA
494649,Esteem Academy of Beauty,South Ogden,UT,1,3,21,NA,NA,56,0.9821,0.5172,NA,NA,NA,13326,NA,NA,0.3587,NA,NA,NA,PS,PS,NA
494658,KC Beauty Academy,Los Angeles,CA,1,3,11,NA,NA,41,0.9756,0.3673,NA,NA,NA,17145,NA,NA,0.6404,NA,NA,NA,PS,PS,NA
494685,Urshan University,Wentzville,MO,3,2,21,0.8378,988,472,0.5953,0.1732,8756,8756,17175,13373,4452,NA,0.4553,0.6304,0.4483,0.4898,PS,PS,NA
494694,Texas Healthtech Institute,Beaumont,TX,1,3,12,NA,NA,150,0.98,0.5783,NA,NA,NA,7516,5778,NA,0.5714,NA,NA,NA,6967,6967,NA
494700,Xtylo Beauty and Barber College,Phoenix,AZ,1,3,11,NA,NA,57,0.9825,0.5714,NA,NA,NA,9605,NA,NA,0.0758,NA,NA,NA,PS,PS,NA
494719,Tonsorial Arts Barber College,Texarkana,TX,1,3,13,NA,NA,170,0.5471,0.729,NA,NA,NA,11701,NA,NA,0.8819,NA,NA,NA,10667,PS,NA
494728,Michael's Barber & Hair Stylist Academy,Irving,TX,1,3,11,NA,NA,42,0.2857,0.5306,NA,NA,NA,7890,NA,NA,0.8514,NA,NA,NA,PS,PS,NA
494737,Yeshiva Yesoda Hatorah Vetz Chaim,Brooklyn,NY,3,2,11,NA,NA,223,0,0.0098,14000,14000,24473,40339,4333,1,0,1,0.4286,0.383,PS,PS,NA
494746,North-West College-San Diego,San Diego,CA,2,3,11,NA,NA,636,0.7987,0.7495,NA,NA,NA,19674,8604,NA,0.69,1,NA,NA,9500,9500,41472
494755,West Virginia Junior College-United Career Institute,Irwin,PA,1,3,21,NA,NA,61,0.9344,0.5965,14798,14798,25440,32937,5667,NA,0.9298,NA,NA,NA,9881,9881,31912
494764,Aviation Institute of Maintenance-Charlotte,Charlotte,NC,1,3,11,NA,NA,344,0.125,0.4717,16657,16657,30005,14979,NA,NA,0.7358,NA,NA,NA,29773,29773,42759
494843,Fortis College-Landover,Landover,MD,1,3,21,NA,NA,566,0.8975,0.4705,16522,16522,33587,10302,5757,0.5714,0.6127,NA,NA,NA,9500,9500,36920
494852,Stautzenberger College-Rockford Career College,Rockford,IL,1,3,12,NA,NA,682,0.7023,0.5648,16699,16699,28452,12221,5583,0.6909,0.8677,NA,NA,NA,14302,14302,34104
494898,WellSpring School of Allied Health-Wichita,Wichita,KS,2,3,11,NA,NA,58,0.8966,0.7463,NA,NA,NA,8575,4167,NA,0.8065,NA,NA,NA,7917,7917,29839
494904,Access Careers-Islandia,Islandia,NY,1,3,21,NA,NA,312,0.8269,0.6465,NA,NA,NA,13209,NA,NA,0.0165,NA,NA,NA,5500,5500,NA
494959,Northern Pennsylvania Regional College,Warren,PA,2,1,33,NA,NA,75,0.84,0.37,4440,8880,NA,9724,5064,0.1875,0,NA,NA,NA,NA,NA,NA
494986,Apex College of Veterinary Technology,Colorado Springs,CO,2,3,11,NA,NA,27,0.9259,0.4333,13850,13850,25950,22309,4688,NA,0.5667,NA,NA,NA,NA,NA,NA
494995,Meryma'at Barber College,Cleveland,OH,1,3,11,NA,NA,48,0.0208,0.4902,NA,NA,NA,6236,NA,NA,0,NA,NA,NA,NA,NA,NA
495013,Western Maricopa Education Center,Glendale,AZ,1,1,21,NA,NA,245,0.2245,0.3318,NA,NA,NA,9151,NA,NA,0.1597,NA,NA,NA,PS,PS,NA
495031,Bais Medrash of Dexter Park,Chestnut Ridge,NY,3,2,21,0.6923,NA,51,0,0.4091,11500,11500,36000,3508,3083,NA,0,1,0.7143,PS,PS,PS,NA
495040,Makana Esthetics Wellness Academy,Honolulu,HI,1,3,11,NA,NA,50,0.96,0.4559,NA,NA,NA,13848,NA,NA,0.4407,NA,NA,NA,PS,PS,NA
495059,Oak Valley College,Rialto,CA,3,2,21,NA,NA,75,0.4667,0.1346,24180,24180,33587,9293,7500,NA,0,0.8182,NA,0.4167,PS,PS,NA
495077,Paul Mitchell the School-San Jose,San Jose,CA,1,3,11,NA,NA,91,0.9451,0.3519,NA,NA,NA,13883,NA,NA,0.8118,NA,NA,NA,PS,PS,NA
495101,Zion Massage College,St. George,UT,1,3,12,NA,NA,56,0.875,0.5781,NA,NA,NA,12745,NA,NA,0.3864,NA,NA,NA,PS,PS,NA
495110,Marine Trades Institute,Cedarville,MI,1,2,43,NA,NA,26,0.1538,0.2857,25470,25470,37249,20595,NA,NA,0.5714,NA,NA,NA,PS,PS,NA
495129,Austin Career Institute LLC,Austin,TX,1,3,11,NA,NA,102,0.1275,0.4118,NA,NA,NA,6522,NA,NA,0.5436,NA,NA,NA,PS,PS,NA
495147,Pacific Northwest Christian College,Kennewick,WA,2,2,13,NA,NA,129,0.1938,0.0388,11350,11350,18371,7846,5778,NA,0.5271,NA,NA,NA,PS,PS,NA
495174,Hollywood Cultural College,Los Angeles,CA,1,3,11,NA,NA,38,0.5526,0.9143,NA,NA,NA,3655,NA,NA,0.1154,NA,NA,NA,PS,PS,NA
495183,Mariano Moreno Culinary Institute,Miami,FL,1,3,11,NA,NA,108,0.6019,0.5177,NA,NA,NA,10407,NA,NA,0.3944,NA,NA,NA,PS,PS,NA
495192,Alder Graduate School of Education,Redwood City,CA,4,2,13,NA,NA,NA,NA,NA,NA,NA,NA,12338,10881,0.1644,NA,NA,NA,NA,NA,NA,NA
495208,Webb's Barber School of Arts,Macon,GA,1,3,12,NA,NA,16,0.25,0.8333,NA,NA,NA,7714,NA,NA,0.3333,NA,NA,NA,PS,PS,NA
495217,Adrian H. Wallace Barber Academy,Pensacola,FL,1,3,13,NA,NA,33,0.2424,0.6897,NA,NA,NA,9724,NA,NA,0.3793,NA,NA,NA,PS,PS,NA
495226,St. Louis Med Tech,St. Louis,MO,1,2,21,NA,NA,12,1,0.5556,11500,11500,NA,12676,NA,NA,0.5556,NA,NA,NA,NA,NA,NA
495235,Total Beauty Institute,Jacksonville,FL,1,2,11,NA,NA,10,1,0.5217,NA,NA,NA,10598,NA,NA,0.9444,NA,NA,NA,PS,PS,NA
495244,Pearlands Innovative School of Beauty,Pearland,TX,1,3,21,NA,NA,69,0.913,0.5714,NA,NA,NA,9638,NA,NA,0.767,NA,NA,NA,PS,PS,NA
495253,Durant Institute of Hair Design,Durant,OK,1,3,32,NA,NA,41,0.9024,0.3415,NA,NA,NA,9716,NA,NA,0.3385,NA,NA,NA,PS,PS,NA
495262,Premiere Aesthetics Institute,Bend,OR,1,3,12,NA,NA,45,1,0.1731,NA,NA,NA,15757,NA,NA,0.2903,NA,NA,NA,PS,PS,NA
495271,California Indian Nations College,Palm Desert,CA,2,1,13,NA,NA,142,0.8521,0.6719,7743,7743,NA,0,5720,0.2,0,NA,NA,NA,NA,NA,NA
495280,Indian Bible College,Flagstaff,AZ,2,2,13,NA,NA,25,0.36,0.5455,7980,7980,17684,6737,5710,NA,0,NA,0.6,PS,NA,NA,NA
495299,Florida Professional Institute,Miami,FL,1,3,21,NA,NA,117,0.6838,0.875,NA,NA,NA,12197,NA,NA,0.6915,NA,NA,NA,NA,NA,NA
495305,The Professional Cosmetology Academy,Laredo,TX,1,3,11,NA,NA,146,0.863,0.275,NA,NA,NA,7523,NA,NA,0.6904,NA,NA,NA,PS,PS,NA
495314,Hackensack Meridian School of Medicine,Nutley,NJ,4,2,21,NA,NA,NA,NA,NA,NA,NA,NA,57538,NA,NA,NA,NA,NA,NA,NA,NA,NA
495341,Taylor Andrews Academy of Hair Design-Hair Lab Detroit Barber School,Southgate,MI,1,3,21,NA,NA,57,0.2632,0.4151,NA,NA,NA,9281,NA,NA,0.8333,NA,NA,NA,10556,10556,36048
495369,Paul Mitchell the School-Fort Lauderdale,Plantation,FL,1,3,21,NA,NA,64,0.9688,0.4444,NA,NA,NA,13192,NA,NA,0.6504,NA,NA,NA,6650,6650,NA
495378,PCI Academy-Iowa City,Iowa City,IA,1,3,13,NA,NA,113,0.9823,0.2233,NA,NA,NA,12824,NA,NA,0.5633,NA,NA,NA,5828,5828,31330
495387,Larry's Barber College,Chicago,IL,1,3,11,NA,NA,29,0.1724,0.1667,NA,NA,NA,14651,NA,NA,0.6102,NA,NA,NA,3945,3945,NA
495411,Paul Mitchell the School-Provo,Provo,UT,1,3,12,NA,NA,147,0.8707,0.163,NA,NA,NA,11188,NA,NA,0.3944,NA,NA,NA,9917,9917,27407
495420,Arizona College of Nursing-Tampa,Tampa,FL,3,3,11,1,NA,335,0.8866,0.5638,23093,23093,41613,23430,7295,0.1875,0.8193,0.5,NA,NA,9500,9500,34657
495439,Arizona College of Nursing-Fort Lauderdale,Fort Lauderdale,FL,3,3,12,NA,NA,428,0.9252,0.6238,25973,25973,NA,23991,7881,0.1563,0.8442,NA,NA,NA,9500,9500,34657
495448,Arizona College of Nursing-Tucson,Tucson,AZ,3,3,11,1,NA,562,0.8772,0.7226,24944,24944,41932,24487,7884,0.2407,0.7715,0.5,NA,NA,9500,9500,34657
495457,Arizona College of Nursing-Phoenix,Phoenix,AZ,3,3,11,1,NA,1229,0.8845,0.6337,26041,26041,42097,22829,7650,0.2571,0.8125,0.6786,NA,NA,9500,9500,34657
495518,Empire Beauty School-Newport News,Newport News,VA,1,3,12,NA,NA,92,0.9674,0.4103,NA,NA,NA,10482,NA,NA,0.4765,NA,NA,NA,10667,10667,23921
495730,Tricoci University of Beauty Culture-Normal,Normal,IL,1,3,22,NA,NA,171,0.9766,0.2065,NA,NA,NA,14034,NA,NA,0.5833,NA,NA,NA,7307,7307,26236
495794,Paul Mitchell the School-Murfreesboro-Nashville,Hendersonville,TN,1,3,21,NA,NA,237,0.9747,0.4286,NA,NA,NA,12978,NA,NA,0.4756,NA,NA,NA,7917,7917,30461
495837,Dorsey College-Woodhaven,Woodhaven,MI,1,3,21,NA,NA,223,0.6861,0.6179,16990,16990,35532,21513,NA,NA,0.7028,NA,NA,NA,13000,13000,29392
495916,Pathways College,Tempe,AZ,3,2,11,NA,NA,196,0.6684,0.0741,NA,NA,NA,339,4167,NA,0,NA,NA,NA,NA,NA,NA
495934,San Joaquin Valley College-Delano,Delano,CA,1,3,32,NA,NA,69,0.9275,0.2771,NA,NA,NA,12784,NA,NA,0.8516,NA,NA,NA,10674,10674,38317
495952,San Joaquin Valley College-Rancho Mirage,Rancho Mirage,CA,1,3,21,NA,NA,305,0.482,0.5615,NA,NA,NA,18061,9037,0.425,0.6557,NA,NA,NA,10674,10674,38317
495961,San Joaquin Valley College-Santa Maria,Santa Maria,CA,1,3,12,NA,NA,114,0.8684,0.3926,NA,NA,NA,14134,8330,NA,0.722,NA,NA,NA,10674,10674,38317
495970,Advantage Technical College-Aguadilla,Aguadilla,PR,1,3,13,NA,NA,263,0.7452,0.5139,NA,NA,NA,3860,NA,NA,0,NA,NA,NA,PS,PS,26905
495998,San Joaquin Valley College-Porterville,Porterville,CA,1,3,23,NA,NA,78,0.8846,0.3367,NA,NA,NA,10941,NA,NA,0.8425,NA,NA,NA,10674,10674,38317
496043,California University of Science and Medicine,Colton,CA,4,2,21,NA,NA,NA,NA,NA,NA,NA,NA,58849,NA,1,NA,NA,NA,NA,NA,NA,NA
496052,Ruben's Five Star Academy,Lake Wales,FL,1,3,21,NA,NA,22,0.2273,0.1818,NA,NA,NA,8470,NA,NA,0.6757,NA,NA,NA,PS,PS,NA
496283,Provo College-Idaho Falls Campus,Idaho Falls,ID,3,3,13,NA,NA,257,0.8988,0.6386,19068,19068,39585,15511,8054,0.5714,0.4458,0.4,NA,NA,41733,41733,39645
496326,Eagle Gate College-Boise Campus,Boise,ID,3,3,12,NA,NA,594,0.904,0.6673,19068,19068,35847,13981,7396,0.5536,0.4677,0.5625,NA,NA,43021,43021,37518
496371,Elite Welding Academy South Point,South Point,OH,1,3,22,NA,NA,29,0.0345,0.4118,NA,NA,NA,18178,NA,NA,0.4286,NA,NA,NA,9483,9483,NA
496399,Agape College of Business and Science,Fresno,CA,1,2,11,NA,NA,43,0.7442,0.561,25672,25672,23049,1351,1970,NA,0,1,0.7778,0.8286,NA,NA,NA
496405,Newlane University,Lehi,UT,2,3,13,NA,NA,NA,NA,NA,NA,NA,NA,NA,NA,NA,NA,NA,NA,NA,NA,NA,NA
496423,Zorganics Institute of Beauty and Wellness,Bellingham,WA,1,3,13,NA,NA,35,0.9714,0.1818,NA,NA,NA,6833,NA,NA,0.5429,NA,NA,NA,NA,NA,NA
496469,Daybreak University,Anaheim,CA,4,2,11,NA,NA,NA,NA,NA,NA,NA,NA,11706,5889,NA,NA,NA,NA,NA,NA,NA,NA
496478,Motion Picture Institute,Troy,MI,1,3,13,0.8966,NA,53,0.3585,0.2143,NA,NA,NA,13275,NA,NA,0.4128,NA,NA,NA,NA,NA,NA
496539,The  Salon Professional Academy of Holland,Holland,MI,1,3,22,NA,NA,82,1,0.125,NA,NA,NA,12994,NA,NA,0.2672,NA,NA,NA,NA,NA,NA
496575,Dymond Designs Beauty School,Detroit,MI,1,3,11,NA,NA,28,1,0.6087,NA,NA,NA,13101,NA,NA,0.6281,NA,NA,NA,NA,NA,NA
496618,National Institute for Medical Assistant Advancement (NIMAA),Denver,CO,1,2,11,0.2938,NA,194,0.9794,0.5419,NA,NA,NA,4827,NA,NA,0.1261,NA,NA,NA,NA,NA,NA
496627,California Northstate University,Elk Grove,CA,3,3,21,0.9247,NA,37,0.5676,0.0423,57463,57463,NA,60753,11611,0.4833,0,0.8571,1,0.9481,NA,NA,NA
496636,Antigua College International,Miami Lakes,FL,2,3,21,NA,NA,251,0.8008,0.8872,13400,13400,29450,15278,7077,0.375,1,0.3333,NA,NA,NA,NA,NA
496645,Burlington County Institute of Technology-Adult Education,Westampton,NJ,1,1,41,NA,NA,96,0.5729,0.516,NA,NA,NA,5222,NA,NA,0.0604,NA,NA,NA,NA,NA,NA
496654,Sri Sai Krish Institute,ORANGE,CA,2,3,12,NA,NA,61,0.6721,0.75,64500,64500,NA,25498,6833,NA,0,NA,NA,NA,NA,NA,NA
496663,Riggins Urban Barber College,San Diego,CA,1,3,11,NA,NA,85,0.2235,0.1395,NA,NA,NA,9230,NA,NA,0.7634,NA,NA,NA,NA,NA,NA
496672,Hair Arts Institute,Oklahoma City,OK,1,3,11,NA,NA,38,0.8158,0.4063,NA,NA,NA,11617,NA,NA,0.6078,NA,NA,NA,NA,NA,NA
496681,Florida Academy of Nursing,Miramar,FL,1,3,21,0.0549,NA,21,0.9524,0.9444,NA,NA,NA,4966,5083,NA,0.3732,NA,NA,NA,NA,NA,NA
496690,Body Wisdom Massage Therapy School,Urbandale,IA,1,3,21,NA,NA,45,0.7556,0.6389,NA,NA,NA,18446,NA,NA,0.1094,NA,NA,NA,NA,NA,NA
496715,CTK Healthcare & Career Institute,Irving,TX,1,3,11,NA,NA,114,0.8509,0.4889,NA,NA,NA,15833,NA,NA,0.5194,NA,NA,NA,NA,NA,NA
496724,Aesthetics Institute,St. Louis,MO,1,3,21,NA,NA,28,1,0.3125,NA,NA,NA,15914,NA,NA,0.1613,NA,NA,NA,NA,NA,NA
496733,Sierra Academy of Style,Carson City,NV,1,3,13,NA,NA,160,0.9625,0.3298,NA,NA,NA,12214,NA,NA,0.5901,NA,NA,NA,NA,NA,NA
496751,Institute of Allied Healthcare,San Antonio,TX,1,3,11,NA,NA,60,0.8333,0.6087,NA,NA,NA,5405,NA,NA,0.0673,NA,NA,NA,NA,NA,NA
496803,NewU University,Washington,DC,3,2,11,NA,NA,34,0.4412,0.0345,16500,16500,NA,4956,6000,NA,NA,0.6429,NA,NA,NA,NA,NA
496894,Branford Academy of Hair & Cosmetology-Bridgeport,Bridgeport,CT,1,3,12,NA,NA,32,0.9375,0.8889,NA,NA,NA,9739,NA,NA,0.1818,NA,NA,NA,6333,6333,NA
496919,United Education Institute-Las Vegas,Las Vegas,NV,1,3,12,NA,NA,855,0.4164,0.4352,NA,NA,NA,10254,NA,NA,0.7527,NA,NA,NA,9500,9500,30848
496955,UEI College-Mesa,Mesa,AZ,1,3,11,NA,NA,657,0.3866,0.4796,NA,NA,NA,9487,NA,NA,0.8028,NA,NA,NA,9500,9500,31141
496964,Larry's Barber College-Joliet,Joliet,IL,1,3,21,NA,NA,27,0.037,0.1818,NA,NA,NA,12096,NA,NA,0.5185,NA,NA,NA,3945,3945,NA
496973,Herzing University-Tampa,Tampa,FL,2,2,21,0.8966,NA,251,0.8964,0.7089,13450,13450,27494,12461,7694,0.1724,0.7975,1,NA,NA,21500,21500,36909
496991,Galen Health Institutes-Miami Campus,Pembroke Pines,FL,2,3,21,NA,NA,813,0.8807,0.7764,17048,17048,34872,14886,7512,0.6627,0.8583,0.5,NA,NA,24166,24166,61480
497037,Abilene Christian University-Undergraduate Online,Addison,TX,3,2,21,1,NA,1219,0.8294,0.6917,14520,14520,30295,10177,NA,NA,0.7996,0.4762,NA,NA,24250,24250,55736
497046,Madera Community College,Madera,CA,2,1,41,NA,NA,4808,0.6577,0.2891,1378,8638,15639,403,11791,0.3684,0.0029,NA,NA,NA,NA,NA,NA
497073,Ogle School Hair Skin Nails-Willowbrook,Houston,TX,1,3,11,NA,NA,481,0.9667,0.6399,NA,NA,NA,15037,NA,NA,0.6083,NA,NA,NA,7917,7917,31488
497116,Galen Health Institutes-Austin Campus,Round Rock,TX,2,3,21,NA,NA,1161,0.8898,0.783,17048,17048,34872,12148,7156,0.6204,0.8146,0.52,NA,NA,24166,24166,61480
497125,Galen Health Institutes-Nashville Campus,Nashville,TN,2,3,11,NA,NA,1027,0.9182,0.7759,17048,17048,35603,14041,6700,0.6087,0.8257,0.6154,NA,NA,24166,24166,61480
497161,Ohio Business College-Dayton-Driving Academy,Trotwood,OH,1,3,21,NA,NA,170,0.1353,0.8254,NA,NA,NA,12030,NA,NA,0.055,NA,NA,NA,12416,12416,30389
497189,The Rapha School,Home,PA,1,3,42,NA,NA,27,0.963,0.7255,NA,NA,NA,11185,NA,NA,0.3293,NA,NA,NA,NA,NA,NA
497198,Academy of Allied Health Careers,Chattanooga,TN,1,3,12,NA,NA,194,0.9381,0.6071,NA,NA,NA,10514,NA,NA,0.2416,NA,NA,NA,NA,NA,NA
497204,Mei Barber School,Brownsville,TX,1,3,12,NA,NA,91,0.2088,0.4792,NA,NA,NA,12772,NA,NA,0.1167,NA,NA,NA,NA,NA,NA
497213,Great Northern University,Spokane,WA,3,2,12,1,NA,48,0.6042,0.25,18300,18300,28405,13637,5600,NA,0.25,1,0.5,PS,NA,NA,NA
497222,Salon Professional Academy-Elevate Salon Institute,Miami Beach,FL,1,3,13,NA,NA,59,0.9322,0.7091,NA,NA,NA,15310,NA,NA,0.6575,NA,NA,NA,7528,7528,16515
497268,Arizona College of Nursing-Salt Lake City,Murray,UT,3,3,13,1,NA,306,0.8987,0.6285,22587,22587,41871,23433,7957,0.2143,0.8173,0.6,NA,NA,9500,9500,34657
497277,Arizona College-Glendale,Glendale,AZ,1,3,21,NA,NA,403,0.8586,0.5529,18835,18835,34393,10937,5081,0.4545,0.7795,NA,NA,NA,9500,9500,34657
497286,Universal Technical Institute-West Texas,Austin,TX,1,3,11,NA,NA,1335,0.0727,0.1759,NA,NA,NA,18786,6251,NA,0.6324,NA,NA,NA,14267,14267,51222
497301,Avalon Institute-Las Vegas,Las Vegas,NV,1,3,21,NA,NA,304,0.9408,0.2661,NA,NA,NA,12288,NA,NA,0.8295,NA,NA,NA,6332,6332,30803
497310,Medspa Academies-National Institute of Modern Aesthetics,Las Vegas,NV,1,3,21,NA,NA,215,0.986,0.5682,NA,NA,NA,19085,NA,NA,0.4649,NA,NA,NA,PS,PS,NA
497329,American Institute-Cherry Hill,Cherry Hill,NJ,1,3,21,NA,NA,390,0.8051,0.46,NA,NA,NA,11130,NA,NA,0.9506,NA,NA,NA,11979,11979,28710
497338,Glendale Career College-North-West College-Bakersfield,Bakersfield,CA,2,3,11,NA,NA,493,0.8661,0.5995,NA,NA,NA,20141,5997,NA,0.7823,NA,NA,NA,9500,9500,41472
497356,Barber Education Academy,Laredo,TX,1,3,11,NA,NA,37,0.3514,0.5116,NA,NA,NA,4930,NA,NA,0,NA,NA,NA,NA,NA,NA
497365,Legends Barber College,Lufkin,TX,1,3,33,NA,NA,26,0.2308,0.5,NA,NA,NA,4037,NA,NA,0.5893,NA,NA,NA,NA,NA,NA
497374,Academia Medical Institute,Columbus,OH,1,3,11,0.6427,NA,466,0.8755,0.6992,19150,19150,26460,13942,NA,NA,0.7143,NA,NA,NA,NA,NA,NA
497383,Barbers Trade School,Beaumont,TX,1,3,12,NA,NA,9,0.1111,NA,NA,NA,NA,7492,NA,NA,1,NA,NA,NA,NA,NA,NA
497392,Top of the Line Barber School,San Antonio,TX,1,3,11,NA,NA,86,0.1744,0.6122,NA,NA,NA,14257,NA,NA,0.7625,NA,NA,NA,NA,NA,NA
497408,Bridges Christian College,New Orleans,LA,3,2,11,NA,NA,163,0.5153,0.5273,6600,6600,14180,2304,NA,NA,0,0.5,0,PS,NA,NA,NA
497417,Kino College,Tucson,AZ,1,3,21,NA,NA,64,0.9219,0.4483,NA,NA,NA,11271,NA,NA,0.7581,NA,NA,NA,NA,NA,NA
497426,Salon Professional Academy,Howell,NJ,1,3,21,NA,NA,237,0.9114,0.3077,NA,NA,NA,12455,NA,NA,0.3071,NA,NA,NA,NA,NA,NA
497435,Southern California College of Barber and Beauty,Escondido,CA,1,3,21,NA,NA,59,0.678,0.5467,NA,NA,NA,15892,NA,NA,0.5766,NA,NA,NA,NA,NA,NA
497444,Hello Gorgeous Barbers Stillwater's School of Barbering,Stillwater,OK,1,3,32,NA,NA,31,0.7097,0.4211,NA,NA,NA,9541,NA,NA,0.4839,NA,NA,NA,NA,NA,NA
497453,Jackson Theological Seminary,North Little Rock,AR,4,2,13,NA,NA,1,0,1,NA,NA,NA,6042,1183,NA,NA,NA,NA,NA,NA,NA,NA
497462,Redeemers University North America,Greenville,TX,3,2,42,0.4,NA,6,0.5,1,7000,7000,NA,6464,5833,NA,0,NA,NA,NA,NA,NA,NA
497471,Personal Touch Beauty and Barber College,Kingstree,SC,1,3,32,NA,NA,7,0.7143,0.75,NA,NA,NA,6084,NA,NA,0.7222,NA,NA,NA,NA,NA,NA
497480,Reach University,Oakland,CA,3,2,11,1,NA,1946,0.925,0.9163,12374,12374,32536,5756,7032,0.5625,0,0.8049,NA,NA,NA,NA,NA
497499,Technology Learning Center,Oxford,MA,1,3,21,NA,NA,31,0.129,0.7083,NA,NA,NA,21122,NA,NA,0.2857,NA,NA,NA,NA,NA,NA
497657,Hawaii Tokai International College,Kapolei,HI,2,2,21,0.7778,NA,24,0.4167,0.0455,16560,16560,NA,NA,5383,0.6786,NA,NA,NA,NA,NA,NA,NA
497675,Hair Academy,Chillicothe,OH,1,3,32,NA,NA,38,1,0.2222,NA,NA,NA,14495,NA,NA,0.619,NA,NA,NA,NA,NA,NA
497684,Sweetwater Institute of Cosmetology,Sweetwater,TN,1,3,31,NA,NA,22,0.9545,0.2424,NA,NA,NA,3535,NA,NA,0.1373,NA,NA,NA,NA,NA,NA
497693,Kansas Health Science University,Wichita,KS,4,2,11,NA,NA,NA,NA,NA,NA,NA,NA,57662,NA,NA,NA,NA,NA,NA,NA,NA,NA
497718,Academy for Jewish Religion,Yonkers,NY,4,2,21,NA,NA,NA,NA,NA,NA,NA,NA,38269,NA,NA,NA,NA,NA,NA,NA,NA,NA
497736,American College of Healthcare and Technology-Santa Ana,Santa Ana,CA,1,3,11,NA,NA,51,0.7843,0.1882,NA,NA,NA,10466,NA,NA,0.9256,NA,NA,NA,9500,9500,31109
497745,Aviation Institute of Maintenance-Chicago,Chicago,IL,1,3,11,NA,NA,333,0.1081,0.5837,16657,16657,32217,14091,NA,NA,0.2896,NA,NA,NA,31301,31301,53341
497824,Evangel University-College of Online Learning,Springfield,MO,3,2,12,0.4918,NA,240,0.6,0.6598,8175,8175,26454,4115,5631,0.2708,0.6888,0.6667,0.5,PS,24736,24736,46573
497833,Marian University-Ancilla,Plymouth,IN,2,2,42,0.9169,NA,226,0.5088,0.0367,20100,20100,38305,12719,8575,0.375,0.8194,0.375,NA,NA,27000,27000,58759
497888,Spa Tech Institute-North Andover,North Andover,MA,1,3,21,NA,NA,118,0.9322,0.4722,NA,NA,NA,15102,NA,NA,0.4559,NA,NA,NA,6333,6333,27803
497897,Aveda Arts & Sciences Institute Lafayette-Arlington,Arlington,VA,1,3,12,NA,NA,166,0.9819,0.2986,NA,NA,NA,13095,NA,NA,0.4973,NA,NA,NA,7916,7916,23904
497912,Concorde Career College-Broadway,Kansas City,MO,1,3,11,1,NA,26,0.8846,0.2258,NA,NA,NA,29619,NA,NA,0.6667,NA,NA,NA,9500,9500,35242
497949,United Education Institute-Stone Mountain,Stone Mountain,GA,1,3,21,NA,NA,911,0.5005,0.4981,NA,NA,NA,10002,NA,NA,0.8461,NA,NA,NA,9500,9500,27688
497958,UEI College-Tacoma,Tacoma,WA,1,3,12,NA,NA,689,0.5559,0.4686,NA,NA,NA,10301,NA,NA,0.7644,NA,NA,NA,9500,9500,30848
498003,Montgomery Beauty School-Baltimore Beauty & Barber School,Baltimore,MD,1,3,21,NA,NA,242,0.6157,0.5357,NA,NA,NA,11351,NA,NA,0.3421,NA,NA,NA,11845,11845,18726
498012,Commonwealth of Puerto Rico Department of Education-PRAMI,Fajardo,PR,1,1,23,NA,NA,79,0.1139,0.2593,4100,4100,NA,289,NA,NA,0,NA,NA,NA,PS,PS,26293
498030,Universal Technical Institute-South Florida Miramar,Miramar,FL,2,3,21,NA,NA,791,0.0367,0.1891,NA,NA,NA,19643,6299,NA,0.7362,NA,NA,NA,13124,13124,52873
498049,Arizona College of Nursing-Southfield,Southfield,MI,3,3,13,1,NA,594,0.9276,0.6988,24944,24944,42280,22074,7821,0.1266,0.895,0.75,NA,NA,9500,9500,34657
498076,Galen Health Institutes-Sarasota,Sarasota,FL,2,3,21,NA,NA,574,0.9059,0.7252,17048,17048,35116,5530,6837,0.6981,0.8366,0.6667,NA,NA,24166,24166,61480
498085,Galen Health Institutes-Gainesville,Gainesville,FL,2,3,22,NA,NA,668,0.8862,0.7743,17048,17048,35576,14272,6635,0.5789,0.9013,0.625,NA,NA,24166,24166,61480
498094,Galen Health Institutes-Richmond,Richmond,VA,2,3,21,NA,NA,454,0.9207,0.8476,16364,16364,31963,12499,7016,0.62,0.8957,NA,NA,NA,24166,24166,61480
498100,Galen Health Institutes-Myrtle Beach,Myrtle Beach,SC,2,3,13,NA,NA,743,0.9354,0.7631,16364,16364,34232,14320,6622,0.6053,0.7854,NA,NA,NA,24166,24166,61480
498119,Galen Health Institutes-Asheville,Asheville,NC,2,3,13,NA,NA,253,0.8933,0.8415,17048,17048,35990,12080,6825,0.5946,0.8197,0,NA,NA,24166,24166,61480
498234,Larkin University,Miami,FL,4,2,21,NA,NA,NA,NA,NA,NA,NA,NA,NA,NA,NA,NA,NA,NA,NA,NA,NA,NA
498298,The Salon Professional Academy Maplewood,Maplewood,MN,1,3,21,NA,NA,85,0.9882,0.0411,NA,NA,NA,7055,NA,NA,0.314,NA,NA,NA,NA,NA,NA
498322,Xtylo Beauty And Barber College,Tolleson,AZ,1,3,21,NA,NA,78,0.9744,0.5054,NA,NA,NA,10912,NA,NA,0.0392,NA,NA,NA,PS,PS,NA
498331,San Francisco School of Massage & Bodywork,San Francisco,CA,1,3,11,NA,NA,139,0.6763,0.8931,NA,NA,NA,7413,NA,NA,0.1475,NA,NA,NA,NA,NA,NA
498340,Chancellor Institute,Ft Laurderdale,FL,1,3,12,0.6516,NA,128,0.8828,0.2549,NA,NA,NA,17604,2875,NA,0.6194,NA,NA,NA,NA,NA,NA
498359,The Salon Professional Academy,Collegeville,PA,1,3,21,NA,NA,80,0.975,0.2917,NA,NA,NA,11724,NA,NA,0.14,NA,NA,NA,NA,NA,NA
498368,Studio 75 Hair Academy,Millington,TN,1,3,31,NA,NA,14,1,0.4167,NA,NA,NA,7987,NA,NA,0.9375,NA,NA,NA,NA,NA,NA
498386,Boone Career and Technical Center,Foster,WV,1,1,42,NA,NA,59,0.5932,0.4,NA,NA,NA,7138,NA,NA,0,NA,NA,NA,NA,NA,NA
498401,Edge Academy of Beauty,Manchester,KY,1,3,43,NA,NA,56,0.9643,0.4595,NA,NA,NA,9415,NA,NA,0.5571,NA,NA,NA,NA,NA,NA
498410,Premier Barber School,Houston,TX,1,3,11,NA,NA,45,0.1556,0.5,NA,NA,NA,3526,NA,NA,0.4405,NA,NA,NA,NA,NA,NA
498447,Arizona College of Nursing-Falls Church,Falls Church,VA,3,3,21,1,NA,348,0.9368,0.7077,24413,24413,42280,21428,8406,0.1321,0.8993,0.5833,NA,NA,9500,9500,34657
498456,Arizona College of Nursing-Ontario,Ontario,CA,3,3,12,1,NA,380,0.8632,0.7634,31637,31637,52480,30079,9510,0.1429,0.9257,1,NA,NA,9500,9500,34657
498474,Galen Health Institutes-Houston,Houston,TX,2,3,11,NA,NA,1582,0.9096,0.8619,17048,17048,35856,5860,6877,0.6277,0.8545,0.5667,NA,NA,24166,24166,61480
498483,Galen Health Institutes-Pikeville,Pikeville,KY,1,3,33,NA,NA,169,0.8639,0.6803,16364,16364,34556,2673,6103,NA,0.877,NA,NA,NA,24166,24166,61480
498553,Stellar Career College,Chicago,IL,1,3,11,NA,NA,83,0.8916,0.6667,NA,NA,NA,9326,NA,NA,0.8456,NA,NA,NA,4834,4834,30337
498562,Commonwealth University of Pennsylvania,Bloomsburg,PA,3,1,32,0.9309,1090,9210,0.5969,0.0581,11046,22870,25161,6706,11730,0.8302,0.5394,0.7757,0.5448,0.5373,26000,26000,52416
498571,Pennsylvania Western University,California,PA,3,1,32,0.9433,1063,7451,0.6068,0.152,11436,16054,26916,7643,11870,0.8132,0.5978,0.7169,0.5188,0.5142,23725,23725,47295
498623,Justice University,Chandler,AZ,3,2,11,NA,NA,116,0.3362,NA,7500,7500,NA,6537,4000,NA,0,0.7308,NA,NA,NA,NA,NA
498641,I M Beauty School,Glenview,IL,1,3,21,NA,NA,13,0.9231,NA,NA,NA,NA,10253,NA,NA,0.0556,NA,NA,NA,NA,NA,NA
498669,Aveda Institute Montana,Billings,MT,1,3,12,NA,NA,80,0.9625,0.2647,NA,NA,NA,10596,NA,NA,0.411,NA,NA,NA,NA,NA,NA
498739,Lehigh Career & Technical Institute,Schnecksville,PA,1,1,41,NA,NA,14,0,0.5833,NA,NA,NA,44225,NA,NA,0.1935,NA,NA,NA,NA,NA,NA
498748,CalCopa Massage School,Huntington Beach,CA,1,3,21,NA,NA,33,0.5455,0.9474,NA,NA,NA,16061,NA,NA,0.2787,NA,NA,NA,NA,NA,NA
498757,Medical Solutions Academy,Danville,VA,1,3,32,NA,NA,108,0.9907,0.8491,NA,NA,NA,4432,NA,NA,0.1893,NA,NA,NA,NA,NA,NA
498766,Sami Halaseh Institute,Andover,KS,1,3,21,NA,NA,30,1,0.2174,NA,NA,NA,7902,NA,NA,0.4032,NA,NA,NA,NA,NA,NA
498775,Beaver Beauty Academy,Decatur,GA,1,3,21,NA,NA,47,0.8085,0.7193,NA,NA,NA,14985,NA,NA,0.9,NA,NA,NA,NA,NA,NA
498784,Upper Kutz Barber & Style College,Greenville,MS,1,3,33,NA,NA,17,0.6471,0.5357,NA,NA,NA,16315,NA,NA,0.5789,NA,NA,NA,NA,NA,NA
498793,All In The Wrist Barber Academy,Smyrna,DE,1,3,22,NA,NA,21,0.4286,0.4706,NA,NA,NA,9991,NA,NA,0.3333,NA,NA,NA,NA,NA,NA
498809,Yeshiva of Kasho,Brooklyn,NY,3,2,11,NA,NA,185,0,NA,14000,14000,21356,16690,4313,1,0,0.9038,0.1087,0.1087,NA,NA,NA
498818,Cutting Edge Barber Academy,Lancaster,PA,1,3,13,NA,NA,22,0.1818,0.5,NA,NA,NA,14502,NA,NA,0.7347,NA,NA,NA,NA,NA,NA
498827,JT's Cuts Academy,Fort Lauderdale,FL,1,3,21,NA,NA,37,0.3243,0.4722,NA,NA,NA,10569,NA,NA,0.4571,NA,NA,NA,NA,NA,NA
498836,The Nurse Academy,National City,CA,1,3,21,NA,NA,55,0.8,0.8529,NA,NA,NA,30654,NA,NA,0.7609,NA,NA,NA,NA,NA,NA
498845,Heartland Welding Academy,Andover,KS,1,3,21,NA,NA,47,0.0851,0.3235,NA,NA,NA,17500,NA,NA,0.4943,NA,NA,NA,NA,NA,NA
498854,Jazz Barber and Hairstyling Academy,Petersburg,VA,1,3,21,NA,NA,46,0.6522,0.9167,NA,NA,NA,10188,NA,NA,0.6575,NA,NA,NA,NA,NA,NA
498863,Renaissance Beauty Academy,Cape Girardeau,MO,1,3,13,NA,NA,66,1,0.1618,NA,NA,NA,2992,NA,NA,0.1714,NA,NA,NA,NA,NA,NA
498872,Central Valley Barber College,Riverbank,CA,1,3,21,NA,NA,122,0.1393,0.495,NA,NA,NA,7377,NA,NA,0.5,NA,NA,NA,NA,NA,NA
498881,One Stop Academy,Fayetteville,NC,1,3,21,NA,NA,31,0.0968,0.4211,NA,NA,NA,12859,NA,NA,0.5778,NA,NA,NA,NA,NA,NA
498890,East Texas Cosmetology College,Lufkin,TX,1,3,33,NA,NA,51,1,0.1026,NA,NA,NA,10745,NA,NA,0.1515,NA,NA,NA,NA,NA,NA
498906,Yeshivas Sanz Klauzenburg,Brooklyn,NY,3,2,11,NA,NA,98,0,NA,14000,14000,22355,14765,2794,0.6667,0,1,0.3103,0.2941,NA,NA,NA
498924,URBE University,Sweetwater,FL,3,3,21,NA,NA,33,0.6364,0.4643,30550,30550,NA,5963,NA,NA,0,0.7143,0.8,0.697,NA,NA,NA
498951,Art22 Academy,Fort Wayne,IN,1,3,11,NA,NA,55,1,NA,NA,NA,NA,6744,NA,NA,0.3514,NA,NA,NA,NA,NA,NA
499033,Champ's Barber School-Lebanon,Lebanon,PA,1,3,13,NA,NA,13,0.1538,0.6842,NA,NA,NA,13375,NA,NA,0.92,NA,NA,NA,PS,PS,NA
499079,Collectiv Hair Dressing Academy-Collectiv Academy-Dallas,Dallas,TX,1,3,11,NA,NA,319,0.9812,0.3289,NA,NA,NA,6303,NA,NA,0.7229,NA,NA,NA,10540,10540,29334
499103,Homestead Schools-Costa Mesa,Costa Mesa,CA,1,2,12,NA,NA,32,0.6563,0.6667,NA,NA,NA,30731,NA,NA,0.7917,NA,NA,NA,18040,18040,59398
499130,Innovate Salon Academy,Brick Township,NJ,1,3,21,NA,NA,219,0.7854,0.3494,NA,NA,NA,10278,NA,NA,0.48,NA,NA,NA,6333,6333,NA
499149,Herzing University-Nashville,Nashville,TN,1,2,11,0.9273,NA,201,0.9204,0.7867,13450,13450,28414,6249,7583,NA,0.9333,0.8,NA,NA,21500,21500,36909
499176,College of Biomedical Equipment Technology,Schertz,TX,2,3,21,NA,NA,311,0.1897,0.7635,25000,25000,NA,10676,NA,0.1176,0,NA,NA,NA,NA,NA,NA
499185,Dorsey College-Grand Rapids,Grand Rapids,MI,1,3,21,NA,NA,82,0.4756,0.5529,9695,9695,32076,4908,NA,NA,0.1667,NA,NA,NA,13000,13000,29392
499255,Baltimore Beauty & Barber School II,Timonium,MD,1,3,21,NA,NA,101,0.6337,0.7077,NA,NA,NA,10418,NA,NA,0.5446,NA,NA,NA,13000,13000,18172
499273,Galen Health Institutes-Dallas,Richardson,TX,2,3,12,NA,NA,1153,0.9037,0.8484,17048,17048,35565,7020,6918,0.4403,0.8159,0.4815,NA,NA,24166,24166,61480
499282,Galen Health Institutes-Roanoke,Roanoke,VA,2,3,22,NA,NA,315,0.9365,0.7803,16364,16364,33329,11501,6400,0.7778,0.8671,NA,NA,NA,24166,24166,61480
499291,Galen Health Institutes-Wichita,Wichita,KS,2,3,11,NA,NA,233,0.9614,0.7526,16364,16364,36569,20993,6380,0.6667,0.8763,NA,NA,NA,24166,24166,61480
499307,Galen Health Institutes-Salt Lake City,Draper,UT,2,3,21,NA,NA,122,0.8033,0.6349,16364,16364,37969,40042,7397,1,0.8889,NA,NA,NA,24166,24166,61480
499334,Aveda Institute Tucson-Avondale,Avondale,AZ,1,3,21,NA,NA,158,0.9684,0.3333,NA,NA,NA,13029,NA,NA,0.9032,NA,NA,NA,6333,6333,NA
499361,Premiere Aesthetics Institute-Meridian,Meridian,ID,1,3,21,NA,NA,64,1,0.3056,NA,NA,NA,13640,NA,NA,0.2674,NA,NA,NA,PS,PS,NA
499370,Arizona College of Nursing-Sarasota,University Park,FL,3,3,21,1,NA,133,0.9248,0.4388,23093,23093,34305,20401,8292,NA,0.8854,0.5,NA,NA,9500,9500,34657
499389,Arizona College of Nursing-Aurora,Aurora,CO,3,3,11,1,NA,336,0.9167,0.7075,24653,24653,43920,18522,7813,0.1026,0.8406,0.4583,NA,NA,9500,9500,34657
499398,Arizona College of Nursing-Cincinnati,Cincinnati,OH,3,3,21,1,NA,77,0.9091,0.6154,23760,23760,44576,18841,8333,NA,0.9365,0.5,NA,NA,9500,9500,34657
499404,Arizona College of Nursing-Cleveland,Beachwood,OH,3,3,21,1,NA,164,0.9695,0.7262,23760,23760,46107,16097,7665,NA,0.8902,1,NA,NA,9500,9500,34657
499413,Glendale Career College-North-West College-MFSON,West Covina,CA,2,3,21,NA,NA,290,0.7586,0.7661,NA,NA,NA,27770,8563,NA,0.8242,NA,NA,NA,9500,9500,41472
499422,Denver College of Nursing-Houston,Houston,TX,3,3,11,NA,NA,135,0.8963,0.7429,NA,NA,NA,20701,7056,0.0882,0.7714,NA,NA,NA,26500,26500,81809
499495,Gwinnett Institute,Orlando,FL,1,3,21,NA,NA,340,0.9324,0.7716,NA,NA,NA,15007,4217,1,1,NA,NA,NA,13000,13000,33735
499529,Townsend Barber Institute,Roseville,MN,1,3,21,NA,NA,32,0.125,NA,14497,14497,31494,11300,NA,NA,0.2353,NA,NA,NA,NA,NA,NA
499538,Puerto Rico Advance Institute,Bayamon,PR,1,2,12,NA,NA,29,0.931,0.88,9395,9395,10200,0,NA,NA,0,NA,NA,NA,NA,NA,NA
499547,Austin Medical Assistant Training,Forest Hills,NY,1,3,11,NA,NA,328,0.9604,0.2468,NA,NA,NA,10330,NA,NA,0.3048,NA,NA,NA,NA,NA,NA
499556,Albany Beauty Academy,Albany,GA,1,3,13,NA,NA,18,0.7222,0.375,NA,NA,NA,3671,NA,NA,0.5217,NA,NA,NA,NA,NA,NA
499608,Wade Gordon Hairdressing Academy-Oklahoma,Oklahoma City,OK,1,3,11,NA,NA,29,0.8966,0.3077,NA,NA,NA,4994,NA,NA,0.4324,NA,NA,NA,9833,9833,NA
499635,EDP University of Puerto Rico-Caguas,Caguas,PR,2,2,13,0.725,NA,414,0.7681,NA,7050,14125,NA,NA,3027,1,NA,NA,NA,NA,14000,14000,22844
499662,Aviation Institute of Maintenance-Phoenix,Phoenix,AZ,1,3,11,NA,NA,105,0.1619,NA,16657,16657,NA,155,NA,NA,NA,NA,NA,NA,29773,29773,42759
499671,Galen Health Institutes-Las Vegas,Las Vegas,NV,2,3,21,NA,NA,293,0.8191,NA,NA,NA,NA,90094,7279,0.6923,0.8056,NA,NA,NA,24166,24166,61480
499680,Stellar Career College-Crown Point,Crown Point,IN,2,3,21,NA,NA,81,0.8025,0.5395,NA,NA,NA,2592,9384,NA,0.7313,NA,NA,NA,4834,4834,30337
499705,Tulsa Welding School-Dallas Campus,Irving,TX,1,3,11,NA,NA,1020,0.1137,0.3525,NA,NA,NA,21739,NA,NA,0.8407,NA,NA,NA,9500,9500,41067
499723,Barber Tech Academy-Columbia,Columbia,SC,1,3,12,NA,NA,51,0.2745,0.6875,NA,NA,NA,6426,NA,NA,0.7679,NA,NA,NA,PS,PS,NA
499811,Ricketts Great Books College,Omaha,NE,2,3,11,NA,NA,0,0,NA,0,0,NA,NA,8333,NA,0,NA,NA,NA,NA,NA,NA
499820,Diverse Media Institute,St. Paul,MN,1,2,11,NA,NA,8,0.375,NA,NA,NA,NA,NA,NA,NA,0,NA,NA,NA,NA,NA,NA
499866,Atlantic Acting School,New York,NY,1,2,11,0.0183,NA,82,0.6341,NA,22700,22700,NA,73879,NA,NA,0,NA,NA,NA,NA,NA,NA
499875,Mosdos Yaakov V'Yisroel,Lakewood,NJ,2,2,21,0.8933,NA,679,0.0913,NA,8760,8760,NA,5709,4026,NA,0,0.4009,0.4561,0.4561,NA,NA,NA
499884,Jama's Beauty & Barber College,West Hills,CA,1,3,11,NA,NA,57,0.9123,NA,NA,NA,NA,7402,NA,NA,0,NA,NA,NA,NA,NA,NA
499893,West Coast Barber College,Oceanside,CA,1,3,21,NA,NA,21,0.2381,NA,NA,NA,NA,15298,NA,NA,0,NA,NA,NA,NA,NA,NA
499918,C N K Barber College,Tupelo,MS,1,3,33,NA,NA,31,0.3548,NA,NA,NA,NA,9694,NA,NA,0.6522,NA,NA,NA,NA,NA,NA
499927,South Post Oak Barber College,Houston,TX,1,3,11,NA,NA,10,0.2,NA,NA,NA,NA,577,NA,NA,0,NA,NA,NA,NA,NA,NA
499936,Petra College,Hammond,LA,1,3,13,1,NA,31,1,NA,NA,NA,NA,14464,NA,NA,0,NA,NA,NA,NA,NA,NA
499945,Brighton Barber Institute,Hurst,TX,1,3,21,NA,NA,17,0.1765,NA,NA,NA,NA,18473,NA,NA,0.1538,NA,NA,NA,NA,NA,NA
499954,Kentucky Welding Institute,Flemingsburg,KY,1,3,43,NA,NA,143,0.0769,NA,NA,NA,NA,18416,NA,NA,0,NA,NA,NA,NA,NA,NA
499963,Precision Welding Academy,Katy,TX,1,3,21,NA,NA,96,0.0625,NA,NA,NA,NA,15572,NA,NA,0.2344,NA,NA,NA,NA,NA,NA
499972,Southwest Michigan Beauty School,Sturgis,MI,1,3,32,NA,NA,14,1,NA,18215,18215,24368,5189,NA,NA,0.1429,NA,NA,NA,NA,NA,NA
499981,Southwest University of Naprapathic Medicine,Santa Fe,NM,4,3,13,NA,NA,NA,NA,NA,NA,NA,NA,14079,NA,NA,NA,NA,NA,NA,NA,NA,NA
499990,Berea Beauty Academy,Berea,KY,1,3,32,NA,NA,40,0.975,NA,NA,NA,NA,1870,NA,NA,0.0816,NA,NA,NA,NA,NA,NA
500005,Affinity Hair Academy,Orlando,FL,1,3,21,NA,NA,27,0.5926,NA,NA,NA,NA,13325,NA,NA,0,NA,NA,NA,NA,NA,NA
500014,ICR Florida Education,North Miami Beach,FL,1,3,21,NA,NA,383,0.9112,NA,NA,NA,NA,3784,NA,NA,0,NA,NA,NA,NA,NA,NA
500023,Empire Beauty School-Indianapolis,Indianapolis,IN,1,3,11,NA,NA,213,0.9906,NA,NA,NA,NA,9579,NA,NA,0.8173,NA,NA,NA,10667,10667,24397
500087,Doral College,Doral,FL,2,2,13,NA,NA,272,0.7831,NA,3120,3120,NA,3393,NA,NA,0,1,NA,NA,NA,NA,NA
500096,Lincoln College of Technology-East Point,East Point,GA,1,3,21,NA,NA,627,0.0893,NA,NA,NA,NA,0,5498,0.8889,0.2539,NA,NA,NA,11250,11250,38683
500120,Tidewater Tech-East Little Creek,Norfolk,VA,1,3,12,NA,NA,133,0.0902,NA,16337,16337,NA,NA,NA,NA,NA,NA,NA,NA,9500,9500,31657
500157,Lil Lou's Beauty and Barber College - South Bend,South Bend,IN,1,3,12,NA,NA,39,0.1538,NA,NA,NA,NA,2034,NA,NA,0.8077,NA,NA,NA,14302,14302,NA
500290,Arizona College of Nursing - Chesapeake,Chesapeake,VA,3,3,11,1,NA,149,0.953,NA,24653,24653,42703,NA,7917,NA,0.9091,NA,NA,NA,9500,9500,34657
500306,Arizona College of Nursing - Hartford,East Hartford,CT,3,3,13,1,NA,334,0.9281,NA,24653,24653,48113,NA,8383,0.1667,0.9643,NA,NA,NA,9500,9500,34657
500324,UCAS University of Cosmetology Arts & Sciences - 03,Brownsville,TX,1,3,12,NA,NA,24,1,NA,NA,NA,NA,NA,NA,NA,0.1964,NA,NA,NA,6447,6447,19880
500333,Arizona College of Nursing-St Louis,Maryland Heights,MO,3,3,21,1,NA,131,0.9313,NA,23760,23760,NA,NA,NA,NA,NA,NA,NA,NA,9500,9500,34657
500342,EDvance College,San Francisco,CA,3,2,11,1,NA,201,0.9801,NA,12300,12300,NA,0,10715,0.381,0,NA,NA,NA,NA,NA,NA
500379,High Alternative Education,San Juan,PR,1,3,11,NA,NA,7,1,NA,NA,NA,NA,718,NA,NA,0,NA,NA,NA,NA,NA,NA
500388,Virginia Barber School,Richmond,VA,1,3,21,NA,NA,7,0.4286,NA,NA,NA,NA,3958,NA,NA,0,NA,NA,NA,NA,NA,NA
500397,Aguilas International Technical Institute,Tampa,FL,1,3,21,NA,NA,389,0.9306,NA,NA,NA,NA,13330,NA,NA,0,NA,NA,NA,NA,NA,NA
500403,Miami Barber Institute,Miami,FL,1,3,21,NA,NA,150,0.08,NA,NA,NA,NA,12046,NA,NA,0,NA,NA,NA,NA,NA,NA
500412,Modern Male Barber Academy,Lansdale,PA,1,3,21,NA,NA,15,0.2,NA,NA,NA,NA,10904,NA,NA,0,NA,NA,NA,NA,NA,NA
500421,Epic Barber College,Houston,TX,1,3,21,NA,NA,62,0.2097,NA,NA,NA,NA,1623,NA,NA,0,NA,NA,NA,NA,NA,NA
500430,Mosley School of Cosmetology,Kentwood,MI,1,3,13,NA,NA,62,0.9032,NA,NA,NA,NA,10378,NA,NA,0,NA,NA,NA,NA,NA,NA
500449,New Orleans Culinary and Hospitality Institute,New Orleans,LA,1,2,11,0.7826,NA,36,0.3611,NA,NA,NA,NA,20629,NA,NA,0,NA,NA,NA,NA,NA,NA
500467,Glitz School of Cosmetology -  Santa Fe Campus,Santa Fe,NM,1,3,41,NA,NA,35,0.8286,NA,NA,NA,NA,14081,NA,NA,0.5263,NA,NA,NA,7999,7999,NA
500537,UR Beauty & Barber Academy-At True Family Barber Academy,Winter Haven,FL,1,3,21,NA,NA,13,0.3846,NA,NA,NA,NA,28529,NA,NA,1,NA,NA,NA,13000,PS,NA
500555,Shearz Institute,Lithia Springs,GA,1,3,21,NA,NA,75,0.7467,NA,NA,NA,NA,199002,NA,NA,0,NA,NA,NA,NA,NA,NA
500670,University of Fairfax,Salem,VA,4,3,NA,NA,NA,NA,NA,NA,NA,NA,NA,NA,NA,NA,NA,NA,NA,NA,NA,NA,NA
500704,Circle of Love Academy,Dudley,NC,1,3,NA,NA,NA,NA,NA,NA,NA,NA,NA,NA,NA,NA,NA,NA,NA,NA,NA,NA,NA
500713,Virginia Christian College,Dumfries,VA,3,2,NA,NA,NA,NA,NA,NA,NA,NA,NA,NA,NA,NA,NA,NA,NA,NA,NA,NA,NA
500722,Ideal Institute of Technology,Pleasantville,NJ,1,2,NA,NA,NA,NA,NA,NA,NA,NA,NA,NA,NA,NA,NA,NA,NA,NA,NA,NA,NA
500731,Beauty Culture Academy,Staten Island,NY,1,3,NA,NA,NA,NA,NA,NA,NA,NA,NA,NA,NA,NA,NA,NA,NA,NA,NA,NA,NA
500740,Congregation YMH,Brooklyn,NY,3,2,NA,NA,NA,NA,NA,NA,NA,NA,NA,NA,NA,NA,NA,NA,NA,NA,NA,NA,NA
500759,Eisek Hatorah DRachmistrivka,Staten Island,NY,2,2,NA,NA,NA,NA,NA,NA,NA,NA,NA,NA,NA,NA,NA,NA,NA,NA,NA,NA,NA
500768,Centureon Institute,Miami,FL,1,3,NA,NA,NA,NA,NA,NA,NA,NA,NA,NA,NA,NA,NA,NA,NA,NA,NA,NA,NA
500777,Dooby Shop School of Cosmetology,Charlotte,NC,1,3,NA,NA,NA,NA,NA,NA,NA,NA,NA,NA,NA,NA,NA,NA,NA,NA,NA,NA,NA
500786,New Image Beauty and Barber School,Harlingen,TX,1,3,NA,NA,NA,NA,NA,NA,NA,NA,NA,NA,NA,NA,NA,NA,NA,NA,NA,NA,NA
500795,Final Touch Barber Academy,Philadelphia,PA,1,3,NA,NA,NA,NA,NA,NA,NA,NA,NA,NA,NA,NA,NA,NA,NA,NA,NA,NA,NA
500801,Metropolitan Barber Academy,Enola,PA,1,3,NA,NA,NA,NA,NA,NA,NA,NA,NA,NA,NA,NA,NA,NA,NA,NA,NA,NA,NA
500810,Bet Midrash Ohel Torah,Lakewood,NJ,2,2,NA,NA,NA,NA,NA,NA,NA,NA,NA,NA,NA,NA,NA,NA,NA,NA,NA,NA,NA
500829,Northpoint College,Wyoming,MI,3,2,NA,NA,NA,NA,NA,NA,NA,NA,NA,NA,NA,NA,NA,NA,NA,NA,NA,NA,NA
500838,Goodwill Technical College,New Orleans,LA,1,2,NA,NA,NA,NA,NA,NA,NA,NA,NA,NA,NA,NA,NA,NA,NA,NA,NA,NA,NA
500847,Charm Beauty School,Dearborn Heights,MI,1,3,NA,NA,NA,NA,NA,NA,NA,NA,NA,NA,NA,NA,NA,NA,NA,NA,NA,NA,NA
500856,Salon Professional Academy (The),Whitehouse,TX,1,3,NA,NA,NA,NA,NA,NA,NA,NA,NA,NA,NA,NA,NA,NA,NA,NA,NA,NA,NA
500865,Noe' Noonan School of Cosmetology,Erie,PA,1,3,NA,NA,NA,NA,NA,NA,NA,NA,NA,NA,NA,NA,NA,NA,NA,NA,NA,NA,NA
500874,Salon Professional Academy,Fort Wayne,IN,1,3,NA,NA,NA,NA,NA,NA,NA,NA,NA,NA,NA,NA,NA,NA,NA,NA,NA,NA,NA
500892,Champ's Barber School-York,York,PA,1,3,NA,NA,NA,NA,NA,NA,NA,NA,NA,NA,NA,NA,NA,NA,NA,NA,PS,PS,NA
500935,United Education Institute-Dallas,Dallas,TX,1,3,NA,NA,NA,NA,NA,NA,NA,NA,NA,NA,NA,NA,NA,NA,NA,NA,9500,9500,31141
500944,Galen Health Institutes-Aurora,Aurora,CO,2,3,NA,NA,NA,NA,NA,NA,NA,NA,NA,NA,NA,NA,NA,NA,NA,NA,24166,24166,61480
500953,Galen Health Institutes-Savannah,Pooler,GA,2,3,NA,NA,NA,NA,NA,NA,NA,NA,NA,NA,NA,NA,NA,NA,NA,NA,24166,24166,61480
500962,Galen Health Institutes-Orlando,Orlando,FL,2,3,NA,NA,NA,NA,NA,NA,NA,NA,NA,NA,NA,NA,NA,NA,NA,NA,24166,24166,61480
500971,Carrington College-Bakersfield,Bakersfield,CA,2,3,NA,NA,NA,NA,NA,NA,NA,NA,NA,NA,NA,NA,NA,NA,NA,NA,11537,11537,39633
500999,Carrington College-Fresno,Fresno,CA,2,3,NA,NA,NA,NA,NA,NA,NA,NA,NA,NA,NA,NA,NA,NA,NA,NA,11537,11537,39633
501008,Carrington College-Hesperia,Hesperia,CA,2,3,NA,NA,NA,NA,NA,NA,NA,NA,NA,NA,NA,NA,NA,NA,NA,NA,11537,11537,39633
501017,Carrington College-Lancaster,Lancaster,CA,2,3,NA,NA,NA,NA,NA,NA,NA,NA,NA,NA,NA,NA,NA,NA,NA,NA,11537,11537,39633
501026,Carrington College-Modesto,Salida,CA,2,3,NA,NA,NA,NA,NA,NA,NA,NA,NA,NA,NA,NA,NA,NA,NA,NA,11537,11537,39633
501035,Carrington College-Ontario,Ontario,CA,2,3,NA,NA,NA,NA,NA,NA,NA,NA,NA,NA,NA,NA,NA,NA,NA,NA,11537,11537,39633
501044,Carrington College-Rancho Cordova,Rancho Cordova,CA,2,3,NA,NA,NA,NA,NA,NA,NA,NA,NA,NA,NA,NA,NA,NA,NA,NA,11537,11537,39633
501053,Carrington College-Rancho Mirage,Rancho Mirage,CA,2,3,NA,NA,NA,NA,NA,NA,NA,NA,NA,NA,NA,NA,NA,NA,NA,NA,11537,11537,39633
501062,Carrington College-Santa Maria,Santa Maria,CA,2,3,NA,NA,NA,NA,NA,NA,NA,NA,NA,NA,NA,NA,NA,NA,NA,NA,11537,11537,39633
501071,Carrington College-Temecula,Temecula,CA,2,3,NA,NA,NA,NA,NA,NA,NA,NA,NA,NA,NA,NA,NA,NA,NA,NA,11537,11537,39633
501080,Carrington College-Visalia,Visalia,CA,2,3,NA,NA,NA,NA,NA,NA,NA,NA,NA,NA,NA,NA,NA,NA,NA,NA,11537,11537,39633
501105,Lyon College-School of Dental Medicine,Little Rock,AR,4,2,NA,NA,NA,NA,NA,NA,NA,NA,NA,NA,NA,NA,NA,NA,NA,NA,21500,21500,44232
501141,Premiere Aesthetics Institute-Post Falls,Post Falls,ID,1,3,NA,NA,NA,NA,NA,NA,NA,NA,NA,NA,NA,NA,NA,NA,NA,NA,PS,PS,NA
501150,IntelliTec College-Euphoria Institute of Beauty Arts and Sciences,Las Vegas,NV,1,3,NA,NA,NA,NA,NA,NA,NA,NA,NA,NA,NA,NA,NA,NA,NA,NA,11667,11667,42169
501187,Tint School of Makeup & Cosmetology-Plano,Plano,TX,1,3,NA,NA,NA,NA,NA,NA,NA,NA,NA,NA,NA,NA,NA,NA,NA,NA,6333,6333,26381
501196,College of Health Care Professions-Garland,Garland,TX,2,3,NA,NA,NA,NA,NA,NA,NA,NA,NA,NA,NA,NA,NA,NA,NA,NA,9120,9120,38922
501211,Ohio Business College-Columbus,Columbus,OH,1,3,NA,NA,NA,NA,NA,NA,NA,NA,NA,NA,NA,NA,NA,NA,NA,NA,12416,12416,30389
501293,Glendale Career College-Nevada Career Institute-MFSON,Las Vegas,NV,2,3,NA,NA,NA,NA,NA,NA,NA,NA,NA,NA,NA,NA,NA,NA,NA,NA,9500,9500,41472
501309,UEI College-United Education Institute-Albuquerque,Albuquerque,NM,1,3,NA,NA,NA,NA,NA,NA,NA,NA,NA,NA,NA,NA,NA,NA,NA,NA,9500,9500,30848
501318,UEI College-United Education Institute-Houston,Houston,TX,1,3,NA,NA,NA,NA,NA,NA,NA,NA,NA,NA,NA,NA,NA,NA,NA,NA,9500,9500,27688
501327,Glendale Career College-North-West College-MFSON-Riverside,Riverside,CA,2,3,NA,NA,NA,NA,NA,NA,NA,NA,NA,NA,NA,NA,NA,NA,NA,NA,9500,9500,41472
501336,Activa Training Center,Miami,FL,1,3,NA,NA,NA,NA,NA,NA,NA,NA,NA,NA,NA,NA,NA,NA,NA,NA,NA,NA,NA
501345,Chicago College of Oriental Medicine,Chicago,IL,4,2,NA,NA,NA,NA,NA,NA,NA,NA,NA,NA,NA,NA,NA,NA,NA,NA,NA,NA,NA
501354,Neihule Academy of Beauty,Los Angeles,CA,1,3,NA,NA,NA,NA,NA,NA,NA,NA,NA,NA,NA,NA,NA,NA,NA,NA,NA,NA,NA
501363,Prince's Barber Academy,Zanesville,OH,1,3,NA,NA,NA,NA,NA,NA,NA,NA,NA,NA,NA,NA,NA,NA,NA,NA,NA,NA,NA
501381,Style Mobb University School of Cosmetology,College Park,GA,1,3,NA,NA,NA,NA,NA,NA,NA,NA,NA,NA,NA,NA,NA,NA,NA,NA,NA,NA,NA
501390,Yeshiva Gedola Amidei Dgirsa,Brooklyn,NY,2,2,NA,NA,NA,NA,NA,NA,NA,NA,NA,NA,NA,NA,NA,NA,NA,NA,NA,NA,NA
501406,Care Hope College,Jupiter,FL,2,3,NA,NA,NA,NA,NA,NA,NA,NA,NA,NA,NA,NA,NA,NA,NA,NA,NA,NA,NA
501451,UTH Florida University,Miami,FL,3,3,NA,NA,NA,NA,NA,NA,NA,NA,NA,NA,NA,NA,NA,NA,NA,NA,NA,NA,NA
501460,University of North America,Fairfax,VA,1,3,NA,NA,NA,NA,NA,NA,NA,NA,NA,NA,NA,NA,NA,NA,NA,NA,NA,NA,NA
501488,West Coast University-Los Angeles,North Hollywood,CA,3,3,NA,NA,NA,NA,NA,NA,NA,NA,NA,NA,NA,NA,NA,NA,NA,NA,32946,32946,102672
501497,Orange Technical College-Avalon Campus,Orlando,FL,1,1,NA,NA,NA,NA,NA,NA,NA,NA,NA,NA,NA,NA,NA,NA,NA,NA,PS,PS,36650
501521,Herzing University-Clarksville,Clarksville,TN,3,2,NA,NA,NA,NA,NA,NA,NA,NA,NA,NA,NA,NA,NA,NA,NA,NA,21500,21500,36909
501530,Ogle School Hair Skin Nails-Atlanta,Atlanta,GA,1,3,NA,NA,NA,NA,NA,NA,NA,NA,NA,NA,NA,NA,NA,NA,NA,NA,7917,7917,31055
501549,The Chicago School at Dallas,Plano,TX,4,2,NA,NA,NA,NA,NA,NA,NA,NA,NA,NA,NA,NA,NA,NA,NA,NA,20000,20000,56899
501567,Elaine Sterling Institute-Dunwoody,Dunwoody,GA,1,3,NA,NA,NA,NA,NA,NA,NA,NA,NA,NA,NA,NA,NA,NA,NA,NA,9500,9500,NA
501576,Las Vegas College-Houston Career Institute,Houston,TX,1,3,NA,NA,NA,NA,NA,NA,NA,NA,NA,NA,NA,NA,NA,NA,NA,NA,8279,8279,31398
501600,Northwest Educational Center-Construction Technology,Houton,TX,1,3,NA,NA,NA,NA,NA,NA,NA,NA,NA,NA,NA,NA,NA,NA,NA,NA,PS,PS,25442
501619,Lincoln College of Technology-Houston,Houston,TX,1,3,NA,NA,NA,NA,NA,NA,NA,NA,NA,NA,NA,NA,NA,NA,NA,NA,11730,11730,46396
501628,Glitz School of Cosmetology-Casa Grande Campus,Casa Grande,AZ,1,3,NA,NA,NA,NA,NA,NA,NA,NA,NA,NA,NA,NA,NA,NA,NA,NA,7999,7999,NA
501664,San Joaquin Valley College-San Leandro,San Leandro,CA,2,3,NA,NA,NA,NA,NA,NA,NA,NA,NA,NA,NA,NA,NA,NA,NA,NA,10674,10674,38317
501673,San Joaquin Valley College-Sacramento,Sacramento,CA,2,3,NA,NA,NA,NA,NA,NA,NA,NA,NA,NA,NA,NA,NA,NA,NA,NA,10674,10674,38317
501682,San Joaquin Valley College-Phoenix,Phoenix,AZ,2,3,NA,NA,NA,NA,NA,NA,NA,NA,NA,NA,NA,NA,NA,NA,NA,NA,10674,10674,38317
501691,Concorde Career College-Portland,Portland,OR,1,3,NA,NA,NA,NA,NA,NA,NA,NA,NA,NA,NA,NA,NA,NA,NA,NA,9500,9500,31599
501707,Riggins Urban Barber College-Palm Avenue,San Diego,CA,1,3,NA,NA,NA,NA,NA,NA,NA,NA,NA,NA,NA,NA,NA,NA,NA,NA,NA,NA,NA
10236801,Troy University-Phenix City Campus,Phenix City,AL,0,1,NA,NA,NA,NA,NA,NA,10176,20352,NA,NA,NA,NA,NA,NA,NA,NA,25000,25000,42062
10236802,Troy University-Montgomery Campus,Montgomery,AL,0,1,NA,NA,NA,NA,NA,NA,10176,20352,NA,NA,NA,NA,NA,NA,NA,NA,25000,25000,42062
10236803,Troy University-Dothan Campus,Dothan,AL,0,1,NA,NA,NA,NA,NA,NA,10176,20352,NA,NA,NA,NA,NA,NA,NA,NA,25000,25000,42062
10236808,Troy University-Online,Troy,AL,0,1,NA,NA,NA,NA,NA,NA,10176,10176,NA,NA,NA,NA,NA,NA,NA,NA,25000,25000,42062
10236809,Troy University-Support Sites,Alpharetta,GA,0,1,NA,NA,NA,NA,NA,NA,10176,10176,NA,NA,NA,NA,NA,NA,NA,NA,25000,25000,42062
10415101,Arizona State University-West Valley,Glendale,AZ,0,1,NA,NA,NA,NA,NA,NA,12223,33139,NA,NA,NA,NA,NA,NA,NA,NA,19500,19500,62668
10415102,Arizona State University-Polytechnic,Mesa,AZ,0,1,NA,NA,NA,NA,NA,NA,12223,33139,NA,NA,NA,NA,NA,NA,NA,NA,19500,19500,62668
10415103,Arizona State University-Downtown Phoenix,Phoenix,AZ,0,1,NA,NA,NA,NA,NA,NA,12223,33139,NA,NA,NA,NA,NA,NA,NA,NA,19500,19500,62668
10415104,Arizona State University - Tucson,Tucson,AZ,0,1,NA,NA,NA,NA,NA,NA,NA,NA,NA,NA,NA,NA,NA,NA,NA,NA,19500,19500,62668
10415106,Arizona State University - The Gila Valley,Thatcher,AZ,0,1,NA,NA,NA,NA,NA,NA,NA,NA,NA,NA,NA,NA,NA,NA,NA,NA,19500,19500,62668
10415107,Arizona State University - Yuma,Yuma,AZ,0,1,NA,NA,NA,NA,NA,NA,NA,NA,NA,NA,NA,NA,NA,NA,NA,NA,19500,19500,62668
10415108,Arizona State University - Pinal,Coolidge,AZ,0,1,NA,NA,NA,NA,NA,NA,NA,NA,NA,NA,NA,NA,NA,NA,NA,NA,19500,19500,62668
10415109,Arizona State University - Cochise,Sierra Vista,AZ,0,1,NA,NA,NA,NA,NA,NA,NA,NA,NA,NA,NA,NA,NA,NA,NA,NA,19500,19500,62668
10415110,Arizona State University - Yavapai,Prescott Valley,AZ,0,1,NA,NA,NA,NA,NA,NA,NA,NA,NA,NA,NA,NA,NA,NA,NA,NA,19500,19500,62668
10415111,Arizona State University - Pima,Tucson,AZ,0,1,NA,NA,NA,NA,NA,NA,NA,NA,NA,NA,NA,NA,NA,NA,NA,NA,19500,19500,62668
10415112,Arizona State University - Washington D.C.,Washington,DC,0,1,NA,NA,NA,NA,NA,NA,NA,NA,NA,NA,NA,NA,NA,NA,NA,NA,19500,19500,62668
10415113,Arizona State University - Northeastern Arizona,Show Low,AZ,0,1,NA,NA,NA,NA,NA,NA,NA,NA,NA,NA,NA,NA,NA,NA,NA,NA,19500,19500,62668
10415114,Arizona State University - Mesa City Center,Mesa,AZ,0,1,NA,NA,NA,NA,NA,NA,NA,NA,NA,NA,NA,NA,NA,NA,NA,NA,19500,19500,62668
10415115,Arizona State University - ASU California Center - Broadway,Los Angeles,CA,0,1,NA,NA,NA,NA,NA,NA,11663,25185,NA,NA,NA,NA,NA,NA,NA,NA,19500,19500,62668
10415116,Arizona State University - ASU California Center - Grand,Los Angeles,CA,0,1,NA,NA,NA,NA,NA,NA,11663,25185,NA,NA,NA,NA,NA,NA,NA,NA,19500,19500,62668
10635101,Arkansas Technical School,North Little Rock,AR,0,3,NA,NA,NA,NA,NA,NA,NA,NA,NA,NA,NA,NA,NA,NA,NA,NA,16500,16500,16209
10722001,Career Academy of Hair Design-Siloam Springs,Siloam Springs,AR,0,3,NA,NA,NA,NA,NA,NA,NA,NA,NA,NA,NA,NA,NA,NA,NA,NA,6365,6365,21567
10722002,Career Academy of Hair Design-Rogers,Rogers,AR,0,3,NA,NA,NA,NA,NA,NA,NA,NA,NA,NA,NA,NA,NA,NA,NA,NA,6365,6365,21567
10722003,Career Academy of Hair Design-Fayetteville,Fayetteville,AR,0,3,NA,NA,NA,NA,NA,NA,NA,NA,NA,NA,NA,NA,NA,NA,NA,NA,6365,6365,21567
10722004,Career Academy of Hair Design - Fort Smith,Fort Smith,AR,0,3,NA,NA,NA,NA,NA,NA,NA,NA,NA,NA,NA,NA,NA,NA,NA,NA,6365,6365,21567
10772501,University of Arkansas Community College at Hope - Texarkana,Texarkana,AR,0,1,NA,NA,NA,NA,NA,NA,3885,5565,NA,NA,NA,NA,NA,NA,NA,NA,PS,PS,34162
11046801,Alliant International University-Fresno,Fresno,CA,0,3,NA,NA,NA,NA,NA,NA,NA,NA,NA,NA,NA,NA,NA,NA,NA,NA,12878,12878,66666
11046802,Alliant International University-Los Angeles,Alhambra,CA,0,3,NA,NA,NA,NA,NA,NA,NA,NA,NA,NA,NA,NA,NA,NA,NA,NA,12878,12878,66666
11046803,Alliant International University-San Francisco Bay Area,Emeryville,CA,0,3,NA,NA,NA,NA,NA,NA,NA,NA,NA,NA,NA,NA,NA,NA,NA,NA,12878,12878,66666
11046804,Alliant International University-Irvine,Irvine,CA,0,3,NA,NA,NA,NA,NA,NA,NA,NA,NA,NA,NA,NA,NA,NA,NA,NA,12878,12878,66666
11046805,Alliant International University-Sacramento,Sacramento,CA,0,3,NA,NA,NA,NA,NA,NA,NA,NA,NA,NA,NA,NA,NA,NA,NA,NA,12878,12878,66666
11046806,Alliant International University - Phoenix,Phoenix,AZ,0,3,NA,NA,NA,NA,NA,NA,14254,14254,NA,NA,NA,NA,NA,NA,NA,NA,12878,12878,66666
11163801,Casa Loma College - Nashville,Nashville,TN,0,2,NA,NA,NA,NA,NA,NA,NA,NA,NA,NA,NA,NA,NA,NA,NA,NA,26791,26791,49854
11163802,Casa Loma College -  Aurora,Aurora,CO,0,2,NA,NA,NA,NA,NA,NA,NA,NA,NA,NA,NA,NA,NA,NA,NA,NA,26791,26791,49854
11458501,San Jose Campus,San Jose,CA,0,3,NA,NA,NA,NA,NA,NA,NA,NA,NA,NA,NA,NA,NA,NA,NA,NA,PS,PS,NA
11643901,IDEA at ATEP,Tustin,CA,0,1,NA,NA,NA,NA,NA,NA,1156,11860,NA,NA,NA,NA,NA,NA,NA,NA,6500,6500,49156
11710401,Life Pacific University-Virginia,Christiansburg,VA,0,2,NA,NA,NA,NA,NA,NA,16138,16138,NA,NA,NA,NA,NA,NA,NA,NA,22395,22395,43299
11752001,Life Chiropractic College West - Bellevue University,Bellevue,NE,0,2,NA,NA,NA,NA,NA,NA,NA,NA,NA,NA,NA,NA,NA,NA,NA,NA,PS,PS,NA
11891201,MiraCosta College - San Elijo Campus,Cardiff,CA,0,1,NA,NA,NA,NA,NA,NA,1158,9750,NA,NA,NA,NA,NA,NA,NA,NA,9000,9000,43845
11917301,Mount Saint Mary's University - Doheny Campus,Los Angeles,CA,0,2,NA,NA,NA,NA,NA,NA,49564,49564,NA,NA,NA,NA,NA,NA,NA,NA,25949,25949,72379
12162801,RAND School of Public Policy - Virginia,Arlington,VA,0,2,NA,NA,NA,NA,NA,NA,NA,NA,NA,NA,NA,NA,NA,NA,NA,NA,NA,NA,NA
12240901,San Diego State University-Imperial Valley Campus,Calexico,CA,0,1,NA,NA,NA,NA,NA,NA,7498,20098,NA,NA,NA,NA,NA,NA,NA,NA,15000,15000,64909
12265801,San Joaquin Delta College,Stockton,CA,0,1,NA,NA,NA,NA,NA,NA,1180,9772,NA,NA,NA,NA,NA,NA,NA,NA,7500,7500,43212
12293101,Jesuit School of Theology of Santa Clara University,Berkeley,CA,0,2,NA,NA,NA,NA,NA,NA,NA,NA,NA,NA,NA,NA,NA,NA,NA,NA,19162,19162,109183
12429201,Thomas Aquinas College - New England,Northfield,MA,0,2,NA,NA,NA,NA,NA,NA,30200,30200,NA,NA,NA,NA,NA,NA,NA,NA,18000,18000,55619
12509101,Victor Valley Community College - Aviation Technology,Victorville,CA,0,1,NA,NA,NA,NA,NA,NA,1425,10125,NA,NA,NA,NA,NA,NA,NA,NA,PS,PS,36119
12601201,Wright Institute (The) -,Berkeley,CA,0,2,NA,NA,NA,NA,NA,NA,NA,NA,NA,NA,NA,NA,NA,NA,NA,NA,PS,PS,NA
12697901,Denver Seminary - Washington DC,Landover,MD,0,2,NA,NA,NA,NA,NA,NA,NA,NA,NA,NA,NA,NA,NA,NA,NA,NA,PS,PS,NA
12915401,Goodwin University - Bridgeport Campus,Bridgeport,CT,0,2,NA,NA,NA,NA,NA,NA,21188,21188,NA,NA,NA,NA,NA,NA,NA,NA,33500,33500,43596
13017403,Porter and Chester Institute of Waterbury,Waterbury,CT,0,3,NA,NA,NA,NA,NA,NA,15856,15856,NA,NA,NA,NA,NA,NA,NA,NA,12000,12000,41588
13017405,Porter and Chester Institute of Worcester,Worcester,MA,0,3,NA,NA,NA,NA,NA,NA,15856,15856,NA,NA,NA,NA,NA,NA,NA,NA,12000,12000,41588
13017408,Porter and Chester Institute - Brockton,Brockton,MA,0,3,NA,NA,NA,NA,NA,NA,15856,15856,NA,NA,NA,NA,NA,NA,NA,NA,12000,12000,41588
13017409,Porter and Chester Institute - Chicopee,Chicopee,MA,0,3,NA,NA,NA,NA,NA,NA,15856,15856,NA,NA,NA,NA,NA,NA,NA,NA,12000,12000,41588
13017410,Porter and Chester Institute - New London,New London,CT,0,3,NA,NA,NA,NA,NA,NA,15856,15856,NA,NA,NA,NA,NA,NA,NA,NA,12000,12000,41588
13090701,Delaware Technical Community College-Owens,Georgetown,DE,0,1,NA,NA,NA,NA,NA,NA,5445,12308,NA,NA,NA,NA,NA,NA,NA,NA,10500,10500,41448
13090702,Delaware Technical Community College-Stanton/Wilmington,Wilmington,DE,0,1,NA,NA,NA,NA,NA,NA,5445,12308,NA,NA,NA,NA,NA,NA,NA,NA,10500,10500,41448
13247101,Barry University Law School,Orlando,FL,0,2,NA,NA,NA,NA,NA,NA,NA,NA,NA,NA,NA,NA,NA,NA,NA,NA,26997,26997,55966
13508101,Keiser University-Melbourne,Melbourne,FL,0,2,NA,NA,NA,NA,NA,NA,25056,25056,NA,NA,NA,NA,NA,NA,NA,NA,26125,26125,39696
13508102,Keiser University-Tallahassee,Tallahassee,FL,0,2,NA,NA,NA,NA,NA,NA,25056,25056,NA,NA,NA,NA,NA,NA,NA,NA,26125,26125,39696
13508103,Keiser University-Daytona,Daytona Beach,FL,0,2,NA,NA,NA,NA,NA,NA,25056,25056,NA,NA,NA,NA,NA,NA,NA,NA,26125,26125,39696
13508104,Keiser University-Lakeland,Lakeland,FL,0,2,NA,NA,NA,NA,NA,NA,25056,25056,NA,NA,NA,NA,NA,NA,NA,NA,26125,26125,39696
13508105,Keiser University- Miami,Miami,FL,0,2,NA,NA,NA,NA,NA,NA,25056,25056,NA,NA,NA,NA,NA,NA,NA,NA,26125,26125,39696
13508106,Keiser University-Orlando,Orlando,FL,0,2,NA,NA,NA,NA,NA,NA,25056,25056,NA,NA,NA,NA,NA,NA,NA,NA,26125,26125,39696
13508107,Keiser University-Sarasota,Sarasota,FL,0,2,NA,NA,NA,NA,NA,NA,25056,25056,NA,NA,NA,NA,NA,NA,NA,NA,26125,26125,39696
13508108,Keiser University-Jacksonville,Jacksonville,FL,0,2,NA,NA,NA,NA,NA,NA,25056,25056,NA,NA,NA,NA,NA,NA,NA,NA,26125,26125,39696
13508109,Keiser University-Tampa,Tampa,FL,0,2,NA,NA,NA,NA,NA,NA,25056,25056,NA,NA,NA,NA,NA,NA,NA,NA,26125,26125,39696
13508110,Keiser University-Pembroke Pines,Pembroke Pines,FL,0,2,NA,NA,NA,NA,NA,NA,25056,25056,NA,NA,NA,NA,NA,NA,NA,NA,26125,26125,39696
13508111,Keiser University-Port St Lucie,Port St Lucie,FL,0,2,NA,NA,NA,NA,NA,NA,25056,25056,NA,NA,NA,NA,NA,NA,NA,NA,26125,26125,39696
13508112,Keiser University-West Palm Beach,West Palm Beach,FL,0,2,NA,NA,NA,NA,NA,NA,25056,25056,NA,NA,NA,NA,NA,NA,NA,NA,26125,26125,39696
13508113,Keiser University-Ft Myers,Ft Myers,FL,0,2,NA,NA,NA,NA,NA,NA,25056,25056,NA,NA,NA,NA,NA,NA,NA,NA,26125,26125,39696
13508114,Keiser University -  Clearwater,Clearwater,FL,0,2,NA,NA,NA,NA,NA,NA,25056,25056,NA,NA,NA,NA,NA,NA,NA,NA,26125,26125,39696
13508115,Keiser University - New Port Richey,New Port Richey,FL,0,2,NA,NA,NA,NA,NA,NA,25056,25056,NA,NA,NA,NA,NA,NA,NA,NA,26125,26125,39696
13508116,Keiser University - Residential (Flagship),West Palm Beach,FL,0,2,NA,NA,NA,NA,NA,NA,38788,38788,NA,NA,NA,NA,NA,NA,NA,NA,26125,26125,39696
13552201,Maynard A. Traviss Technical College - Central Florida Aerospace Academy,Lakeland,FL,0,1,NA,NA,NA,NA,NA,NA,NA,NA,NA,NA,NA,NA,NA,NA,NA,NA,PS,PS,39813
13552202,Traviss Technical College - ATCFO,Bartow,FL,0,1,NA,NA,NA,NA,NA,NA,NA,NA,NA,NA,NA,NA,NA,NA,NA,NA,PS,PS,39813
13682601,Miami Lakes Educational Center and Technical College -,Miami Lakes,FL,0,1,NA,NA,NA,NA,NA,NA,NA,NA,NA,NA,NA,NA,NA,NA,NA,NA,PS,PS,37543
13830901,Rasmussen University-Central Pasco,Odessa,FL,0,3,NA,NA,NA,NA,NA,NA,15314,15314,NA,NA,NA,NA,NA,NA,NA,NA,20899,20899,39080
13830902,Rasmussen University-Fort Myers,Fort Myers,FL,0,3,NA,NA,NA,NA,NA,NA,15314,15314,NA,NA,NA,NA,NA,NA,NA,NA,20899,20899,39080
13830903,Rasmussen University-Tampa/Brandon,Brandon,FL,0,3,NA,NA,NA,NA,NA,NA,15314,15314,NA,NA,NA,NA,NA,NA,NA,NA,20899,20899,39080
13830905,Rasmussen University-North Orlando,Altamonte Springs,FL,0,3,NA,NA,NA,NA,NA,NA,15314,15314,NA,NA,NA,NA,NA,NA,NA,NA,20899,20899,39080
13962101,East Georgia State College - Statesboro,Statesboro,GA,0,1,NA,NA,NA,NA,NA,NA,4278,11238,NA,NA,NA,NA,NA,NA,NA,NA,11750,11750,37174
13962102,East Georgia State College - Augusta,Augusta,GA,0,1,NA,NA,NA,NA,NA,NA,4094,11054,NA,NA,NA,NA,NA,NA,NA,NA,11750,11750,37174
14570701,Illinois Eastern Community Colleges-Olney Central College,Olney,IL,0,1,NA,NA,NA,NA,NA,NA,5260,12460,NA,NA,NA,NA,NA,NA,NA,NA,6500,6500,37533
14570702,Illinois Eastern Community Colleges-Frontier Community College,Fairfield,IL,0,1,NA,NA,NA,NA,NA,NA,5260,12460,NA,NA,NA,NA,NA,NA,NA,NA,6500,6500,37533
14570703,Illinois Eastern Community Colleges-Lincoln Trail College,Robinson,IL,0,1,NA,NA,NA,NA,NA,NA,5260,12460,NA,NA,NA,NA,NA,NA,NA,NA,6500,6500,37533
14570704,Illinois Eastern Community Colleges-Wabash Valley College,Mount Carmel,IL,0,1,NA,NA,NA,NA,NA,NA,5260,12460,NA,NA,NA,NA,NA,NA,NA,NA,6500,6500,37533
14736901,Moody Theological Seminary and Graduate School--Michigan,Plymouth,MI,0,2,NA,NA,NA,NA,NA,NA,NA,NA,NA,NA,NA,NA,NA,NA,NA,NA,18149,18149,45399
14736903,Moody Bible Institute - Spokane,Spokane,WA,0,2,NA,NA,NA,NA,NA,NA,14784,14784,NA,NA,NA,NA,NA,NA,NA,NA,18149,18149,45399
14953201,Triton College - Intl Union of Operating Engr Local 399 Trning Fac.,Chicago,IL,0,1,NA,NA,NA,NA,NA,NA,2000,2000,NA,NA,NA,NA,NA,NA,NA,NA,9413,9413,41728
15085301,PJ's College of Cosmetology- Brownsburg,Brownsburg,IN,0,3,NA,NA,NA,NA,NA,NA,NA,NA,NA,NA,NA,NA,NA,NA,NA,NA,8289,8289,22402
15085303,PJ's College of Cosmetology- Jeffersonville,Jeffersonville,IN,0,3,NA,NA,NA,NA,NA,NA,NA,NA,NA,NA,NA,NA,NA,NA,NA,NA,8289,8289,22402
15098701,Ivy Tech Community College-South Bend/Elkhart,South Bend,IN,0,1,NA,NA,NA,NA,NA,NA,5154,9935,NA,NA,NA,NA,NA,NA,NA,NA,10727,10727,37186
15098702,Ivy Tech Community College-Columbus,Columbus,IN,0,1,NA,NA,NA,NA,NA,NA,5154,9935,NA,NA,NA,NA,NA,NA,NA,NA,10727,10727,37186
15098703,Ivy Tech Community College-Muncie,Muncie,IN,0,1,NA,NA,NA,NA,NA,NA,5154,9935,NA,NA,NA,NA,NA,NA,NA,NA,10727,10727,37186
15098704,Ivy Tech Community College-Kokomo,Kokomo,IN,0,1,NA,NA,NA,NA,NA,NA,5154,9935,NA,NA,NA,NA,NA,NA,NA,NA,10727,10727,37186
15098705,Ivy Tech Community College-Lafayette,Lafayette,IN,0,1,NA,NA,NA,NA,NA,NA,5154,9935,NA,NA,NA,NA,NA,NA,NA,NA,10727,10727,37186
15098706,Ivy Tech Community College-Fort Wayne,Fort Wayne,IN,0,1,NA,NA,NA,NA,NA,NA,5154,9935,NA,NA,NA,NA,NA,NA,NA,NA,10727,10727,37186
15098707,Ivy Tech Community College-Sellersburg,Sellersburg,IN,0,1,NA,NA,NA,NA,NA,NA,5154,9935,NA,NA,NA,NA,NA,NA,NA,NA,10727,10727,37186
15098708,Ivy Tech Community College-Evansville,Evansville,IN,0,1,NA,NA,NA,NA,NA,NA,5154,9935,NA,NA,NA,NA,NA,NA,NA,NA,10727,10727,37186
15098709,Ivy Tech Community College-Terre Haute,Terre Haute,IN,0,1,NA,NA,NA,NA,NA,NA,5154,9935,NA,NA,NA,NA,NA,NA,NA,NA,10727,10727,37186
15098710,Ivy Tech Community College-Richmond,Richmond,IN,0,1,NA,NA,NA,NA,NA,NA,5154,9935,NA,NA,NA,NA,NA,NA,NA,NA,10727,10727,37186
15098711,Ivy Tech Community College-Lake County,East Chicago,IN,0,1,NA,NA,NA,NA,NA,NA,5154,9935,NA,NA,NA,NA,NA,NA,NA,NA,10727,10727,37186
15098712,Ivy Tech Community College-Madison,Madison,IN,0,1,NA,NA,NA,NA,NA,NA,5154,9935,NA,NA,NA,NA,NA,NA,NA,NA,10727,10727,37186
15098713,Ivy Tech Community College-Bloomington,Bloomington,IN,0,1,NA,NA,NA,NA,NA,NA,5154,9935,NA,NA,NA,NA,NA,NA,NA,NA,10727,10727,37186
15098714,Ivy Tech Community College-Indianapolis,Indianapolis,IN,0,1,NA,NA,NA,NA,NA,NA,5154,9935,NA,NA,NA,NA,NA,NA,NA,NA,10727,10727,37186
15098715,Ivy Tech Community College-Marion,Marion,IN,0,1,NA,NA,NA,NA,NA,NA,5154,9935,NA,NA,NA,NA,NA,NA,NA,NA,10727,10727,37186
15098716,Ivy Tech Community College-Valparaiso,Valparaiso,IN,0,1,NA,NA,NA,NA,NA,NA,5154,9935,NA,NA,NA,NA,NA,NA,NA,NA,10727,10727,37186
15098717,Ivy Tech Community College-Lawrenceburg,Lawrenceburg,IN,0,1,NA,NA,NA,NA,NA,NA,5154,9935,NA,NA,NA,NA,NA,NA,NA,NA,10727,10727,37186
15098718,Ivy Tech Community College-Hamilton County,Noblesville,IN,0,1,NA,NA,NA,NA,NA,NA,5154,9935,NA,NA,NA,NA,NA,NA,NA,NA,10727,10727,37186
15098719,Ivy Tech Community College-Anderson,Anderson,IN,0,1,NA,NA,NA,NA,NA,NA,5154,9935,NA,NA,NA,NA,NA,NA,NA,NA,10727,10727,37186
15111101,Indiana University Fort Wayne,Fort Wayne,IN,0,1,NA,NA,NA,NA,NA,NA,10762,34891,NA,NA,NA,NA,NA,NA,NA,NA,20000,20000,55198
15111102,Indiana University Columbus,Columbus,IN,0,1,NA,NA,NA,NA,NA,NA,10762,34891,NA,NA,NA,NA,NA,NA,NA,NA,20000,20000,55198
15208001,University of Notre Dame -,Chicago,IL,0,2,NA,NA,NA,NA,NA,NA,NA,NA,NA,NA,NA,NA,NA,NA,NA,NA,19000,19000,99980
15336601,Graceland University - Independence,Independence,MO,0,2,NA,NA,NA,NA,NA,NA,14940,14940,NA,NA,NA,NA,NA,NA,NA,NA,21212,21212,47361
15468801,Baker University School of Nursing,Topeka,KS,0,2,NA,NA,NA,NA,NA,NA,NA,NA,NA,NA,NA,NA,NA,NA,NA,NA,25000,25000,63855
15492501,Coffeyville Technical Campus,Coffeyville,KS,0,1,NA,NA,NA,NA,NA,NA,3600,4680,NA,NA,NA,NA,NA,NA,NA,NA,8103,8103,35246
15492502,Columbus Technical Campus,Columbus,KS,0,1,NA,NA,NA,NA,NA,NA,3600,4680,NA,NA,NA,NA,NA,NA,NA,NA,8103,8103,35246
15492503,Coffeyville Community College - EMS Building,Coffeyville,KS,0,1,NA,NA,NA,NA,NA,NA,NA,NA,NA,NA,NA,NA,NA,NA,NA,NA,8103,8103,35246
15535301,Old Town Barber College - KC,Kansas City,MO,0,3,NA,NA,NA,NA,NA,NA,NA,NA,NA,NA,NA,NA,NA,NA,NA,NA,13000,13000,21295
15631001,PJ's College of Cosmetology- Greenfield,Greenfield,IN,0,3,NA,NA,NA,NA,NA,NA,NA,NA,NA,NA,NA,NA,NA,NA,NA,NA,7917,7917,20392
15631002,PJ's College of Cosmetology- Muncie,Muncie,IN,0,3,NA,NA,NA,NA,NA,NA,NA,NA,NA,NA,NA,NA,NA,NA,NA,NA,7917,7917,20392
15631003,PJ's College of Cosmetology- Indianapolis,Indianapolis,IN,0,3,NA,NA,NA,NA,NA,NA,NA,NA,NA,NA,NA,NA,NA,NA,NA,NA,7917,7917,20392
15631004,PJ's College of Cosmetology- Plainfield,Plainfield,IN,0,3,NA,NA,NA,NA,NA,NA,NA,NA,NA,NA,NA,NA,NA,NA,NA,NA,7917,7917,20392
15631005,PJ's College of Cosmetology- Louisville,Louisville,KY,0,3,NA,NA,NA,NA,NA,NA,NA,NA,NA,NA,NA,NA,NA,NA,NA,NA,7917,7917,20392
16061201,Southeastern Louisiana University - EBR Parish School System Prof Dev,Baton Rouge,LA,0,1,NA,NA,NA,NA,NA,NA,NA,NA,NA,NA,NA,NA,NA,NA,NA,NA,22113,22113,46482
16061202,Southeastern Louisiana University - St Amant High School,St Amant,LA,0,1,NA,NA,NA,NA,NA,NA,NA,NA,NA,NA,NA,NA,NA,NA,NA,NA,22113,22113,46482
16061203,Southeastern Louisiana University - Destrahan High School,Destrehan,LA,0,1,NA,NA,NA,NA,NA,NA,NA,NA,NA,NA,NA,NA,NA,NA,NA,NA,22113,22113,46482
16061204,Southeastern Louisiana University - Albert Cammon Middle School,St. Rose,LA,0,1,NA,NA,NA,NA,NA,NA,NA,NA,NA,NA,NA,NA,NA,NA,NA,NA,22113,22113,46482
16099501,Beal University,Wilton,ME,0,3,NA,NA,NA,NA,NA,NA,NA,NA,NA,NA,NA,NA,NA,NA,NA,NA,19500,19500,35639
16125301,University of Maine - Machias,Machias,ME,0,1,NA,NA,NA,NA,NA,NA,10050,18540,NA,NA,NA,NA,NA,NA,NA,NA,25000,25000,48653
16157202,Unity Environmental University - Unity,Unity,ME,0,2,NA,NA,NA,NA,NA,NA,17476,17476,NA,NA,NA,NA,NA,NA,NA,NA,25000,25000,37852
16884704,Baker College of Cadillac,Cadillac,MI,0,2,NA,NA,NA,NA,NA,NA,13000,13000,NA,NA,NA,NA,NA,NA,NA,NA,25000,25000,35833
16884706,Baker College of Jackson,Jackson,MI,0,2,NA,NA,NA,NA,NA,NA,13000,13000,NA,NA,NA,NA,NA,NA,NA,NA,25000,25000,35833
16884707,Baker College of Muskegon,Muskegon,MI,0,2,NA,NA,NA,NA,NA,NA,13000,13000,NA,NA,NA,NA,NA,NA,NA,NA,25000,25000,35833
16884710,Baker College - Royal Oak Campus,Royal Oak,MI,0,2,NA,NA,NA,NA,NA,NA,13000,13000,NA,NA,NA,NA,NA,NA,NA,NA,25000,25000,35833
16908001,Calvin University - Handlon Campus,Ionia,MI,0,2,NA,NA,NA,NA,NA,NA,NA,NA,NA,NA,NA,NA,NA,NA,NA,NA,23250,23250,58375
16947903,Davenport University-Warren Location,Warren,MI,0,2,NA,NA,NA,NA,NA,NA,24466,24466,NA,NA,NA,NA,NA,NA,NA,NA,26000,26000,45099
16947904,Davenport University-Kalamazoo Location,Kalamazoo,MI,0,2,NA,NA,NA,NA,NA,NA,NA,NA,NA,NA,NA,NA,NA,NA,NA,NA,26000,26000,45099
16947905,Davenport University-Lansing Location,Lansing,MI,0,2,NA,NA,NA,NA,NA,NA,24466,24466,NA,NA,NA,NA,NA,NA,NA,NA,26000,26000,45099
16947907,Davenport University-Midland Location,Midland,MI,0,2,NA,NA,NA,NA,NA,NA,24466,24466,NA,NA,NA,NA,NA,NA,NA,NA,26000,26000,45099
16947912,Davenport University-Traverse City Location,Traverse City,MI,0,2,NA,NA,NA,NA,NA,NA,NA,NA,NA,NA,NA,NA,NA,NA,NA,NA,26000,26000,45099
16947922,Davenport University - Wayne CCCD,Belleville,MI,0,2,NA,NA,NA,NA,NA,NA,NA,NA,NA,NA,NA,NA,NA,NA,NA,NA,26000,26000,45099
16947925,Davenport University - Detroit,Detroit,MI,0,2,NA,NA,NA,NA,NA,NA,NA,NA,NA,NA,NA,NA,NA,NA,NA,NA,26000,26000,45099
17296301,Anoka-Ramsey Community College-Cambridge Campus,Cambridge,MN,0,1,NA,NA,NA,NA,NA,NA,5682,5682,NA,NA,NA,NA,NA,NA,NA,NA,13500,13500,48342
17320301,Central Lakes College-Staples Campus,Staples,MN,0,1,NA,NA,NA,NA,NA,NA,6249,6249,NA,NA,NA,NA,NA,NA,NA,NA,11000,11000,42162
17355901,M State - Detroit Lakes Campus,Detroit Lakes,MN,0,1,NA,NA,NA,NA,NA,NA,5825,5825,NA,NA,NA,NA,NA,NA,NA,NA,12000,12000,45591
17355902,M State - Moorhead Campus,Moorhead,MN,0,1,NA,NA,NA,NA,NA,NA,6026,6026,NA,NA,NA,NA,NA,NA,NA,NA,12000,12000,45591
17355903,M State - Wadena Campus,Wadena,MN,0,1,NA,NA,NA,NA,NA,NA,5855,5855,NA,NA,NA,NA,NA,NA,NA,NA,12000,12000,45591
17373501,Minnesota North College - Itasca,Grand Rapids,MN,0,1,NA,NA,NA,NA,NA,NA,6022,6022,NA,NA,NA,NA,NA,NA,NA,NA,12000,12000,45570
17373502,Minnesota North College - Mesabi Range Virginia,Virginia,MN,0,1,NA,NA,NA,NA,NA,NA,6022,6022,NA,NA,NA,NA,NA,NA,NA,NA,12000,12000,45570
17373503,Minnesota North College - Mesabi Range Eveleth,Eveleth,MN,0,1,NA,NA,NA,NA,NA,NA,6022,6022,NA,NA,NA,NA,NA,NA,NA,NA,12000,12000,45570
17373504,Minnesota North College - Rainy River,International Falls,MN,0,1,NA,NA,NA,NA,NA,NA,6022,6022,NA,NA,NA,NA,NA,NA,NA,NA,12000,12000,45570
17373505,Minnesota North College - Vermilion,Ely,MN,0,1,NA,NA,NA,NA,NA,NA,6022,6022,NA,NA,NA,NA,NA,NA,NA,NA,12000,12000,45570
17391101,South Central College-Faribault,Faribault,MN,0,1,NA,NA,NA,NA,NA,NA,6146,6146,NA,NA,NA,NA,NA,NA,NA,NA,12000,12000,45068
17395701,Mayo Clinic College of Medicine and Science - Florida,Jacksonville,FL,0,2,NA,NA,NA,NA,NA,NA,3257,3257,NA,NA,NA,NA,NA,NA,NA,NA,10500,10500,79652
17395702,Mayo Clinic College of Medicine and Science - Arizona,Scottsdale,AZ,0,2,NA,NA,NA,NA,NA,NA,3257,3257,NA,NA,NA,NA,NA,NA,NA,NA,10500,10500,79652
17395703,Mayo Clinic College of Medicine and Science - Arizona,Phoenix,AZ,0,2,NA,NA,NA,NA,NA,NA,NA,NA,NA,NA,NA,NA,NA,NA,NA,NA,10500,10500,79652
17447301,Northland Community and Technical College - East Grand Forks,East Grand Forks,MN,0,1,NA,NA,NA,NA,NA,NA,6289,6289,NA,NA,NA,NA,NA,NA,NA,NA,12000,12000,44425
17447302,Northland Community and Technical College - Aerospace,Thief River Falls,MN,0,1,NA,NA,NA,NA,NA,NA,6289,6289,NA,NA,NA,NA,NA,NA,NA,NA,12000,12000,44425
17501401,Rasmussen University-Bloomington,Bloomington,MN,0,3,NA,NA,NA,NA,NA,NA,11490,11490,NA,NA,NA,NA,NA,NA,NA,NA,20899,20899,39080
17501402,Rasmussen University-Eagan,Eagan,MN,0,3,NA,NA,NA,NA,NA,NA,11490,11490,NA,NA,NA,NA,NA,NA,NA,NA,20899,20899,39080
17501403,Rasmussen University-Mankato,Mankato,MN,0,3,NA,NA,NA,NA,NA,NA,11490,11490,NA,NA,NA,NA,NA,NA,NA,NA,20899,20899,39080
17501406,Rasmussen University-Hennepin/Anoka,Brooklyn Park,MN,0,3,NA,NA,NA,NA,NA,NA,11490,11490,NA,NA,NA,NA,NA,NA,NA,NA,20899,20899,39080
17526301,Minnesota State CollegeSoutheast-Red Wing Campus,Red Wing,MN,0,1,NA,NA,NA,NA,NA,NA,6432,6432,NA,NA,NA,NA,NA,NA,NA,NA,12971,12971,43613
17557301,Copiah-Lincoln Community College Simpson County Center,Mendenhall,MS,0,1,NA,NA,NA,NA,NA,NA,4200,5200,NA,NA,NA,NA,NA,NA,NA,NA,7435,7435,31241
17557302,Copiah-Lincoln Community College-Natchez Campus,Natchez,MS,0,1,NA,NA,NA,NA,NA,NA,4200,5200,NA,NA,NA,NA,NA,NA,NA,NA,7435,7435,31241
17601701,University of Mississippi Medical Center,Jackson,MS,0,1,NA,NA,NA,NA,NA,NA,NA,NA,NA,NA,NA,NA,NA,NA,NA,NA,20000,20000,50994
17623901,Pearl River Community College-Forrest County Campus,Hattiesburg,MS,0,1,NA,NA,NA,NA,NA,NA,3700,6100,NA,NA,NA,NA,NA,NA,NA,NA,9750,9750,33019
17623902,PRCC Hancock Aviation Aerospace Workforce Academy,Kiln,MS,0,1,NA,NA,NA,NA,NA,NA,3700,6100,NA,NA,NA,NA,NA,NA,NA,NA,9750,9750,33019
17662801,Avila University -  Arizona,Goodyear,AZ,0,2,NA,NA,NA,NA,NA,NA,NA,NA,NA,NA,NA,NA,NA,NA,NA,NA,25000,25000,52773
17706501,Columbia College - Redstone Arsenal,Redstone Arsenal,AL,0,2,NA,NA,NA,NA,NA,NA,8256,8256,NA,NA,NA,NA,NA,NA,NA,NA,23879,23879,45378
17706504,Columbia College - NAS Jacksonville,Jacksonville,FL,0,2,NA,NA,NA,NA,NA,NA,8256,8256,NA,NA,NA,NA,NA,NA,NA,NA,23879,23879,45378
17706508,Columbia College - Fort Leonard Wood,Fort Leonard Wood,MO,0,2,NA,NA,NA,NA,NA,NA,8256,8256,NA,NA,NA,NA,NA,NA,NA,NA,23879,23879,45378
17706510,Columbia College - Lake Ozark,Osage Beach,MO,0,2,NA,NA,NA,NA,NA,NA,8256,8256,NA,NA,NA,NA,NA,NA,NA,NA,23879,23879,45378
17706512,Columbia College - Fort Worth,Fort Worth,TX,0,2,NA,NA,NA,NA,NA,NA,8256,8256,NA,NA,NA,NA,NA,NA,NA,NA,23879,23879,45378
17706515,Columbia College - Naval Station Everett/Marysville,Marysville,WA,0,2,NA,NA,NA,NA,NA,NA,8256,8256,NA,NA,NA,NA,NA,NA,NA,NA,23879,23879,45378
17706523,Columbia College - Fort Stewart,Ft. Stewart,GA,0,2,NA,NA,NA,NA,NA,NA,8256,8256,NA,NA,NA,NA,NA,NA,NA,NA,23879,23879,45378
17706524,Columbia College - Hunter Army Airfield,Hunter Army Airfield,GA,0,2,NA,NA,NA,NA,NA,NA,8256,8256,NA,NA,NA,NA,NA,NA,NA,NA,23879,23879,45378
17706525,Columbia College - Elgin,Elgin,IL,0,2,NA,NA,NA,NA,NA,NA,8256,8256,NA,NA,NA,NA,NA,NA,NA,NA,23879,23879,45378
17706527,Columbia College - Whidbey Island,Oak Harbor,WA,0,2,NA,NA,NA,NA,NA,NA,8256,8256,NA,NA,NA,NA,NA,NA,NA,NA,23879,23879,45378
17706530,Columbia College - Fort Sill,Fort Sill,OK,0,2,NA,NA,NA,NA,NA,NA,8256,8256,NA,NA,NA,NA,NA,NA,NA,NA,23879,23879,45378
17706532,Columbia College - San Diego,San Diego,CA,0,2,NA,NA,NA,NA,NA,NA,8256,8256,NA,NA,NA,NA,NA,NA,NA,NA,23879,23879,45378
17706546,Columbia College - Denver,Aurora,CO,0,2,NA,NA,NA,NA,NA,NA,8256,8256,NA,NA,NA,NA,NA,NA,NA,NA,23879,23879,45378
17706547,Columbia College - Whiteman AFB,Whiteman AFB,MO,0,2,NA,NA,NA,NA,NA,NA,8256,8256,NA,NA,NA,NA,NA,NA,NA,NA,23879,23879,45378
17981201,Kansas City University-Joplin,Joplin,MO,0,2,NA,NA,NA,NA,NA,NA,NA,NA,NA,NA,NA,NA,NA,NA,NA,NA,PS,PS,NA
18017901,City College Montana State University Billings,Billings,MT,0,1,NA,NA,NA,NA,NA,NA,4897,10823,NA,NA,NA,NA,NA,NA,NA,NA,18209,18209,44296
18409201,American Institute,Clifton,NJ,0,3,NA,NA,NA,NA,NA,NA,NA,NA,NA,NA,NA,NA,NA,NA,NA,NA,11979,11979,28710
18557201,Monmouth University -  Monmouth Park Corporate Center,West Long Branch,NJ,0,2,NA,NA,NA,NA,NA,NA,NA,NA,NA,NA,NA,NA,NA,NA,NA,NA,27000,27000,67991
18908801,Bard College - Holyoke Microcollege,Holyoke,MA,0,2,NA,NA,NA,NA,NA,NA,NA,NA,NA,NA,NA,NA,NA,NA,NA,NA,24254,24254,46543
18908802,Bard College - Coxsackie Correctional Facility,Coxsackie,NY,0,2,NA,NA,NA,NA,NA,NA,NA,NA,NA,NA,NA,NA,NA,NA,NA,NA,24254,24254,46543
18908803,Bard College - Eastern NY Correctional Facility,Napanoch,NY,0,2,NA,NA,NA,NA,NA,NA,NA,NA,NA,NA,NA,NA,NA,NA,NA,NA,24254,24254,46543
18908804,Bard College - Fishkill Correctional Facility,Beacon,NY,0,2,NA,NA,NA,NA,NA,NA,NA,NA,NA,NA,NA,NA,NA,NA,NA,NA,24254,24254,46543
18908805,Bard College - Green Haven Correctional Facility,Stormville,NY,0,2,NA,NA,NA,NA,NA,NA,NA,NA,NA,NA,NA,NA,NA,NA,NA,NA,24254,24254,46543
18908806,Bard College - Taconic Correctional Facility,Bedford Hill,NY,0,2,NA,NA,NA,NA,NA,NA,NA,NA,NA,NA,NA,NA,NA,NA,NA,NA,24254,24254,46543
18908807,Bard College - Woodbourne Correctional Facility,Woodbourne,NY,0,2,NA,NA,NA,NA,NA,NA,NA,NA,NA,NA,NA,NA,NA,NA,NA,NA,24254,24254,46543
18908808,Bard College - BHSEC Newark,Newark,NJ,0,2,NA,NA,NA,NA,NA,NA,NA,NA,NA,NA,NA,NA,NA,NA,NA,NA,24254,24254,46543
18908809,Bard College - Brooklyn Public Library,Brooklyn,NY,0,2,NA,NA,NA,NA,NA,NA,NA,NA,NA,NA,NA,NA,NA,NA,NA,NA,24254,24254,46543
18908811,Bard College - New York Public Library Countee Cullen Branch,New York,NY,0,2,NA,NA,NA,NA,NA,NA,NA,NA,NA,NA,NA,NA,NA,NA,NA,NA,24254,24254,46543
18908812,Bard College - Bard Globalization and International Affairs Program,New York,NY,0,2,NA,NA,NA,NA,NA,NA,NA,NA,NA,NA,NA,NA,NA,NA,NA,NA,24254,24254,46543
18908814,Bard College - Albion Correctional Facility,Albion,NY,0,2,NA,NA,NA,NA,NA,NA,NA,NA,NA,NA,NA,NA,NA,NA,NA,NA,24254,24254,46543
18956501,Bryant & Stratton College-Syracuse,Syracuse,NY,0,2,NA,NA,NA,NA,NA,NA,19699,19699,NA,NA,NA,NA,NA,NA,NA,NA,21549,21549,32568
18958301,Bryant & Stratton College-Amherst,Getzville,NY,0,2,NA,NA,NA,NA,NA,NA,16562,16562,NA,NA,NA,NA,NA,NA,NA,NA,21549,21549,32568
18958302,Bryant & Stratton College-Southtowns,Orchard Park,NY,0,2,NA,NA,NA,NA,NA,NA,18860,18860,NA,NA,NA,NA,NA,NA,NA,NA,21549,21549,32568
18959201,Bryant & Stratton College-Henrietta,Rochester,NY,0,2,NA,NA,NA,NA,NA,NA,20355,20355,NA,NA,NA,NA,NA,NA,NA,NA,21549,21549,32568
19004401,Clarkson University Capital Region Campus,Latham,NY,0,2,NA,NA,NA,NA,NA,NA,NA,NA,NA,NA,NA,NA,NA,NA,NA,NA,26000,26000,89696
19050301,Culinary Institute of America at Greystone,St. Helena,CA,0,2,NA,NA,NA,NA,NA,NA,39850,39850,NA,NA,NA,NA,NA,NA,NA,NA,15750,15750,47475
19050302,Culinary Institute of America San Antonio,San Antonio,TX,0,2,NA,NA,NA,NA,NA,NA,39050,39050,NA,NA,NA,NA,NA,NA,NA,NA,15750,15750,47475
19054901,CUNY Brooklyn College - Feirstein Graduate School of Cinema,Brooklyn,NY,0,1,NA,NA,NA,NA,NA,NA,NA,NA,NA,NA,NA,NA,NA,NA,NA,NA,11000,11000,60752
19385801,NYSMedical&Dental Assistants - American Institute of Clinical Massage,Post Falls,ID,0,3,NA,NA,NA,NA,NA,NA,NA,NA,NA,NA,NA,NA,NA,NA,NA,NA,8309,8309,38899
19457801,Pratt Manhattan-A Division of Pratt Institute,New York,NY,0,2,NA,NA,NA,NA,NA,NA,61845,61845,NA,NA,NA,NA,NA,NA,NA,NA,26000,26000,54295
19476301,Rabbinical Seminary of America-Ma'yan HaTorah,Flushing,NY,0,2,NA,NA,NA,NA,NA,NA,10000,10000,NA,NA,NA,NA,NA,NA,NA,NA,PS,PS,NA
19857001,Gaston College,Dallas,NC,0,1,NA,NA,NA,NA,NA,NA,3186,9330,NA,NA,NA,NA,NA,NA,NA,NA,PS,PS,35386
19975901,Southeastern Baptist Theological Seminary-Nash County Extension Center,Nashville,NC,0,2,NA,NA,NA,NA,NA,NA,14016,14016,NA,NA,NA,NA,NA,NA,NA,NA,PS,PS,NA
19975902,Southeastern Baptist Theological Seminary-Wake County Extension Center,Raleigh,NC,0,2,NA,NA,NA,NA,NA,NA,14016,14016,NA,NA,NA,NA,NA,NA,NA,NA,PS,PS,NA
19975903,Southeastern Baptist Theological Seminary - Lowell Correctional Institution,Ocala,FL,0,2,NA,NA,NA,NA,NA,NA,NA,NA,NA,NA,NA,NA,NA,NA,NA,NA,PS,PS,NA
19998001,Winston - Salem Barber School - Satellite,Greensboro,NC,0,3,NA,NA,NA,NA,NA,NA,NA,NA,NA,NA,NA,NA,NA,NA,NA,NA,PS,PS,16389
20146901,Bryant & Stratton College-Akron,Akron,OH,0,2,NA,NA,NA,NA,NA,NA,21173,21173,NA,NA,NA,NA,NA,NA,NA,NA,21549,21549,32568
20146902,Bryant & Stratton College-Solon,Solon,OH,0,2,NA,NA,NA,NA,NA,NA,20146,20146,NA,NA,NA,NA,NA,NA,NA,NA,21549,21549,32568
20303001,Adult & Community Education Columbus City Schools - Fort Hayes Career,Columbus,OH,0,1,NA,NA,NA,NA,NA,NA,NA,NA,NA,NA,NA,NA,NA,NA,NA,NA,14750,14750,51551
20306701,Hebrew Union College-Jewish Institute of Religion-Cincinnati,Cincinnati,OH,0,2,NA,NA,NA,NA,NA,NA,NA,NA,NA,NA,NA,NA,NA,NA,NA,NA,PS,PS,NA
20306702,Hebrew Union College-Jewish Institute of Religion-Los Angeles,Los Angeles,CA,0,2,NA,NA,NA,NA,NA,NA,NA,NA,NA,NA,NA,NA,NA,NA,NA,NA,PS,PS,NA
20354401,Kettering College - Ollie Davis Medical Arts and Education Center,Beavercreek,OH,0,2,NA,NA,NA,NA,NA,NA,NA,NA,NA,NA,NA,NA,NA,NA,NA,NA,23500,23500,67492
20417601,Mount Carmel College of Nursing - Fairfield,Lancaster,OH,0,2,NA,NA,NA,NA,NA,NA,22080,22080,NA,NA,NA,NA,NA,NA,NA,NA,22082,22082,75103
20940901,Bushnell University - Roseburg Campus,Roseburg,OR,0,2,NA,NA,NA,NA,NA,NA,NA,NA,NA,NA,NA,NA,NA,NA,NA,NA,23500,23500,53623
21036801,Western Seminary-San Jose,San Jose,CA,0,2,NA,NA,NA,NA,NA,NA,NA,NA,NA,NA,NA,NA,NA,NA,NA,NA,PS,PS,NA
21078401,The Beauty Institute,Philadelphia,PA,0,3,NA,NA,NA,NA,NA,NA,NA,NA,NA,NA,NA,NA,NA,NA,NA,NA,9583,9583,24785
21130701,Bucks County Community College-Upper Bucks Campus,Perkasie,PA,0,1,NA,NA,NA,NA,NA,NA,5683,13963,NA,NA,NA,NA,NA,NA,NA,NA,12000,12000,47324
21130702,Bucks County Community College-Gene and Marlene Epstein Campus at Lower Bucks,Bristol,PA,0,1,NA,NA,NA,NA,NA,NA,5683,13963,NA,NA,NA,NA,NA,NA,NA,NA,12000,12000,47324
21287801,Harrisburg Area Community College-Lancaster,Lancaster,PA,0,1,NA,NA,NA,NA,NA,NA,6975,12472,NA,NA,NA,NA,NA,NA,NA,NA,17500,17500,42007
21287802,Harrisburg Area Community College-Gettysburg,Gettysburg,PA,0,1,NA,NA,NA,NA,NA,NA,6975,12472,NA,NA,NA,NA,NA,NA,NA,NA,17500,17500,42007
21287803,Harrisburg Area Community College-Lebanon,Annville,PA,0,1,NA,NA,NA,NA,NA,NA,6975,12472,NA,NA,NA,NA,NA,NA,NA,NA,17500,17500,42007
21287804,Harrisburg Area Community College-York,York,PA,0,1,NA,NA,NA,NA,NA,NA,6975,12472,NA,NA,NA,NA,NA,NA,NA,NA,17500,17500,42007
21316301,UPMC Jameson School of Nursing - UPMC Hamot,Erie,PA,0,2,NA,NA,NA,NA,NA,NA,20645,20645,NA,NA,NA,NA,NA,NA,NA,NA,12000,12000,70472
21429001,New Castle School of Trades,Pulaski,PA,0,3,NA,NA,NA,NA,NA,NA,NA,NA,NA,NA,NA,NA,NA,NA,NA,NA,9567,9567,44814
21429002,New Castle School of Trades - East Liverpool Campus,East Liverpool,OH,0,3,NA,NA,NA,NA,NA,NA,NA,NA,NA,NA,NA,NA,NA,NA,NA,NA,9567,9567,44814
21437901,Northampton County Area Community College-Monroe,Tannersville,PA,0,1,NA,NA,NA,NA,NA,NA,5550,15270,NA,NA,NA,NA,NA,NA,NA,NA,15495,15495,41566
21597401,UPMC Shadyside - at UPMC Harrisburg,Harrisburg,PA,0,2,NA,NA,NA,NA,NA,NA,20645,20645,NA,NA,NA,NA,NA,NA,NA,NA,19666,19666,68801
21608301,South Hills School of Business and Technology-Altoona,Altoona,PA,0,3,NA,NA,NA,NA,NA,NA,19905,19905,NA,NA,NA,NA,NA,NA,NA,NA,16000,16000,35539
22039402,Tennessee College of Applied Technology-Jacksboro,LaFollette,TN,0,1,NA,NA,NA,NA,NA,NA,NA,NA,NA,NA,NA,NA,NA,NA,NA,NA,PS,PS,36449
22055202,South College-Asheville,Asheville,NC,0,3,NA,NA,NA,NA,NA,NA,18535,18535,NA,NA,NA,NA,NA,NA,NA,NA,18668,18668,36642
22055203,South College-Nashville,Nashville,TN,0,3,NA,NA,NA,NA,NA,NA,18535,18535,NA,NA,NA,NA,NA,NA,NA,NA,18668,18668,36642
22055204,South College-Atlanta,Atlanta,GA,0,3,NA,NA,NA,NA,NA,NA,18535,18535,NA,NA,NA,NA,NA,NA,NA,NA,18668,18668,36642
22055205,South College - Indianapolis,Inidianapolis,IN,0,3,NA,NA,NA,NA,NA,NA,18535,18535,NA,NA,NA,NA,NA,NA,NA,NA,18668,18668,36642
22055206,South College - Orlando,Orlando,FL,0,3,NA,NA,NA,NA,NA,NA,18535,18535,NA,NA,NA,NA,NA,NA,NA,NA,18668,18668,36642
22055207,South College -  Pittsburgh,Cranberry Township,PA,0,3,NA,NA,NA,NA,NA,NA,NA,NA,NA,NA,NA,NA,NA,NA,NA,NA,18668,18668,36642
22797901,San Jacinto College-North Campus,Houston,TX,0,1,NA,NA,NA,NA,NA,NA,2490,6690,NA,NA,NA,NA,NA,NA,NA,NA,9500,9500,43062
22797902,San Jacinto College-South Campus,Houston,TX,0,1,NA,NA,NA,NA,NA,NA,2490,6690,NA,NA,NA,NA,NA,NA,NA,NA,9500,9500,43062
22797903,San Jacinto Community College District - Generation Park Campus,Houston,TX,0,1,NA,NA,NA,NA,NA,NA,2490,6690,NA,NA,NA,NA,NA,NA,NA,NA,9500,9500,43062
22872301,Texas A & M University Health Science Center,Bryan,TX,0,1,NA,NA,NA,NA,NA,NA,11597,33705,NA,NA,NA,NA,NA,NA,NA,NA,17804,17804,72097
23059701,Snow College-Richfield Campus,Richfield,UT,0,1,NA,NA,NA,NA,NA,NA,4338,14288,NA,NA,NA,NA,NA,NA,NA,NA,7000,7000,41022
23059702,Snow College -  Central Utah Correctional Facility,Gunnison,UT,0,1,NA,NA,NA,NA,NA,NA,NA,NA,NA,NA,NA,NA,NA,NA,NA,NA,7000,7000,41022
23155401,Bluefield College - Edward Via College of Osteopathic Medicine,Blacksburg,VA,0,2,NA,NA,NA,NA,NA,NA,NA,NA,NA,NA,NA,NA,NA,NA,NA,NA,21855,21855,48896
23155402,Bluefield University - Edward Via College - Auburn,Auburn,AL,0,2,NA,NA,NA,NA,NA,NA,NA,NA,NA,NA,NA,NA,NA,NA,NA,NA,21855,21855,48896
23178501,Bryant & Stratton College-Richmond,North Chesterfield,VA,0,2,NA,NA,NA,NA,NA,NA,18689,18689,NA,NA,NA,NA,NA,NA,NA,NA,21549,21549,32568
23178502,Bryant & Stratton College-Hampton,Hampton,VA,0,2,NA,NA,NA,NA,NA,NA,18189,18189,NA,NA,NA,NA,NA,NA,NA,NA,21549,21549,32568
23368401,Strayer University-Alexandria Campus,Alexandria,VA,0,3,NA,NA,NA,NA,NA,NA,13920,13920,NA,NA,NA,NA,NA,NA,NA,NA,40621,40621,40092
23368410,Strayer University-Newport News Campus,Newport News,VA,0,3,NA,NA,NA,NA,NA,NA,13920,13920,NA,NA,NA,NA,NA,NA,NA,NA,40621,40621,40092
23368411,Strayer University-Virginia Beach Campus,Virginia Beach,VA,0,3,NA,NA,NA,NA,NA,NA,13920,13920,NA,NA,NA,NA,NA,NA,NA,NA,40621,40621,40092
23384201,Union Presbyterian Seminary-Charlotte,Charlotte,NC,0,2,NA,NA,NA,NA,NA,NA,NA,NA,NA,NA,NA,NA,NA,NA,NA,NA,PS,PS,NA
23661002,Shoreline Community College - Dental Hygiene,Seattle,WA,0,1,NA,NA,NA,NA,NA,NA,15201,16767,NA,NA,NA,NA,NA,NA,NA,NA,12021,12021,52009
23693901,Washington State University-Vancouver,Vancouver,WA,0,1,NA,NA,NA,NA,NA,NA,11937,28496,NA,NA,NA,NA,NA,NA,NA,NA,19500,19500,68905
23693902,Washington State University-Spokane,Spokane,WA,0,1,NA,NA,NA,NA,NA,NA,NA,NA,NA,NA,NA,NA,NA,NA,NA,NA,19500,19500,68905
23693903,Washington State University-Tri Cities,Richland,WA,0,1,NA,NA,NA,NA,NA,NA,12261,28820,NA,NA,NA,NA,NA,NA,NA,NA,19500,19500,68905
23693904,Washington State University - Everett Campus,Everett,WA,0,1,NA,NA,NA,NA,NA,NA,NA,NA,NA,NA,NA,NA,NA,NA,NA,NA,19500,19500,68905
23693905,Washington State University - Global Campus,Pullman,WA,0,1,NA,NA,NA,NA,NA,NA,11678,13021,NA,NA,NA,NA,NA,NA,NA,NA,19500,19500,68905
23743701,Ameritas College -  South Bay Correctional Facility,South Bay,FL,0,2,NA,NA,NA,NA,NA,NA,NA,NA,NA,NA,NA,NA,NA,NA,NA,NA,21604,21604,21783
24297201,NUC University - Arecibo,Arecibo,PR,0,3,NA,NA,NA,NA,NA,NA,9400,11120,NA,NA,NA,NA,NA,NA,NA,NA,9500,9500,24785
24297202,NUC University - Rio Grande,Rio Grande,PR,0,3,NA,NA,NA,NA,NA,NA,9400,11120,NA,NA,NA,NA,NA,NA,NA,NA,9500,9500,24785
24297203,NUC University - Ponce,Ponce,PR,0,3,NA,NA,NA,NA,NA,NA,9400,11120,NA,NA,NA,NA,NA,NA,NA,NA,9500,9500,24785
24297204,NUC University - Caguas,Caguas,PR,0,3,NA,NA,NA,NA,NA,NA,9400,12305,NA,NA,NA,NA,NA,NA,NA,NA,9500,9500,24785
24297205,NUC University - Mayaguez,Mayaguez,PR,0,3,NA,NA,NA,NA,NA,NA,9400,11120,NA,NA,NA,NA,NA,NA,NA,NA,9500,9500,24785
24297206,NUC University - South Florida,Pembroke Pines,FL,0,3,NA,NA,NA,NA,NA,NA,13593,13593,NA,NA,NA,NA,NA,NA,NA,NA,9500,9500,24785
24297207,NUC University - Florida Technical College - Lakeland,Lakeland,FL,0,3,NA,NA,NA,NA,NA,NA,18396,18396,NA,NA,NA,NA,NA,NA,NA,NA,9500,9500,24785
24297208,NUC University - Florida Technical College - Deland,Deland,FL,0,3,NA,NA,NA,NA,NA,NA,18396,18396,NA,NA,NA,NA,NA,NA,NA,NA,9500,9500,24785
24297209,NUC University - Florida Technical College - Kissimmee,Kissimmee,FL,0,3,NA,NA,NA,NA,NA,NA,18396,18396,NA,NA,NA,NA,NA,NA,NA,NA,9500,9500,24785
24297210,NUC University - Florida Technical College - Pembroke Pines,Pembroke Pines,FL,0,3,NA,NA,NA,NA,NA,NA,18396,18396,NA,NA,NA,NA,NA,NA,NA,NA,9500,9500,24785
24297211,NUC University - Florida Technical College - Cutler Bay,Cutler Bay,FL,0,3,NA,NA,NA,NA,NA,NA,18396,18396,NA,NA,NA,NA,NA,NA,NA,NA,9500,9500,24785
24297212,NUC University - IBC Technical Division - Ponce,Ponce,PR,0,3,NA,NA,NA,NA,NA,NA,9400,11120,NA,NA,NA,NA,NA,NA,NA,NA,9500,9500,24785
24297213,NUC University - IBC Technical Division - Mayaguez,Mayaguez,PR,0,3,NA,NA,NA,NA,NA,NA,9400,11120,NA,NA,NA,NA,NA,NA,NA,NA,9500,9500,24785
24297214,NUC University - IBC Technical Division - Guayama,Guayama,PR,0,3,NA,NA,NA,NA,NA,NA,9400,11120,NA,NA,NA,NA,NA,NA,NA,NA,9500,9500,24785
24297215,NUC University - IBC Technical Division - Fajardo,Fajardo,PR,0,3,NA,NA,NA,NA,NA,NA,9400,11120,NA,NA,NA,NA,NA,NA,NA,NA,9500,9500,24785
24297216,NUC University - IBC Technical Division - Manati,Manati,PR,0,3,NA,NA,NA,NA,NA,NA,9400,11120,NA,NA,NA,NA,NA,NA,NA,NA,9500,9500,24785
24297217,NUC University - IBC Technical Division - Los Colobos,Carolina,PR,0,3,NA,NA,NA,NA,NA,NA,9400,11120,NA,NA,NA,NA,NA,NA,NA,NA,9500,9500,24785
24297218,NUC University - IBC Technical Division - Moca,Moca,PR,0,3,NA,NA,NA,NA,NA,NA,9400,11120,NA,NA,NA,NA,NA,NA,NA,NA,9500,9500,24785
24297219,NUC University - IBC Technical Division - Aguadilla,Aguadilla,PR,0,3,NA,NA,NA,NA,NA,NA,9400,11120,NA,NA,NA,NA,NA,NA,NA,NA,9500,9500,24785
24297220,NUC University - IBC Technical Division - Caguas,Caguas,PR,0,3,NA,NA,NA,NA,NA,NA,9400,11120,NA,NA,NA,NA,NA,NA,NA,NA,9500,9500,24785
24297221,NUC University - IBC Technical Division - Arecibo,Arecibo,PR,0,3,NA,NA,NA,NA,NA,NA,9400,11120,NA,NA,NA,NA,NA,NA,NA,NA,9500,9500,24785
24297222,NUC University - IBC Technical Division - Escorial,San Juan,PR,0,3,NA,NA,NA,NA,NA,NA,9400,11120,NA,NA,NA,NA,NA,NA,NA,NA,9500,9500,24785
24297223,NUC University - IBC Technical Division - Bayamon,Bayamon,PR,0,3,NA,NA,NA,NA,NA,NA,9400,11120,NA,NA,NA,NA,NA,NA,NA,NA,9500,9500,24785
24297224,NUC University - IBC Technical Division - Yauco,Yauco,PR,0,3,NA,NA,NA,NA,NA,NA,9400,11120,NA,NA,NA,NA,NA,NA,NA,NA,9500,9500,24785
24297225,NUC University - Florida Technical College - Orlando,Orlando,FL,0,3,NA,NA,NA,NA,NA,NA,18396,18396,NA,NA,NA,NA,NA,NA,NA,NA,9500,9500,24785
24297226,NUC University - Florida Technical College - Tampa,Tampa,FL,0,3,NA,NA,NA,NA,NA,NA,18396,18396,NA,NA,NA,NA,NA,NA,NA,NA,9500,9500,24785
24297227,NUC University - CCU - Caguas,Caguas,PR,0,3,NA,NA,NA,NA,NA,NA,NA,NA,NA,NA,NA,NA,NA,NA,NA,NA,9500,9500,24785
24297228,NUC University - CCU - Yauco Campus,Yauco,PR,0,3,NA,NA,NA,NA,NA,NA,NA,NA,NA,NA,NA,NA,NA,NA,NA,NA,9500,9500,24785
24297230,NUC University - CCU - Carolina,Carolina,PR,0,3,NA,NA,NA,NA,NA,NA,NA,NA,NA,NA,NA,NA,NA,NA,NA,NA,9500,9500,24785
24297231,NUC University - CCU - Bayamon,Bayamon,PR,0,3,NA,NA,NA,NA,NA,NA,NA,NA,NA,NA,NA,NA,NA,NA,NA,NA,9500,9500,24785
24366501,University of the Virgin Islands-Albert A. Sheen,St. Croix,VI,0,1,NA,NA,NA,NA,NA,NA,5957,16557,NA,NA,NA,NA,NA,NA,NA,NA,16800,16800,38681
24378001,Purdue University - Purdue Polytechnic Anderson,Anderson,IN,0,1,NA,NA,NA,NA,NA,NA,6518,15579,NA,NA,NA,NA,NA,NA,NA,NA,19500,19500,72424
24378002,Purdue University - Purdue Polytechnic Indianapolis,Indianapolis,IN,0,1,NA,NA,NA,NA,NA,NA,7658,7658,NA,NA,NA,NA,NA,NA,NA,NA,19500,19500,72424
24378003,Purdue University - Purdue Polytechnic South Bend,South Bend,IN,0,1,NA,NA,NA,NA,NA,NA,6518,15579,NA,NA,NA,NA,NA,NA,NA,NA,19500,19500,72424
24378004,Purdue University - Purdue Polytechnic New Albany,New Albany,IN,0,1,NA,NA,NA,NA,NA,NA,6518,15579,NA,NA,NA,NA,NA,NA,NA,NA,19500,19500,72424
24378006,Purdue University - Purdue Polytechnic Columbus,Columbus,IN,0,1,NA,NA,NA,NA,NA,NA,6518,15579,NA,NA,NA,NA,NA,NA,NA,NA,19500,19500,72424
24378007,Purdue University - Purdue Polytechnic Kokomo,Kokomo,IN,0,1,NA,NA,NA,NA,NA,NA,6518,15579,NA,NA,NA,NA,NA,NA,NA,NA,19500,19500,72424
24378008,Purdue University - Purdue Polytechnic Richmond,Richmond,IN,0,1,NA,NA,NA,NA,NA,NA,6518,15579,NA,NA,NA,NA,NA,NA,NA,NA,19500,19500,72424
24378009,Purdue University - Purdue Polytechnic Lafayette,Lafayette,IN,0,1,NA,NA,NA,NA,NA,NA,6518,15579,NA,NA,NA,NA,NA,NA,NA,NA,19500,19500,72424
24378010,Purdue University - Purdue Polytechnic Vincennes,Vincennes,IN,0,1,NA,NA,NA,NA,NA,NA,7658,7658,NA,NA,NA,NA,NA,NA,NA,NA,19500,19500,72424
24378011,Purdue University - Westgate Academy,Odon,IN,0,1,NA,NA,NA,NA,NA,NA,11000,11000,NA,NA,NA,NA,NA,NA,NA,NA,19500,19500,72424
24378012,Purdue University -  Indianapolis,Indianapolis,IN,0,1,NA,NA,NA,NA,NA,NA,9992,28794,NA,NA,NA,NA,NA,NA,NA,NA,19500,19500,72424
24893401,ECPI University-Newport News,Newport News,VA,0,3,NA,NA,NA,NA,NA,NA,18484,18484,NA,NA,NA,NA,NA,NA,NA,NA,20000,20000,42837
24893402,ECPI University-Greensboro,Greensboro,NC,0,3,NA,NA,NA,NA,NA,NA,18484,18484,NA,NA,NA,NA,NA,NA,NA,NA,20000,20000,42837
24893403,ECPI University-Charlotte,Charlotte,NC,0,3,NA,NA,NA,NA,NA,NA,18484,18484,NA,NA,NA,NA,NA,NA,NA,NA,20000,20000,42837
24893404,ECPI University-Greenville,Greenville,SC,0,3,NA,NA,NA,NA,NA,NA,18484,18484,NA,NA,NA,NA,NA,NA,NA,NA,20000,20000,42837
24893405,ECPI University-Manassas,Manassas,VA,0,3,NA,NA,NA,NA,NA,NA,18484,18484,NA,NA,NA,NA,NA,NA,NA,NA,20000,20000,42837
24893406,ECPI University-Charleston,North Charleston,SC,0,3,NA,NA,NA,NA,NA,NA,18484,18484,NA,NA,NA,NA,NA,NA,NA,NA,20000,20000,42837
24893407,ECPI University-Raleigh,Raleigh,NC,0,3,NA,NA,NA,NA,NA,NA,18484,18484,NA,NA,NA,NA,NA,NA,NA,NA,20000,20000,42837
24893408,ECPI University-Columbia,Columbia,SC,0,3,NA,NA,NA,NA,NA,NA,18484,18484,NA,NA,NA,NA,NA,NA,NA,NA,20000,20000,42837
24893410,ECPI University-Culinary Institute of Virginia,Norfolk,VA,0,3,NA,NA,NA,NA,NA,NA,18484,18484,NA,NA,NA,NA,NA,NA,NA,NA,20000,20000,42837
24893411,ECPI University-Virginia Beach Health Sciences,Virginia Beach,VA,0,3,NA,NA,NA,NA,NA,NA,18484,18484,NA,NA,NA,NA,NA,NA,NA,NA,20000,20000,42837
24893412,ECPI University-Richmond South,Richmond,VA,0,3,NA,NA,NA,NA,NA,NA,18484,18484,NA,NA,NA,NA,NA,NA,NA,NA,20000,20000,42837
24893413,ECPI University-Innsbrook,Glen Allen,VA,0,3,NA,NA,NA,NA,NA,NA,18484,18484,NA,NA,NA,NA,NA,NA,NA,NA,20000,20000,42837
24893414,ECPI University-Richmond West,Richmond,VA,0,3,NA,NA,NA,NA,NA,NA,18484,18484,NA,NA,NA,NA,NA,NA,NA,NA,20000,20000,42837
24893415,ECPI University - Roanoke,Roanoke,VA,0,3,NA,NA,NA,NA,NA,NA,18484,18484,NA,NA,NA,NA,NA,NA,NA,NA,20000,20000,42837
24893416,ECPI University - Orlando,Lake Mary,FL,0,3,NA,NA,NA,NA,NA,NA,22885,22885,NA,NA,NA,NA,NA,NA,NA,NA,20000,20000,42837
24893418,ECPI University - San Antonio,San Antonio,TX,0,3,NA,NA,NA,NA,NA,NA,18484,18484,NA,NA,NA,NA,NA,NA,NA,NA,20000,20000,42837
26092901,Paul Mitchell The School Boise -Paul Mitchell The School Coeur d'Alene,Coeur d'Alene,ID,0,3,NA,NA,NA,NA,NA,NA,NA,NA,NA,NA,NA,NA,NA,NA,NA,NA,10555,10555,25719
36662301,Northwest Technology Center-Fairview,Fairview,OK,0,1,NA,NA,NA,NA,NA,NA,NA,NA,NA,NA,NA,NA,NA,NA,NA,NA,PS,PS,32501
37321601,Pivot Point Academy -  Wahl Barber Academy,Chicago,IL,0,3,NA,NA,NA,NA,NA,NA,NA,NA,NA,NA,NA,NA,NA,NA,NA,NA,9833,9833,30453
37369601,Rob Roy Academy - Woonsocket,Woonsocket,RI,0,3,NA,NA,NA,NA,NA,NA,NA,NA,NA,NA,NA,NA,NA,NA,NA,NA,9465,9465,30033
37669501,College of the Marshall Islands - Kwajalein Campus,Kwajalein Atoll,MH,0,1,NA,NA,NA,NA,NA,NA,7458,8098,NA,NA,NA,NA,NA,NA,NA,NA,PS,PS,NA
37727201,Nuvani Institute-Uvalde,Uvalde,TX,0,3,NA,NA,NA,NA,NA,NA,NA,NA,NA,NA,NA,NA,NA,NA,NA,NA,5304,PS,19484
37728101,Nuvani Institute-Del Rio,Del Rio,TX,0,3,NA,NA,NA,NA,NA,NA,NA,NA,NA,NA,NA,NA,NA,NA,NA,NA,5030,5030,22354
37728103,Nuvani Institute-South Campus,Austin,TX,0,3,NA,NA,NA,NA,NA,NA,NA,NA,NA,NA,NA,NA,NA,NA,NA,NA,5030,5030,22354
38430601,Acupuncture and Integrative Medicine College Berkeley - Austin,Austin,TX,0,2,NA,NA,NA,NA,NA,NA,NA,NA,NA,NA,NA,NA,NA,NA,NA,NA,PS,PS,NA
38561901,Everglades University-Orlando,Maitland,FL,0,2,NA,NA,NA,NA,NA,NA,21680,21680,NA,NA,NA,NA,NA,NA,NA,NA,38996,38996,47597
38561902,Everglades University-Sarasota,Sarasota,FL,0,2,NA,NA,NA,NA,NA,NA,21680,21680,NA,NA,NA,NA,NA,NA,NA,NA,38996,38996,47597
38561903,Everglades University - Tampa,Tampa,FL,0,2,NA,NA,NA,NA,NA,NA,21680,21680,NA,NA,NA,NA,NA,NA,NA,NA,38996,38996,47597
38561904,Everglades University - Miami,Miami,FL,0,2,NA,NA,NA,NA,NA,NA,21680,21680,NA,NA,NA,NA,NA,NA,NA,NA,38996,38996,47597
40884401,Florida National University-South Campus,Miami,FL,0,3,NA,NA,NA,NA,NA,NA,17368,17368,NA,NA,NA,NA,NA,NA,NA,NA,27554,27554,33928
40884402,Florida National University Training Center,Hialeah,FL,0,3,NA,NA,NA,NA,NA,NA,17368,17368,NA,NA,NA,NA,NA,NA,NA,NA,27554,27554,33928
41829601,Indian Capital Technology Center-Sallisaw,Sallisaw,OK,0,1,NA,NA,NA,NA,NA,NA,NA,NA,NA,NA,NA,NA,NA,NA,NA,NA,PS,PS,33208
41829602,Indian Capital Technology Center-Stilwell,Stilwell,OK,0,1,NA,NA,NA,NA,NA,NA,NA,NA,NA,NA,NA,NA,NA,NA,NA,NA,PS,PS,33208
41829603,Indian Capital Technology Center-Tahlequah,Tahlequah,OK,0,1,NA,NA,NA,NA,NA,NA,NA,NA,NA,NA,NA,NA,NA,NA,NA,NA,PS,PS,33208
41829604,Indian Capital Technology Center School  District Number 4 - Coweta,Coweta,OK,0,1,NA,NA,NA,NA,NA,NA,NA,NA,NA,NA,NA,NA,NA,NA,NA,NA,PS,PS,33208
41918301,Central California School of Continuing Education -,Coalinga,CA,0,3,NA,NA,NA,NA,NA,NA,9895,9895,NA,NA,NA,NA,NA,NA,NA,NA,5150,5150,41223
42312001,Compu-Med Vocational Careers Corp,Miami,FL,0,3,NA,NA,NA,NA,NA,NA,NA,NA,NA,NA,NA,NA,NA,NA,NA,NA,PS,PS,22226
42312002,Compu-Med Vocational Careers - Dallas,Dallas,TX,0,3,NA,NA,NA,NA,NA,NA,NA,NA,NA,NA,NA,NA,NA,NA,NA,NA,PS,PS,22226
42799101,Osceola Technical College - St. Cloud Campus,St. Cloud,FL,0,1,NA,NA,NA,NA,NA,NA,NA,NA,NA,NA,NA,NA,NA,NA,NA,NA,PS,PS,38484
42799102,Osceola Technical College - Poinciana Campus,Kissimmee,FL,0,1,NA,NA,NA,NA,NA,NA,NA,NA,NA,NA,NA,NA,NA,NA,NA,NA,PS,PS,38484
42817001,Southeastern College-Miami Lakes,Miami Lakes,FL,0,3,NA,NA,NA,NA,NA,NA,24480,24480,NA,NA,NA,NA,NA,NA,NA,NA,19000,19000,41200
43482101,Blue Cliff College,Metairie,LA,0,3,NA,NA,NA,NA,NA,NA,NA,NA,NA,NA,NA,NA,NA,NA,NA,NA,9500,9500,22177
44098901,Career Schools of Texas - Branch Campus #1,Dallas,TX,0,3,NA,NA,NA,NA,NA,NA,NA,NA,NA,NA,NA,NA,NA,NA,NA,NA,13000,13000,21262
44098902,Career Schools of Texas - Branch Campus #2,Dallas,TX,0,3,NA,NA,NA,NA,NA,NA,NA,NA,NA,NA,NA,NA,NA,NA,NA,NA,13000,13000,21262
44098904,Career Schools of Texas - Branch Campus #5,Houston,TX,0,3,NA,NA,NA,NA,NA,NA,NA,NA,NA,NA,NA,NA,NA,NA,NA,NA,13000,13000,21262
44376602,Strayer University-Shelby Oaks Campus,Memphis,TN,0,3,NA,NA,NA,NA,NA,NA,13920,13920,NA,NA,NA,NA,NA,NA,NA,NA,40621,40621,40092
44378403,Strayer University-Center City Campus,Philadelphia,PA,0,3,NA,NA,NA,NA,NA,NA,13920,13920,NA,NA,NA,NA,NA,NA,NA,NA,40621,40621,40092
44473201,Leston College -,Isabela,PR,0,3,NA,NA,NA,NA,NA,NA,NA,NA,NA,NA,NA,NA,NA,NA,NA,NA,PS,PS,16002
44628801,Paul Mitchell The School Great Lakes - Sarasota,Sarasota,FL,0,3,NA,NA,NA,NA,NA,NA,NA,NA,NA,NA,NA,NA,NA,NA,NA,NA,9667,9667,16715
44652501,SAE Institute of Technology-New York,New York,NY,0,3,NA,NA,NA,NA,NA,NA,24072,24072,NA,NA,NA,NA,NA,NA,NA,NA,9500,9500,39544
44652502,SAE Institute of Technology-Atlanta,Atlanta,GA,0,3,NA,NA,NA,NA,NA,NA,18474,18474,NA,NA,NA,NA,NA,NA,NA,NA,9500,9500,39544
44652503,SAE Institute of Technology-Miami,North Miami Beach,FL,0,3,NA,NA,NA,NA,NA,NA,23888,23888,NA,NA,NA,NA,NA,NA,NA,NA,9500,9500,39544
44652504,SAE Institute of Technology-Chicago,Chicago,IL,0,3,NA,NA,NA,NA,NA,NA,17994,17994,NA,NA,NA,NA,NA,NA,NA,NA,9500,9500,39544
44784701,Aviator College of Aeronautical Science & Technology -  Kissimmee,Kissimmee,FL,0,3,NA,NA,NA,NA,NA,NA,16978,16978,NA,NA,NA,NA,NA,NA,NA,NA,16979,16979,67739
44867301,Rasmussen University-Aurora,Aurora,IL,0,3,NA,NA,NA,NA,NA,NA,14078,14078,NA,NA,NA,NA,NA,NA,NA,NA,20899,20899,39080
44867302,Rasmussen University-Romeoville/Joliet,Romeoville,IL,0,3,NA,NA,NA,NA,NA,NA,14078,14078,NA,NA,NA,NA,NA,NA,NA,NA,20899,20899,39080
44867303,Rasmussen University-Mokena/Tinley Park,Mokena,IL,0,3,NA,NA,NA,NA,NA,NA,14078,14078,NA,NA,NA,NA,NA,NA,NA,NA,20899,20899,39080
44946301,Academy Di Capelli -,East Hartford,CT,0,3,NA,NA,NA,NA,NA,NA,NA,NA,NA,NA,NA,NA,NA,NA,NA,NA,6333,6333,NA
44948101,Dragon Rises College of Oriental Medicine - Bradenton,Bradenton,FL,0,2,NA,NA,NA,NA,NA,NA,NA,NA,NA,NA,NA,NA,NA,NA,NA,NA,PS,PS,NA
44970001,Dayton School of Medical Massage-Lima,Lima,OH,0,3,NA,NA,NA,NA,NA,NA,18122,18122,NA,NA,NA,NA,NA,NA,NA,NA,13432,13432,31071
44970002,Cincinnati School of Medical Massage,Cincinnati,OH,0,3,NA,NA,NA,NA,NA,NA,18122,18122,NA,NA,NA,NA,NA,NA,NA,NA,13432,13432,31071
44970003,Cleveland Institute of Medical Massage,Middleburg Heights,OH,0,3,NA,NA,NA,NA,NA,NA,18122,18122,NA,NA,NA,NA,NA,NA,NA,NA,13432,13432,31071
44970004,Columbus School of Medical Massage,Dublin,OH,0,3,NA,NA,NA,NA,NA,NA,18122,18122,NA,NA,NA,NA,NA,NA,NA,NA,13432,13432,31071
45057102,Rasmussen University-Wausau,Wausau,WI,0,3,NA,NA,NA,NA,NA,NA,NA,NA,NA,NA,NA,NA,NA,NA,NA,NA,20899,20899,39080
45098801,Coastline Beauty College - Hemet,Hemet,CA,0,3,NA,NA,NA,NA,NA,NA,NA,NA,NA,NA,NA,NA,NA,NA,NA,NA,PS,PS,11585
45128201,Elevate Salon Institute,Utica,MI,0,3,NA,NA,NA,NA,NA,NA,NA,NA,NA,NA,NA,NA,NA,NA,NA,NA,6333,6333,16853
45133401,Academy of Hair Design - Austin,Austin,TX,0,3,NA,NA,NA,NA,NA,NA,NA,NA,NA,NA,NA,NA,NA,NA,NA,NA,9500,9500,25129
45175002,Bryant & Stratton College-Racine,Mount Pleasant,WI,0,2,NA,NA,NA,NA,NA,NA,NA,NA,NA,NA,NA,NA,NA,NA,NA,NA,21549,21549,32568
45486501,Cambridge College of Healthcare & Technology,Atlanta,GA,0,3,NA,NA,NA,NA,NA,NA,18168,18168,NA,NA,NA,NA,NA,NA,NA,NA,26250,26250,47792
45486502,Cambridge College of Healthcare & Technology - Miami Gardens,Miami Gardens,FL,0,3,NA,NA,NA,NA,NA,NA,18168,18168,NA,NA,NA,NA,NA,NA,NA,NA,26250,26250,47792
45491701,Celebrity School of Beauty - Hialeah,Hialeah,FL,0,3,NA,NA,NA,NA,NA,NA,NA,NA,NA,NA,NA,NA,NA,NA,NA,NA,6333,6333,15626
45519601,Jersey College - Tampa,Tampa,FL,0,3,NA,NA,NA,NA,NA,NA,NA,NA,NA,NA,NA,NA,NA,NA,NA,NA,21000,21000,66087
45519602,Jersey College - Ewing,Ewing,NJ,0,3,NA,NA,NA,NA,NA,NA,NA,NA,NA,NA,NA,NA,NA,NA,NA,NA,21000,21000,66087
45519603,Jersey College - Jacksonville,Jacksonville,FL,0,3,NA,NA,NA,NA,NA,NA,NA,NA,NA,NA,NA,NA,NA,NA,NA,NA,21000,21000,66087
45519604,Jersey College - Fort Lauderdale,Sunrise,FL,0,3,NA,NA,NA,NA,NA,NA,NA,NA,NA,NA,NA,NA,NA,NA,NA,NA,21000,21000,66087
45519605,Jersey College - Largo,Largo,FL,0,3,NA,NA,NA,NA,NA,NA,NA,NA,NA,NA,NA,NA,NA,NA,NA,NA,21000,21000,66087
45519606,Jersey College - Port Charlotte,Port Charlotte,FL,0,3,NA,NA,NA,NA,NA,NA,NA,NA,NA,NA,NA,NA,NA,NA,NA,NA,21000,21000,66087
45519607,Jersey College - Fort Wayne,Fort Wayne,IN,0,3,NA,NA,NA,NA,NA,NA,NA,NA,NA,NA,NA,NA,NA,NA,NA,NA,21000,21000,66087
45519608,Jersey College - Brooksville,Brooksville,FL,0,3,NA,NA,NA,NA,NA,NA,NA,NA,NA,NA,NA,NA,NA,NA,NA,NA,21000,21000,66087
45519609,Jersey College - Naples,Naples,FL,0,3,NA,NA,NA,NA,NA,NA,NA,NA,NA,NA,NA,NA,NA,NA,NA,NA,21000,21000,66087
45519610,Jersey College - Cleveland,Cleveland,TN,0,3,NA,NA,NA,NA,NA,NA,NA,NA,NA,NA,NA,NA,NA,NA,NA,NA,21000,21000,66087
45519611,Jersey College - Melbourne,Melbourne,FL,0,3,NA,NA,NA,NA,NA,NA,NA,NA,NA,NA,NA,NA,NA,NA,NA,NA,21000,21000,66087
45519612,Jersey College - Scranton,Scranton,PA,0,3,NA,NA,NA,NA,NA,NA,NA,NA,NA,NA,NA,NA,NA,NA,NA,NA,21000,21000,66087
45519613,Jersey College - Tucson,Tucson,AZ,0,3,NA,NA,NA,NA,NA,NA,NA,NA,NA,NA,NA,NA,NA,NA,NA,NA,21000,21000,66087
45519614,Jersey College - Knoxville,Knoxville,TN,0,3,NA,NA,NA,NA,NA,NA,NA,NA,NA,NA,NA,NA,NA,NA,NA,NA,21000,21000,66087
45519615,Jersey College - Jenkintown,Jenkintown,PA,0,3,NA,NA,NA,NA,NA,NA,NA,NA,NA,NA,NA,NA,NA,NA,NA,NA,21000,21000,66087
45519616,Jersey College - Mesa,Mesa,AZ,0,3,NA,NA,NA,NA,NA,NA,NA,NA,NA,NA,NA,NA,NA,NA,NA,NA,21000,21000,66087
45519617,Jersey College - Dothan,Dothan,AL,0,3,NA,NA,NA,NA,NA,NA,NA,NA,NA,NA,NA,NA,NA,NA,NA,NA,21000,21000,66087
45519618,Jersey College - York,York,PA,0,3,NA,NA,NA,NA,NA,NA,NA,NA,NA,NA,NA,NA,NA,NA,NA,NA,21000,21000,66087
45538101,Utah County Campus,Orem,UT,0,3,NA,NA,NA,NA,NA,NA,NA,NA,NA,NA,NA,NA,NA,NA,NA,NA,7667,7667,27153
45763301,L'esprit Academy - Southfield,Southfield,MI,0,3,NA,NA,NA,NA,NA,NA,NA,NA,NA,NA,NA,NA,NA,NA,NA,NA,6333,6333,22440
45891902,Strayer University-Morrow Campus,Morrow,GA,0,3,NA,NA,NA,NA,NA,NA,13920,13920,NA,NA,NA,NA,NA,NA,NA,NA,40621,40621,40092
45891905,Strayer University-Lithonia Campus,Lithonia,GA,0,3,NA,NA,NA,NA,NA,NA,13920,13920,NA,NA,NA,NA,NA,NA,NA,NA,40621,40621,40092
45891907,Strayer University-Augusta Campus,Augusta,GA,0,3,NA,NA,NA,NA,NA,NA,13920,13920,NA,NA,NA,NA,NA,NA,NA,NA,40621,40621,40092
45897303,Strayer University-Northwest Houston,Houston,TX,0,3,NA,NA,NA,NA,NA,NA,13920,13920,NA,NA,NA,NA,NA,NA,NA,NA,40621,40621,40092
45897306,Strayer University-North Dallas,Farmers Branch,TX,0,3,NA,NA,NA,NA,NA,NA,13920,13920,NA,NA,NA,NA,NA,NA,NA,NA,40621,40621,40092
45920401,Unitek College - San Jose,San Jose,CA,0,3,NA,NA,NA,NA,NA,NA,NA,NA,NA,NA,NA,NA,NA,NA,NA,NA,10700,10700,79550
45920402,Unitek College - Sacramento,Sacramento,CA,0,3,NA,NA,NA,NA,NA,NA,NA,NA,NA,NA,NA,NA,NA,NA,NA,NA,10700,10700,79550
45920403,Unitek College - Concord,Concord,CA,0,3,NA,NA,NA,NA,NA,NA,NA,NA,NA,NA,NA,NA,NA,NA,NA,NA,10700,10700,79550
45920404,Unitek College - Bakersfield,Bakersfield,CA,0,3,NA,NA,NA,NA,NA,NA,NA,NA,NA,NA,NA,NA,NA,NA,NA,NA,10700,10700,79550
45920405,Unitek College - Reno,Reno,NV,0,3,NA,NA,NA,NA,NA,NA,NA,NA,NA,NA,NA,NA,NA,NA,NA,NA,10700,10700,79550
46171301,Pure Aesthetics Natural Skincare School -  Arizona Holistic Institute,Tucson,AZ,0,3,NA,NA,NA,NA,NA,NA,NA,NA,NA,NA,NA,NA,NA,NA,NA,NA,PS,PS,NA
46182901,Cinta Aveda Institute - San Jose,San Jose,CA,0,3,NA,NA,NA,NA,NA,NA,NA,NA,NA,NA,NA,NA,NA,NA,NA,NA,6333,6333,34937
47503301,Relay Graduate School of Education - Newark,Newark,NJ,0,2,NA,NA,NA,NA,NA,NA,NA,NA,NA,NA,NA,NA,NA,NA,NA,NA,PS,PS,NA
47503302,Relay Graduate School of Education - New Orleans,New Orleans,LA,0,2,NA,NA,NA,NA,NA,NA,NA,NA,NA,NA,NA,NA,NA,NA,NA,NA,PS,PS,NA
47503303,Relay Graduate School of Education - Delaware,Wilmington,DE,0,2,NA,NA,NA,NA,NA,NA,NA,NA,NA,NA,NA,NA,NA,NA,NA,NA,PS,PS,NA
47503304,Relay Graduate School of Education - Memphis,Memphis,TN,0,2,NA,NA,NA,NA,NA,NA,NA,NA,NA,NA,NA,NA,NA,NA,NA,NA,PS,PS,NA
47503305,Relay Graduate School of Education - Houston,Houston,TX,0,2,NA,NA,NA,NA,NA,NA,NA,NA,NA,NA,NA,NA,NA,NA,NA,NA,PS,PS,NA
47503306,Relay Graduate School of Education - Chicago,Chicago,IL,0,2,NA,NA,NA,NA,NA,NA,NA,NA,NA,NA,NA,NA,NA,NA,NA,NA,PS,PS,NA
47503307,Relay Graduate School of Education - Baton Rouge,Baton Rouge,LA,0,2,NA,NA,NA,NA,NA,NA,NA,NA,NA,NA,NA,NA,NA,NA,NA,NA,PS,PS,NA
47503308,Relay Graduate School of Education - Philadelphia & Camden,Philadelphia,PA,0,2,NA,NA,NA,NA,NA,NA,NA,NA,NA,NA,NA,NA,NA,NA,NA,NA,PS,PS,NA
47503309,Relay Graduate School of Education - Denver,Denver,CO,0,2,NA,NA,NA,NA,NA,NA,NA,NA,NA,NA,NA,NA,NA,NA,NA,NA,PS,PS,NA
47503310,Relay Graduate School of Education - Nashville,Nashville,TN,0,2,NA,NA,NA,NA,NA,NA,NA,NA,NA,NA,NA,NA,NA,NA,NA,NA,PS,PS,NA
47503311,Relay Graduate School of Education - San Antonio,San Antonio,TX,0,2,NA,NA,NA,NA,NA,NA,NA,NA,NA,NA,NA,NA,NA,NA,NA,NA,PS,PS,NA
47503312,Relay Graduate School of Education - Dallas-Fort Worth,Dallas,TX,0,2,NA,NA,NA,NA,NA,NA,NA,NA,NA,NA,NA,NA,NA,NA,NA,NA,PS,PS,NA
47503313,Relay Graduate School of Education - Washington D.C,Washington,DC,0,2,NA,NA,NA,NA,NA,NA,NA,NA,NA,NA,NA,NA,NA,NA,NA,NA,PS,PS,NA
47503314,Relay Graduate School of Education - Atlanta,Atlanta,GA,0,2,NA,NA,NA,NA,NA,NA,NA,NA,NA,NA,NA,NA,NA,NA,NA,NA,PS,PS,NA
47503315,Relay Graduate School of Education - California,San Jose,CA,0,2,NA,NA,NA,NA,NA,NA,NA,NA,NA,NA,NA,NA,NA,NA,NA,NA,PS,PS,NA
47503316,Relay Graduate School of Education - Indiana,Indianapolis,IN,0,2,NA,NA,NA,NA,NA,NA,NA,NA,NA,NA,NA,NA,NA,NA,NA,NA,PS,PS,NA
47503317,Relay Graduate School of Education - Connecticut,New Haven,CT,0,2,NA,NA,NA,NA,NA,NA,NA,NA,NA,NA,NA,NA,NA,NA,NA,NA,PS,PS,NA
47570501,Annenberg School of Nursing -  Los Angeles,Los Angeles,CA,0,2,NA,NA,NA,NA,NA,NA,NA,NA,NA,NA,NA,NA,NA,NA,NA,NA,PS,PS,NA
47662901,Salon Institute - Columbus Campus,Lewis Center,OH,0,3,NA,NA,NA,NA,NA,NA,NA,NA,NA,NA,NA,NA,NA,NA,NA,NA,12000,12000,NA
48065701,Rasmussen University - Overland Park,Overland Park,KS,0,3,NA,NA,NA,NA,NA,NA,17160,17160,NA,NA,NA,NA,NA,NA,NA,NA,20899,20899,39080
48079001,Rocky Vista University - Utah,Ivins,UT,0,3,NA,NA,NA,NA,NA,NA,NA,NA,NA,NA,NA,NA,NA,NA,NA,NA,NA,NA,NA
48092101,Designer Barber & Stylist School -,Fort Smith,AR,0,3,NA,NA,NA,NA,NA,NA,NA,NA,NA,NA,NA,NA,NA,NA,NA,NA,PS,PS,NA
48100301,MT Training Center - Humble,Humble,TX,0,3,NA,NA,NA,NA,NA,NA,NA,NA,NA,NA,NA,NA,NA,NA,NA,NA,6755,6755,NA
48133101,Sharp Edgez Barber Institute - Buffalo,Buffalo,NY,0,3,NA,NA,NA,NA,NA,NA,NA,NA,NA,NA,NA,NA,NA,NA,NA,NA,5476,5476,NA
48152601,Chrysm Institute of Esthetics (The) - Hampton,Hampton,VA,0,3,NA,NA,NA,NA,NA,NA,NA,NA,NA,NA,NA,NA,NA,NA,NA,NA,6333,6333,NA
48224601,Lynnes Welding Training - Ramsey,Ramsey,MN,0,3,NA,NA,NA,NA,NA,NA,NA,NA,NA,NA,NA,NA,NA,NA,NA,NA,PS,PS,NA
48224602,Lynnes Welding Training-Bismarck,Bismarck,ND,0,3,NA,NA,NA,NA,NA,NA,NA,NA,NA,NA,NA,NA,NA,NA,NA,NA,PS,PS,NA
48325801,Networks Barber College,Chicago,IL,0,3,NA,NA,NA,NA,NA,NA,NA,NA,NA,NA,NA,NA,NA,NA,NA,NA,16500,16500,NA
48379901,East-West Healing Arts Institute - Milwaukee,Shorewood,WI,0,3,NA,NA,NA,NA,NA,NA,NA,NA,NA,NA,NA,NA,NA,NA,NA,NA,PS,PS,NA
48387801,Bay Area Medical Academy - San Jose Satellite Location,San Jose,CA,0,3,NA,NA,NA,NA,NA,NA,NA,NA,NA,NA,NA,NA,NA,NA,NA,NA,9089,9089,NA
48400201,High Desert Medical College - Bakerfield,Bakersfield,CA,0,3,NA,NA,NA,NA,NA,NA,NA,NA,NA,NA,NA,NA,NA,NA,NA,NA,13555,13555,NA
48400202,High Desert Medical College - Temecula,Temecula,CA,0,3,NA,NA,NA,NA,NA,NA,NA,NA,NA,NA,NA,NA,NA,NA,NA,NA,13555,13555,NA
48486201,University of West Los Angeles - Chatsworth,Woodland Hills,CA,0,3,NA,NA,NA,NA,NA,NA,NA,NA,NA,NA,NA,NA,NA,NA,NA,NA,NA,NA,NA
48511103,Georgia Military College - Valdosta,Valdosta,GA,0,1,NA,NA,NA,NA,NA,NA,8112,8112,NA,NA,NA,NA,NA,NA,NA,NA,8563,8563,39257
48511104,Georgia Military College - Augusta,Martinez,GA,0,1,NA,NA,NA,NA,NA,NA,8112,8112,NA,NA,NA,NA,NA,NA,NA,NA,8563,8563,39257
48511105,Georgia Military College - Fairburn,Fairburn,GA,0,1,NA,NA,NA,NA,NA,NA,8112,8112,NA,NA,NA,NA,NA,NA,NA,NA,8563,8563,39257
48511106,Georgia Military College - Robins,Warner Robins,GA,0,1,NA,NA,NA,NA,NA,NA,8112,8112,NA,NA,NA,NA,NA,NA,NA,NA,8563,8563,39257
48511107,Georgia Military College - Columbus,Columbus,GA,0,1,NA,NA,NA,NA,NA,NA,8112,8112,NA,NA,NA,NA,NA,NA,NA,NA,8563,8563,39257
48511109,Georgia Military College - Madison,Madison,GA,0,1,NA,NA,NA,NA,NA,NA,8112,8112,NA,NA,NA,NA,NA,NA,NA,NA,8563,8563,39257
48511112,Georgia Military College - Dublin,Dublin,GA,0,1,NA,NA,NA,NA,NA,NA,8112,8112,NA,NA,NA,NA,NA,NA,NA,NA,8563,8563,39257
48511113,Georgia Military College - Rockdale,Conyers,GA,0,1,NA,NA,NA,NA,NA,NA,8112,8112,NA,NA,NA,NA,NA,NA,NA,NA,8563,8563,39257
48616901,American College of Barbering - Florence,Florence,KY,0,3,NA,NA,NA,NA,NA,NA,NA,NA,NA,NA,NA,NA,NA,NA,NA,NA,14143,14143,NA
48839601,Phipps Academy of Barbering - Bradley,Bradley,IL,0,3,NA,NA,NA,NA,NA,NA,NA,NA,NA,NA,NA,NA,NA,NA,NA,NA,9500,9500,NA
48891601,Alabama School of Nail Technology & Cosmetology - Saraland,Saraland,AL,0,3,NA,NA,NA,NA,NA,NA,NA,NA,NA,NA,NA,NA,NA,NA,NA,NA,16500,16500,NA
49005401,HCI College - Fort Lauderdale Campus,Fort Lauderdale,FL,0,3,NA,NA,NA,NA,NA,NA,20838,20838,NA,NA,NA,NA,NA,NA,NA,NA,24149,24149,NA
49010601,Virginia University of Integrative Medicine - New Jersey,Ridgefield,NJ,0,2,NA,NA,NA,NA,NA,NA,NA,NA,NA,NA,NA,NA,NA,NA,NA,NA,NA,NA,NA
49010602,Virginia University of Integrative Medicine - Georgia,Duluth,GA,0,2,NA,NA,NA,NA,NA,NA,NA,NA,NA,NA,NA,NA,NA,NA,NA,NA,NA,NA,NA
49146401,ABC Adult School - Cabrillo Lane,Cerritos,CA,0,1,NA,NA,NA,NA,NA,NA,NA,NA,NA,NA,NA,NA,NA,NA,NA,NA,PS,PS,NA
49158901,Mystros Barber Academy - Missouri City,Missouri City,TX,0,2,NA,NA,NA,NA,NA,NA,NA,NA,NA,NA,NA,NA,NA,NA,NA,NA,PS,PS,NA
49175601,Urban Barber College - San Jose,San Jose,CA,0,3,NA,NA,NA,NA,NA,NA,NA,NA,NA,NA,NA,NA,NA,NA,NA,NA,12365,12365,NA
49175602,Urban Barber College -  Modesto,Modesto,CA,0,3,NA,NA,NA,NA,NA,NA,NA,NA,NA,NA,NA,NA,NA,NA,NA,NA,12365,12365,NA
49178301,Wilton Simpson Technical College,Brooksville,FL,0,1,NA,NA,NA,NA,NA,NA,NA,NA,NA,NA,NA,NA,NA,NA,NA,NA,PS,PS,NA
49362801,Pro Beauty Academy (The) -  Kenilworth,Kenilworth,NJ,0,3,NA,NA,NA,NA,NA,NA,NA,NA,NA,NA,NA,NA,NA,NA,NA,NA,5500,5500,NA
49382201,College Unbound - Newport/Aquidneck Island,Newport,RI,0,2,NA,NA,NA,NA,NA,NA,11016,11016,NA,NA,NA,NA,NA,NA,NA,NA,12500,PS,NA
49425001,Valley College - Fairlawn - School of Nursing,Fairlawn,OH,0,2,NA,NA,NA,NA,NA,NA,NA,NA,NA,NA,NA,NA,NA,NA,NA,NA,9500,9500,24900
49501301,Western Maricopa Education Center - Southwest Campus,Buckeye,AZ,0,1,NA,NA,NA,NA,NA,NA,NA,NA,NA,NA,NA,NA,NA,NA,NA,NA,PS,PS,NA
49501302,Western Maricopa Education Center - Northeast Campus,Phoenix,AZ,0,1,NA,NA,NA,NA,NA,NA,NA,NA,NA,NA,NA,NA,NA,NA,NA,NA,PS,PS,NA
49501303,Western Maricopa Education Center - Northwest Campus,Surprise,AZ,0,1,NA,NA,NA,NA,NA,NA,NA,NA,NA,NA,NA,NA,NA,NA,NA,NA,PS,PS,NA
49664501,Burlington County Institute of Technology - Adult Education -,Medford,NJ,0,1,NA,NA,NA,NA,NA,NA,NA,NA,NA,NA,NA,NA,NA,NA,NA,NA,NA,NA,NA
